seed,device,cell,sample,image_index,total_ms,preprocess_ms,inference_ms,postprocess_ms,detections
260829,1,a,0,0,37.04125600052066,1.0368020011810586,34.52328899584245,1.0020379995694384,16
260829,1,a,1,1,42.1949779993156,7.07434699870646,28.63524400163442,6.007572999806143,1
260829,1,a,2,2,38.35951899236534,1.0891549900406972,35.74736000155099,1.0343729954911396,6
260829,1,a,3,3,43.780124993645586,7.467848001397215,28.8377200049581,6.983393992413767,2
260829,1,a,4,4,37.263755992171355,0.9871840011328459,34.75241000705864,1.0358919971622527,4
260829,1,a,5,5,43.16656899754889,7.038705996819772,28.596239993930794,7.025517013971694,2
260829,1,a,6,6,37.35164199315477,1.0571369930403307,34.79150400380604,1.0113210009876639,2
260829,1,a,7,7,43.6791300016921,7.170133001636714,28.968151993467472,7.046938000712544,3
260829,1,a,8,8,36.10317700076848,1.0794460104079917,33.5005109955091,1.0265339951729402,7
260829,1,a,9,9,39.947708006366156,9.119273992837407,29.307992997928523,1.0302669979864731,16
260829,1,a,10,10,43.52125299919862,7.1189590089488775,28.854151998530142,7.057602997520007,7
260829,1,a,11,11,38.187002995982766,1.061057992046699,35.57625900430139,1.0353029938414693,5
260829,1,a,12,12,43.7851030001184,7.343642006162554,28.89996899466496,7.0451979991048574,7
260829,1,a,13,13,37.33491600723937,1.0533619933994487,34.74873999948613,1.0365320049459115,2
260829,1,a,14,14,43.746802999521606,7.069394996506162,29.180605997680686,7.0130680105648935,1
260829,1,a,15,15,37.73366499808617,1.303119002841413,34.89874400838744,1.0409120004624128,5
260829,1,a,16,0,41.37089601135813,7.061803000397049,27.714034004020505,6.091675997595303,16
260829,1,a,17,1,40.1823590073036,1.1673850094666705,37.466023000888526,1.0326629999326542,1
260829,1,a,18,2,44.16493000462651,7.103438998456113,35.31808400293812,1.252107002073899,6
260829,1,a,19,3,45.99203501129523,7.2956270014401525,30.158100998960435,8.027894000406377,2
260829,1,a,20,4,37.61092100467067,1.0560189984971657,34.964972001034766,1.0865049989661202,4
260829,1,a,21,5,41.394674000912346,4.80116500693839,29.04976499848999,7.033843998215161,2
260829,1,a,22,6,37.279177995515056,1.0339900036342442,34.73710401158314,1.0160810052184388,2
260829,1,a,23,7,43.26856599072926,7.090722996508703,28.596344011020847,7.1202979888767,3
260829,1,a,24,8,36.96537199721206,0.9312680049333721,34.65083200717345,0.9503849869361147,7
260829,1,a,25,9,37.07423899322748,0.9484720067121089,34.706592006841674,0.9864140010904521,16
260829,1,a,26,10,43.08175899495836,7.0138490118552,28.62337300030049,6.9977130042389035,7
260829,1,a,27,11,37.24313100974541,0.9491099917795509,34.81109000858851,1.0277719993609935,5
260829,1,a,28,12,43.71615199488588,7.418156004860066,28.776316001312807,7.048572006169707,7
260829,1,a,29,13,37.06380899529904,0.9572010021656752,34.704063000390306,0.9531350078759715,2
260829,1,a,30,14,37.391944002592936,0.9073569963220507,35.01949799829163,1.0247610043734312,1
260829,1,a,31,15,38.673477989505045,1.315900997724384,35.908721009036526,0.9751229954417795,5
260829,1,a,32,0,37.121266999747604,0.9169690019916743,34.805307994247414,0.9766100120032206,16
260829,1,a,33,1,43.84624400699977,0.9892420057440177,35.069477002252825,1.3299470010679215,1
260829,1,a,34,2,44.83030299888924,8.132243005093187,29.13549600634724,7.0596979930996895,6
260829,1,a,35,3,37.71873899677303,1.3886959932278842,34.888242997112684,0.9757340012583882,2
260829,1,a,36,4,44.30901700106915,6.994464012677781,29.847950994735584,7.003102000453509,4
260829,1,a,37,5,36.91184500348754,0.9919729927787557,34.57535100460518,0.8962160063674673,2
260829,1,a,38,6,36.40145799727179,0.8874789928086102,34.24273998825811,0.8891160105122253,2
260829,1,a,39,7,37.37803400144912,6.882586007122882,29.276444998686202,0.8599680004408583,3
260829,1,a,40,8,36.58082599577028,6.859239001641981,28.38506099942606,0.9632610017433763,7
260829,1,a,41,9,43.083426004159264,0.9935199923347682,28.638200004934333,6.998953002039343,16
260829,1,a,42,10,36.50238300906494,0.8916349906940013,34.32887500093784,0.8987379987956956,7
260829,1,a,43,11,36.811719997785985,0.8791559957899153,34.56591899157502,0.9827620087889954,5
260829,1,a,44,12,43.25917399546597,7.209368995972909,28.638196003157645,6.9607229961548,7
260829,1,a,45,13,36.949953995645046,1.0066510003525764,34.5476849906845,0.9486199996899813,2
260829,1,a,46,14,35.82315699895844,0.911114999325946,33.55617400666233,0.9226110123563558,1
260829,1,a,47,15,44.2545839905506,8.12069400853943,28.729986006510444,6.982083999901079,5
260829,1,a,48,0,37.29536000173539,0.9725139971124008,34.7083910019137,1.158105005742982,16
260829,1,a,49,1,36.578737999661826,6.927665002876893,28.386161997332238,0.8661129977554083,1
260829,1,a,50,2,43.36373800470028,6.881292996695265,29.028998003923334,7.069972998579033,6
260829,1,a,51,3,37.697898005717434,1.4363319933181629,34.854390993132256,0.9173900034511462,2
260829,1,a,52,4,42.545755990431644,0.8875640050973743,28.391405998263508,6.873966995044611,4
260829,1,a,53,5,36.4901290013222,0.8729900000616908,28.381552008795552,6.87676300003659,2
260829,1,a,54,6,34.60559899394866,0.8481849945383146,32.44421900308225,0.9422609873581678,2
260829,1,a,55,7,23.523853000369854,0.9901379962684587,21.165619997191243,0.9368669998366386,3
260829,1,a,56,8,24.506592002580874,3.8333490083459765,19.348460002220236,0.9164139919448644,7
260829,1,a,57,9,27.917095008888282,4.12691300152801,19.45091600646265,3.938616006053053,16
260829,1,a,58,10,27.741854995838366,0.9050919907167554,25.47789999516681,0.9278109937440604,7
260829,1,a,59,11,36.83092899154872,0.881319007021375,34.55596299318131,0.9878050041152164,5
260829,1,a,60,12,43.56053000083193,7.392122992314398,28.749911012710072,6.979546000366099,7
260829,1,a,61,13,36.818895998294465,0.9763490088516846,34.528931995737366,0.8855909982230514,2
260829,1,a,62,14,37.55897399969399,0.8352400036528707,35.491952003212646,0.864432004163973,1
260829,1,a,63,15,36.67490401130635,7.1856019931146875,28.287570996326394,0.8509150065947324,5
260829,1,a,64,0,42.63968800660223,6.890635995659977,28.49230499123223,6.904312991537154,16
260829,1,a,65,1,36.43762299907394,0.9118469897657633,28.276266006287187,6.871420002426021,1
260829,1,a,66,2,36.48280299967155,0.8718860044609755,34.40403699642047,0.8537819958291948,6
260829,1,a,67,3,37.10018999117892,1.2791470071533695,34.544552996521816,0.925935004488565,2
260829,1,a,68,4,43.70391300471965,6.97646799380891,29.220148993772455,7.077939997543581,4
260829,1,a,69,5,37.67438199429307,1.0443789942655712,35.102998997899704,1.0356470011174679,2
260829,1,a,70,6,43.74830699816812,1.0303219896741211,35.22018701187335,1.0035710001830012,2
260829,1,a,71,7,37.44516900042072,1.034685003105551,34.96541199274361,0.9858509874902666,3
260829,1,a,72,8,43.36799500742927,0.9634430025471374,34.95381800166797,0.9921909950207919,7
260829,1,a,73,9,36.88399400562048,1.0114949982380494,34.54917299677618,0.8877770014805719,16
260829,1,a,74,10,36.48191099637188,6.869126998935826,28.408851998392493,0.8504290017299354,7
260829,1,a,75,11,42.49620898917783,0.8685250068083405,28.412019004463218,6.855574989458546,5
260829,1,a,76,12,36.93953399488237,1.3495349994627759,34.38609100703616,0.8551210048608482,7
260829,1,a,77,13,36.40297400124837,0.8663269982207566,34.327682995353825,0.8689999958733097,2
260829,1,a,78,14,36.62627800076734,0.8193760004360229,34.57846998935565,0.8804910030448809,1
260829,1,a,79,15,43.66272300831042,7.2735020075924695,28.96102098748088,7.029793006950058,5
260829,1,a,80,0,37.58318899781443,0.9671139996498823,35.107081988826394,1.0354039986850694,16
260829,1,a,81,1,43.622422992484644,7.091364008374512,35.02162400400266,1.02821399923414,1
260829,1,a,82,2,43.83022901311051,1.0651439952198416,35.21281199937221,1.0418309975648299,6
260829,1,a,83,3,38.12566499982495,1.4513039932353422,35.19259799213614,0.9809750044951215,2
260829,1,a,84,4,43.39133299072273,7.04435000079684,28.862662002211437,7.036060997052118,4
260829,1,a,85,5,36.84254200197756,0.9499819861957803,34.50638499634806,0.9272039897041395,2
260829,1,a,86,6,36.70294600306079,0.9015239920699969,34.51658200356178,0.8832139865262434,2
260829,1,a,87,7,36.72943300625775,6.9733090058434755,28.444362003938295,0.9359100076835603,3
260829,1,a,88,8,43.7789720017463,0.9890540095511824,35.275182002806105,1.0489769920241088,7
260829,1,a,89,9,43.597391006187536,6.996234005782753,29.07431300263852,7.034306006971747,16
260829,1,a,90,10,37.28815300564747,0.9768339950824156,34.84990500146523,0.9858819976216182,7
260829,1,a,91,11,37.02524599793833,0.9595500014256686,34.66565700364299,0.9547299996484071,5
260829,1,a,92,12,43.435722996946424,1.396523992298171,34.600002007209696,0.9975400025723502,7
260829,1,a,93,13,37.096169995493256,0.9805159934330732,34.643565013539046,1.0182350088143721,2
260829,1,a,94,14,43.6621440021554,7.008193992078304,29.00519999093376,7.182218003435992,1
260829,1,a,95,15,37.6525690080598,1.279166986932978,34.916248987428844,0.9722579998197034,5
260829,1,a,96,0,43.54873800184578,7.018793010502122,28.99627899751067,7.075817004078999,16
260829,1,a,97,1,37.428452997119166,1.0415330034447834,34.95659399777651,0.9686970006441697,1
260829,1,a,98,2,43.25756600883324,7.002261001616716,28.812570992158726,7.002829996054061,6
260829,1,a,99,3,37.50542200577911,1.3580539962276816,34.80886800389271,0.9131059923674911,2
260829,1,a,100,4,42.92028400232084,6.946883004275151,28.654715002630837,6.921658001374453,4
260829,1,a,101,5,36.82621399639174,0.8707050001248717,34.621500002685934,0.955003997660242,2
260829,1,a,102,6,37.619516006088816,0.9591179987182841,35.13804801332299,1.0837559966603294,2
260829,1,a,103,7,44.91212300490588,1.1968699982389808,37.05136101052631,1.0776760027511045,3
260829,1,a,104,8,44.605303002754226,1.1087379971286282,35.88442399632186,1.063342991983518,7
260829,1,a,105,9,44.18039800657425,7.122159004211426,35.52384900103789,1.0477229952812195,16
260829,1,a,106,10,43.81874900718685,1.0311150108464062,35.27319600107148,7.030200998997316,7
260829,1,a,107,11,37.33182200812735,1.0050020064227283,34.94794499420095,0.920070000574924,5
260829,1,a,108,12,43.654865003190935,7.390375991235487,28.883134000352584,6.978513003559783,7
260829,1,a,109,13,37.34962100861594,0.9274549956899136,35.06728200591169,0.9515279962215573,2
260829,1,a,110,14,37.227197986794636,0.8886970026651397,35.02749200561084,0.9040519944392145,1
260829,1,a,111,15,38.44297899922822,1.3160310045350343,35.436581005342305,1.2426089961081743,5
260829,1,a,112,0,55.47433900937904,7.516698999097571,46.2591120012803,1.113029007683508,16
260829,1,a,113,1,17.653098999289796,1.260635006474331,11.722851995727979,1.1053759953938425,1
260829,1,a,114,2,15.060482997796498,1.2159580073785037,12.128223999752663,1.179464001324959,6
260829,1,a,115,3,15.620069010765292,1.6964020032901317,12.206829997012392,1.1570400092750788,2
260829,1,a,116,4,15.192095990641974,1.2560920004034415,12.207823994685896,1.181116997031495,4
260829,1,a,117,5,15.129109000554308,1.2304679985390976,12.168020999524742,1.179080005385913,2
260829,1,a,118,6,28.000106001854874,1.2707400019280612,24.930472995038144,1.2278509966563433,2
260829,1,a,119,7,20.21393700852059,4.412055990542285,14.169977002893575,1.0729850037023425,3
260829,1,a,120,8,14.07214799837675,1.0640140098985285,11.176437998074107,1.2969009985681623,7
260829,1,a,121,9,15.844002991798334,1.3310259964782745,12.666993992752396,1.26248000015039,16
260829,1,a,122,10,15.74230199912563,1.2481940066209063,12.672134005697444,1.2178650067653507,7
260829,1,a,123,11,28.589713998371735,1.3730439968639985,22.370032995240763,4.264930990757421,5
260829,1,a,124,12,27.62476798670832,1.4977179962443188,24.493315009749494,1.0844369971891865,7
260829,1,a,125,13,27.666195994243026,1.0870849946513772,22.01413200236857,1.058672001818195,2
260829,1,a,126,14,28.830322989961132,4.074056007084437,20.164704998023808,4.040598010760732,1
260829,1,a,127,15,24.340226998901926,1.3446170050883666,21.454879999510013,1.041409996105358,5
260829,1,a,128,0,24.84429400647059,4.071945004398003,19.24675800546538,1.0223610006505623,16
260829,1,a,129,1,29.03569799673278,1.0873749997699633,23.39036000194028,1.0593280021566898,1
260829,1,a,130,2,17.78650800406467,4.135637005674653,12.054957987857051,1.0807640064740553,6
260829,1,a,131,3,26.46096500393469,1.2997840094612911,23.446635008440353,1.1993899970548227,2
260829,1,a,132,4,29.19165500497911,1.0920089989667758,23.441520999767818,1.1284630018053576,4
260829,1,a,133,5,29.654286001459695,4.151981003815308,23.874701000750065,1.1005190026480705,2
260829,1,a,134,6,29.166384993004613,4.114848998142406,20.423259993549436,4.094504009117372,2
260829,1,a,135,7,29.151689013815485,1.1154770036228001,23.439197000698186,4.083074003574438,3
260829,1,a,136,8,25.873923004837707,1.079223002307117,23.22108601219952,1.0678010003175586,7
260829,1,a,137,9,29.68798299843911,4.1881299985107034,23.66079099010676,1.3132890017004684,16
260829,1,a,138,10,36.23207799682859,4.7028039989527315,29.71147200150881,1.2111690011806786,7
260829,1,a,139,11,29.09804899536539,4.478329006815329,22.844102990347892,1.2083150068065152,5
260829,1,a,140,12,18.521126999985427,1.6196460055653006,15.284702996723354,1.0667070018826053,7
260829,1,a,141,13,31.749764006235637,1.2708599970210344,28.65283600112889,1.2873779924120754,2
260829,1,a,142,14,34.49978999560699,4.305063994252123,25.325836992124096,4.282624009647407,1
260829,1,a,143,15,25.36720799980685,1.4907659933669493,22.208063004654832,1.114009995944798,5
260829,1,a,144,0,14.222418001736514,1.1327999964123592,11.509802003274672,1.0474750015418977,16
260829,1,a,145,1,18.07531400118023,3.988616997958161,12.537173010059632,1.0270280035911128,1
260829,1,a,146,2,41.84904399153311,4.55147099273745,35.3452190029202,1.3743699964834377,6
260829,1,a,147,3,20.952109989593737,7.019940996542573,12.335141000221483,1.0491610009921715,2
260829,1,a,148,4,13.334439994650893,1.0530529980314896,10.867439006688073,0.932377006392926,4
260829,1,a,149,5,15.728719998151064,0.8976819954114035,13.506803996278904,0.9329059976153076,2
260829,1,a,150,6,25.077719998080283,0.9004400053527206,22.78315600415226,0.9996779990615323,2
260829,1,a,151,7,28.47764900070615,1.111101999413222,22.926764999283478,0.9794719953788444,3
260829,1,a,152,8,25.07970698934514,0.9488490031799302,22.58570698904805,1.1199839937034994,7
260829,1,a,153,9,28.05818100750912,3.963092007325031,18.746161003946327,4.95274098648224,16
260829,1,a,154,10,18.620774004375562,0.9049789950950071,16.302989999530837,0.9985659999074414,7
260829,1,a,155,11,12.798567011486739,0.9606420062482357,10.509893007110804,0.8939919935073704,5
260829,1,a,156,12,12.767673004418612,1.3173530023777857,10.223385994322598,0.8529110054951161,7
260829,1,a,157,13,12.264500997844152,0.8761700009927154,10.20740500825923,0.8263089985121042,2
260829,1,a,158,14,12.186706997454166,0.8224350021919236,10.16136899124831,0.8605689945397899,1
260829,1,a,159,15,12.836741007049568,1.2105990026611835,10.403763997601345,0.8792820008238778,5
260829,1,a,160,0,12.547324993647635,0.8650070085423067,10.425810003653169,0.9021290024975315,16
260829,1,a,161,1,12.615594998351298,0.9298410004703328,10.47929300693795,0.8617489947937429,1
260829,1,a,162,2,12.497093994170427,0.8833520114421844,10.392530006356537,0.8747220126679167,6
260829,1,a,163,3,13.020127997151576,1.3253140059532598,10.479581003892235,0.8695529977558181,2
260829,1,a,164,4,12.573151005199179,0.8703420025995001,10.487677995115519,0.8695210126461461,4
260829,1,a,165,5,12.592330007464625,0.8820399962132797,10.451505993842147,0.8939590043155476,2
260829,1,a,166,6,12.61568498739507,0.8812010055407882,10.469803004525602,0.8881990070221946,2
260829,1,a,167,7,12.996550998650491,0.9600479970686138,10.650683994754218,0.990952001302503,3
260829,1,a,168,8,12.911409998196177,0.9912219975376502,10.528619008255191,0.9497499995632097,7
260829,1,a,169,9,13.34049399883952,0.9844139858614653,10.877799009904265,1.040424991515465,16
260829,1,a,170,10,13.866883993614465,1.0357909923186526,11.059825992560945,1.2843559961766005,7
260829,1,a,171,11,14.07535100588575,1.0436869924888015,11.444325995398685,1.075306994607672,5
260829,1,a,172,12,14.646879993961193,1.5879139973549172,11.44211100472603,1.086061995010823,7
260829,1,a,173,13,13.995357003295794,1.120926986914128,11.28969200362917,1.085215000784956,2
260829,1,a,174,14,14.008919999469072,1.083715003915131,11.33701800426934,1.0914340091403574,1
260829,1,a,175,15,14.185051986714825,1.3857879966963083,11.28232799237594,1.0206390143139288,5
260829,1,a,176,0,13.590157992439345,0.9834030061028898,11.039365999749862,1.0940929932985455,16
260829,1,a,177,1,17.410109998309053,1.1799149942817166,14.457388009759597,1.2386710004648194,1
260829,1,a,178,2,16.436585006886162,1.2257160124136135,13.512334000552073,1.135812999564223,6
260829,1,a,179,3,16.214260991546325,1.5627629909431562,13.006847992073745,1.1517300008563325,2
260829,1,a,180,4,15.544580004643649,1.083601004211232,12.73882799432613,1.219225989188999,4
260829,1,a,181,5,15.702506992965937,1.0889310069615021,12.90037100261543,1.1860240047099069,2
260829,1,a,182,6,15.969248008332215,1.1847949936054647,13.018607991398312,1.2101229949621484,2
260829,1,a,183,7,16.009670012863353,1.2539369927253574,12.980152008822188,1.1987799953203648,3
260829,1,a,184,8,23.918357997899875,3.941832997952588,18.439858002238907,0.9656439942773432,7
260829,1,a,185,9,12.71209100377746,0.9500390005996451,10.33121500222478,0.9776410006452352,16
260829,1,a,186,10,12.78331599314697,0.9659099887358025,10.424933992908336,0.9466969931963831,7
260829,1,a,187,11,12.591058999532834,0.9303949918830767,10.319534005247988,0.9181469940813258,5
260829,1,a,188,12,13.176387001294643,1.3463850045809522,10.476851995917968,0.9318299998994917,7
260829,1,a,189,13,12.63243799621705,0.9249919967260212,10.376025005825795,0.9159069886663929,2
260829,1,a,190,14,12.447410001186654,0.8743359940126538,10.276015003910288,0.8827230049064383,1
260829,1,a,191,15,12.704745997325517,1.195753997308202,10.252640990074724,0.8852710016071796,5
260829,1,a,192,0,12.549402003060095,0.857720006024465,10.366046990384348,0.9379539988003671,16
260829,1,a,193,1,12.622034002561122,0.9506789938313887,10.35337800567504,0.9222130029229447,1
260829,1,a,194,2,12.754752999171615,0.9250490111298859,10.4357300006086,0.9746940049808472,6
260829,1,a,195,3,13.267524002003483,1.4283670025179163,10.398295009508729,0.9642609948059544,2
260829,1,a,196,4,12.878854002337903,0.967668995144777,10.433224000735208,1.0071160068036988,4
260829,1,a,197,5,12.878251989604905,0.9947119979187846,10.446351996506564,0.9652190055930987,2
260829,1,a,198,6,12.736204997054301,0.9671360021457076,10.34395000897348,0.970326000242494,2
260829,1,a,199,7,12.928351003210992,0.9966549987439066,10.487532999832183,1.0000600013881922,3
260829,1,b,0,0,25.136747004580684,0.9724840056151152,23.360238992609084,0.35386899253353477,14
260829,1,b,1,1,24.61518900236115,3.8829490076750517,19.968477005022578,0.32490499143023044,1
260829,1,b,2,2,27.71659000427462,3.931590006686747,20.046082005137578,3.3424080029362813,7
260829,1,b,3,3,25.04831198893953,1.3145170087227598,22.98936599981971,0.3380259877303615,2
260829,1,b,4,4,29.87701700476464,0.8867770084179938,28.14488000876736,0.4359110025689006,3
260829,1,b,5,5,30.751965998206288,1.1677809961838648,28.628297994146124,0.41835400043055415,2
260829,1,b,6,6,30.32697799790185,4.095291005796753,25.34089000255335,0.3889139916282147,2
260829,1,b,7,7,40.65721698862035,4.048739996505901,35.90166200592648,0.29404900851659477,3
260829,1,b,8,8,20.904050004901364,0.807668999186717,19.469102000584826,0.29668500064872205,7
260829,1,b,9,9,23.97469899733551,0.8779070049058646,19.45065800100565,0.30875000811647624,13
260829,1,b,10,10,27.33514699502848,0.8599779976066202,19.7954230097821,3.3265999954892322,7
260829,1,b,11,11,24.476310005411506,0.8790769934421405,22.888507999596186,0.33328500285279006,4
260829,1,b,12,12,24.967798992292956,1.3196660001995042,22.881205994053744,0.35844999365508556,9
260829,1,b,13,13,25.160207005683333,3.9900950068840757,20.372047001728788,0.3535150026436895,2
260829,1,b,14,14,27.517802009242587,0.8748809923417866,19.883461005520076,3.3221909980056807,0
260829,1,b,15,15,24.877948002540506,1.2122690095566213,22.957321009016596,0.3305790014564991,4
260829,1,b,16,0,24.453658988932148,0.8820590010145679,22.8745920030633,0.3239319921704009,14
260829,1,b,17,1,24.51534799183719,0.9088000078918412,22.908950006240048,0.324573993566446,1
260829,1,b,18,2,24.55746300984174,3.8810450059827417,19.93189200584311,0.37746400630567223,7
260829,1,b,19,3,28.034907998517156,1.3359069998841733,22.97662998898886,0.33784599509090185,2
260829,1,b,20,4,25.25770998909138,0.9136119915638119,23.529154001153074,0.3900150040863082,3
260829,1,b,21,5,28.7553329981165,4.116695010452531,23.750426989863627,0.3755850048037246,2
260829,1,b,22,6,25.392647003172897,1.062555005773902,23.477370996261016,0.368200009688735,2
260829,1,b,23,7,28.18485199532006,4.038789993501268,23.266903997864574,0.40831899968907237,3
260829,1,b,24,8,24.799845996312797,0.9388170001329854,23.075844001141377,0.3495940036373213,7
260829,1,b,25,9,24.911985994549468,0.929169007577002,23.2154539990006,0.3524729982018471,13
260829,1,b,26,10,24.650912993820384,3.929316997528076,19.968221997260116,0.331039002048783,7
260829,1,b,27,11,27.82696799840778,0.9405510063515976,23.119866993511096,0.3408499906072393,4
260829,1,b,28,12,25.27642399945762,1.3828429946443066,23.116284995921887,0.3382319991942495,9
260829,1,b,29,13,24.81057299883105,3.9821730024414137,20.082866001757793,0.33664600050542504,2
260829,1,b,30,14,27.675813995301723,0.8932350028771907,23.08539699879475,0.2764599921647459,0
260829,1,b,31,15,25.085326997213997,1.2610240082722157,23.081356994225644,0.32838199695106596,4
260829,1,b,32,0,24.877175004803576,0.8849299920257181,23.22288700088393,0.3757049998966977,14
260829,1,b,33,1,28.149274992756546,4.108797991648316,23.219863011036068,0.3518799931043759,1
260829,1,b,34,2,24.80521399411373,0.9795809892239049,23.02451300784014,0.3496389981592074,7
260829,1,b,35,3,25.43993499421049,4.385092994198203,20.251041001756676,0.36748799902852625,2
260829,1,b,36,4,25.21722699748352,1.0137240024050698,23.360619001323357,0.36343200190458447,3
260829,1,b,37,5,24.92796300793998,0.9651909931562841,23.167825012933463,0.35299500450491905,2
260829,1,b,38,6,28.04919499612879,3.9641860057599843,20.267077008611523,3.378998997504823,2
260829,1,b,39,7,25.585234005120583,1.0795369889819995,23.631193005712703,0.3838039992842823,3
260829,1,b,40,8,28.584697007318027,4.150273001869209,20.539654011372477,3.382121998583898,7
260829,1,b,41,9,25.345435002236627,1.0325269977329299,23.456867013010196,0.3709670127136633,13
260829,1,b,42,10,28.41790499223862,4.030828989925794,20.504162996076047,3.3874009968712926,7
260829,1,b,43,11,25.512933993013576,1.0339459986425936,23.582854002597742,0.3915650013368577,4
260829,1,b,44,12,29.069555006572045,4.513678009971045,23.64724499057047,0.3842229925794527,9
260829,1,b,45,13,25.425302010262385,1.0644739959388971,23.49304800736718,0.3821279969997704,2
260829,1,b,46,14,28.470142002333887,4.004697009804659,23.66874599829316,0.30936699477024376,0
260829,1,b,47,15,29.237237002234906,1.425294001819566,23.940391998621635,0.37145300302654505,4
260829,1,b,48,0,26.076423993799835,1.0174369963351637,24.202624001190998,0.3828549961326644,14
260829,1,b,49,1,25.666062996606342,1.0031709971372038,23.80473200173583,0.38082800165284425,1
260829,1,b,50,2,28.84970601007808,1.0669350012904033,23.879348998889327,0.39353600004687905,7
260829,1,b,51,3,26.238373000524007,1.585374993737787,23.749605999910273,0.3765050059882924,2
260829,1,b,52,4,29.842878997442313,4.680000987718813,21.275292005157098,0.3890289954142645,3
260829,1,b,53,5,25.323654001113027,1.0123289976036176,23.484902994823642,0.3496089921100065,2
260829,1,b,54,6,28.640448988880962,3.9644140051677823,23.860550005338155,0.3838909906335175,2
260829,1,b,55,7,26.2967309972737,1.0583650000626221,24.34688799257856,0.38987500010989606,3
260829,1,b,56,8,25.141467005596496,3.9661240007262677,20.381515991175547,0.3385599993634969,7
260829,1,b,57,9,28.0449659912847,3.8858019979670644,20.405129995197058,3.363662995980121,13
260829,1,b,58,10,25.295808009104803,0.9312449983553961,23.52185599738732,0.39594298868905753,7
260829,1,b,59,11,26.190926000708714,4.030954994959757,21.292488992912695,0.3529740060912445,4
260829,1,b,60,12,28.94435699272435,1.4368400006787851,23.716527997748926,0.3386839962331578,9
260829,1,b,61,13,28.31795001111459,4.2083479929715395,23.358873993856832,0.3566429950296879,2
260829,1,b,62,14,27.98826200887561,3.8725699996575713,20.38336399709806,3.3006169978762046,0
260829,1,b,63,15,26.864731989917345,1.3509319978766143,24.65696498984471,0.36889199691358954,4
260829,1,b,64,0,28.69994199136272,4.0208659920608625,23.84061699558515,0.36598899168893695,14
260829,1,b,65,1,24.98385500803124,0.9398510010214522,23.21768600086216,0.3593970031943172,1
260829,1,b,66,2,26.268018991686404,4.950613001710735,20.46413799689617,0.39094898966141045,7
260829,1,b,67,3,26.099876005901024,1.4697210135636851,23.780894000083208,0.3511560062179342,2
260829,1,b,68,4,25.44675899844151,3.920026996638626,20.772395000676624,0.35532499896362424,3
260829,1,b,69,5,28.028807006194256,4.00833498861175,23.26303199515678,0.323789005051367,2
260829,1,b,70,6,23.995099996682256,0.8816720073809847,22.39395200740546,0.3491280076559633,2
260829,1,b,71,7,23.847201009630226,0.9746509895194322,22.11566000187304,0.34494099963922054,3
260829,1,b,72,8,29.18677199340891,0.9481729939579964,27.39965499495156,0.39314100285992026,7
260829,1,b,73,9,25.765476006199606,1.0918299958575517,23.778096001478843,0.38049501017667353,13
260829,1,b,74,10,28.800847998354584,1.0348700016038492,23.88678799616173,3.3920930000022054,7
260829,1,b,75,11,26.40471700578928,1.074703992344439,24.438295993604697,0.3700929955812171,4
260829,1,b,76,12,29.342078996705823,4.456242008018307,24.013213012949564,0.3899019939126447,9
260829,1,b,77,13,26.6038510017097,1.0456369927851483,24.69381899572909,0.3826289903372526,2
260829,1,b,78,14,28.831282004830427,1.0548849968472496,23.949655995238572,0.32550499599892646,0
260829,1,b,79,15,30.49833601107821,4.52151799981948,25.054364014067687,0.40052601252682507,4
260829,1,b,80,0,29.50423301081173,1.1784929956775159,27.3313740035519,0.4109330038772896,14
260829,1,b,81,1,26.16892800142523,1.1892800102941692,24.047088998486288,0.382808007998392,1
260829,1,b,82,2,31.88675300043542,1.0246320016449317,26.99404700251762,0.36264199297875166,7
260829,1,b,83,3,23.103176994482055,1.3972470042062923,20.909261002088897,0.3495860000839457,2
260829,1,b,84,4,28.38403999339789,0.9629670094000176,23.628533992450684,0.35959600063506514,3
260829,1,b,85,5,28.234910991159268,0.9579909965395927,24.072297994280234,0.38824901275802404,2
260829,1,b,86,6,27.042650996008888,1.128046991652809,24.94991601270158,0.4014000005554408,2
260829,1,b,87,7,26.204701003734954,4.140908000408672,21.16565901087597,0.3825690073426813,3
260829,1,b,88,8,30.185821000486612,1.0750980000011623,24.210506002418697,0.37955399602651596,7
260829,1,b,89,9,26.70954899804201,1.0870239930227399,24.680989008629695,0.3973340062657371,13
260829,1,b,90,10,28.8674390030792,1.060375987435691,23.878623003838584,0.3964360075769946,7
260829,1,b,91,11,28.773856000043452,4.110408990527503,23.726901999907568,0.40106900269165635,4
260829,1,b,92,12,27.139771002111956,1.4125419984338805,24.83520000532735,0.37424798938445747,9
260829,1,b,93,13,29.089471994666383,4.063511994900182,24.143021000782028,0.38296901038847864,2
260829,1,b,94,14,25.720524005009793,4.014776990516111,20.927756995661184,0.28924099751748145,0
260829,1,b,95,15,28.811397001845762,4.282113004592247,23.703135011601262,0.37001400778535753,4
260829,1,b,96,0,25.005939998663962,0.9703019895823672,23.185533995274454,0.39168600051198155,14
260829,1,b,97,1,29.4754019996617,5.035115987993777,23.557898006401956,0.3962500049965456,1
260829,1,b,98,2,25.892100005876273,1.1853570031234995,23.846310999942943,0.3566899977158755,7
260829,1,b,99,3,29.36030100681819,4.083847001311369,24.501963998773135,0.34769299963954836,2
260829,1,b,100,4,25.03454299585428,0.887948990566656,23.379226986435242,0.3524880012264475,3
260829,1,b,101,5,28.02272400003858,3.937517001759261,20.298171002650633,0.3429329954087734,2
260829,1,b,102,6,25.886404007906094,0.972170993918553,24.06861199415289,0.39204300264827907,2
260829,1,b,103,7,29.314527986571193,4.2134859977522865,24.180200009141117,0.395362003473565,3
260829,1,b,104,8,29.13742199598346,1.0825819917954504,24.119676992995664,3.4132690052501857,7
260829,1,b,105,9,26.026229999843054,1.067841993062757,23.925522997160442,0.5278150056255981,13
260829,1,b,106,10,28.962341995793395,4.078521000337787,24.00821899937,0.39648399979341775,7
260829,1,b,107,11,29.610383993713185,1.0486639948794618,24.689596000825986,0.3829280030913651,4
260829,1,b,108,12,26.421568996738642,1.4857380010653287,24.060918993200175,0.3701499954331666,9
260829,1,b,109,13,29.066760995192453,4.04688500566408,24.165825991076417,0.37413999962154776,2
260829,1,b,110,14,25.728330001584254,0.992294997558929,23.941578008816577,0.30939100543037057,0
260829,1,b,111,15,28.395489003742114,4.219141002977267,23.30160299607087,0.3805250016739592,4
260829,1,b,112,0,26.764776004711166,0.9876529948087409,24.928427999839187,0.37996300670783967,14
260829,1,b,113,1,28.869401998235844,4.095456009963527,23.93032998952549,0.361453989171423,1
260829,1,b,114,2,25.433823000639677,0.967570987995714,23.681888997089118,0.3483740001684055,7
260829,1,b,115,3,29.019800989772193,4.460912008653395,23.770033003529534,0.3613359876908362,2
260829,1,b,116,4,24.693908999324776,0.9764040005393326,22.875889000715688,0.36253999860491604,3
260829,1,b,117,5,29.540297007770278,4.9984790093731135,23.68966599169653,0.3819089906755835,2
260829,1,b,118,6,26.095886991242878,4.458949988475069,20.79927899467293,0.363362007192336,2
260829,1,b,119,7,29.610951998620294,4.038457002025098,24.751320990617387,0.37035300920251757,3
260829,1,b,120,8,25.533100008033216,1.0004049981944263,23.699495010077953,0.36162600736133754,7
260829,1,b,121,9,25.65182000398636,0.9681179944891483,23.887560004368424,0.35936199128627777,13
260829,1,b,122,10,28.208511997945607,3.925504002836533,20.529096000245772,3.3515230024931952,7
260829,1,b,123,11,25.102155006607063,0.9634849993744865,23.357367012067698,0.3424479946261272,4
260829,1,b,124,12,29.181505989981815,4.382457002066076,24.01727100368589,0.36010700569022447,9
260829,1,b,125,13,25.322018002043478,0.9949980012606829,23.495886009186506,0.3560759942047298,2
260829,1,b,126,14,25.362851010868326,0.8982930012280121,23.759691990562715,0.2823329996317625,0
260829,1,b,127,15,29.89367299596779,2.1479010028997436,23.885314993094653,3.412942009163089,4
260829,1,b,128,0,26.132257000426762,1.1204369948245585,24.12366100179497,0.36594399716705084,14
260829,1,b,129,1,28.760791989043355,4.06242799363099,20.89118199364748,3.353235006215982,1
260829,1,b,130,2,25.392611001734622,0.9250209986930713,23.681007005507126,0.3646809927886352,7
260829,1,b,131,3,29.64868099661544,4.4041949877282605,20.330496001406573,4.4241009891266,2
260829,1,b,132,4,29.780331009533256,1.1830199946416542,27.657881000777707,0.3946979995816946,3
260829,1,b,133,5,26.224800996715203,1.13080300798174,24.177337996661663,0.3908910002792254,2
260829,1,b,134,6,29.260344002977945,1.0721220023697242,27.27964401128702,0.4008840041933581,2
260829,1,b,135,7,25.656878991867416,1.101354995626025,23.67509300529491,0.36765000550076365,3
260829,1,b,136,8,28.640525008086115,3.99801300955005,23.820539005100727,0.36705601087305695,7
260829,1,b,137,9,32.69060200545937,0.9807829919736832,30.772491998504847,0.4461290081962943,13
260829,1,b,138,10,33.866017998661846,1.447190996259451,28.01781399466563,0.4588810115819797,7
260829,1,b,139,11,15.29490199754946,1.2699619983322918,13.052505993982777,0.3914030094165355,4
260829,1,b,140,12,15.7585880078841,1.5886480105109513,13.205480005126446,0.4294740065233782,9
260829,1,b,141,13,15.916759002720937,1.3155630003893748,13.547762006055564,0.43605000246316195,2
260829,1,b,142,14,15.61738298914861,1.2489360087784007,13.418754999293014,0.36548799835145473,0
260829,1,b,143,15,16.045205004047602,1.62741300300695,13.397524002357386,0.43872201058547944,4
260829,1,b,144,0,15.865084002143703,1.2844599987147376,13.540259009459987,0.4528819990810007,14
260829,1,b,145,1,15.302183994208463,1.2879330024588853,13.019190999330021,0.43135399755556136,1
260829,1,b,146,2,15.254247991833836,1.2340559915173799,13.034615010838024,0.42679801117628813,7
260829,1,b,147,3,14.716514997417107,1.5601420018356293,12.22369600145612,0.39074799860827625,2
260829,1,b,148,4,13.962418990558945,1.0471959976712242,11.831575000542216,0.5801690131193027,3
260829,1,b,149,5,31.96108499832917,1.0101119987666607,29.948235998745076,0.4895349993603304,2
260829,1,b,150,6,27.364157998817973,4.629133007256314,21.641148006892763,0.42830499296542257,2
260829,1,b,151,7,26.675528002670035,1.2281420058570802,24.445328002911992,0.4213049978716299,3
260829,1,b,152,8,29.37233001284767,4.157999996095896,24.256234013591893,0.40744399302639067,7
260829,1,b,153,9,42.553104998660274,4.277750995242968,37.310874002287164,0.41577700176276267,13
260829,1,b,154,10,35.38981999736279,1.0579240042716265,33.447338006226346,0.38759500603191555,7
260829,1,b,155,11,24.647733007441275,1.051665996783413,22.732319004717283,0.3723450063262135,4
260829,1,b,156,12,14.436099998420104,1.4436359924729913,12.149563001003116,0.3817859978880733,9
260829,1,b,157,13,44.677908008452505,1.1457549990154803,42.536685010418296,0.4945029941154644,2
260829,1,b,158,14,73.35279500694014,1.773001000401564,70.44253699132241,0.5316689930623397,0
260829,1,b,159,15,80.31944101094268,8.525555007508956,64.29331100662239,6.690320005873218,4
260829,1,b,160,0,82.12506900599692,1.750481009366922,78.77374300733209,0.7690680067753419,14
260829,1,b,161,1,89.45558400591835,8.137122000334784,79.68354799959343,0.7514219905715436,1
260829,1,b,162,2,89.18054500827566,7.783176013617776,73.75740898714866,6.785068995668553,7
260829,1,b,163,3,62.25889400229789,8.718274999409914,48.321973998099566,0.7101700030034408,2
260829,1,b,164,4,42.55149399978109,4.969497997080907,36.05507499014493,0.6529709935421124,3
260829,1,b,165,5,50.07525499968324,1.7717479931889102,46.68750301061664,0.7662889984203503,2
260829,1,b,166,6,59.28618399775587,2.0334579894552007,49.64134299370926,3.661923998151906,2
260829,1,b,167,7,48.30744500213768,1.7821590008679777,42.09728400746826,0.6238729984033853,3
260829,1,b,168,8,47.678972987341695,4.560831002891064,38.760135998018086,3.6260649940231815,7
260829,1,b,169,9,41.34431199054234,1.5859279956202954,38.406785010010935,0.6271550082601607,13
260829,1,b,170,10,30.935002010664903,1.7447120044380426,27.769205000367947,0.647560998913832,7
260829,1,b,171,11,48.32409899972845,4.5772950106766075,42.29258999112062,0.6662340019829571,4
260829,1,b,172,12,49.332350012264214,5.497806996572763,42.38678599358536,0.6565379881067201,9
260829,1,b,173,13,51.476979002472945,1.7204560135724023,42.29606699664146,3.633656000602059,2
260829,1,b,174,14,48.521744000026956,1.6422269982285798,42.478543997276574,3.5842270008288324,0
260829,1,b,175,15,30.092494998825714,5.230231996392831,23.713905000477098,0.37342299765441567,4
260829,1,b,176,0,25.270596001064405,1.1690050014294684,23.241276008775458,0.3581890050554648,14
260829,1,b,177,1,28.821155996411107,4.389895009808242,23.543204995803535,0.38963599945418537,1
260829,1,b,178,2,25.391022994881496,1.2195449962746352,23.2418429950485,0.38552099431399256,7
260829,1,b,179,3,28.118813992477953,4.3196439946768805,22.95972300635185,0.3591450076783076,2
260829,1,b,180,4,24.74796299065929,1.0048820113297552,22.943614996620454,0.3464759938651696,3
260829,1,b,181,5,24.317108996910974,1.0014870058512315,22.550965994014405,0.3390749916434288,2
260829,1,b,182,6,24.47103799204342,0.9530930110486224,22.759831001167186,0.33152200921904296,2
260829,1,b,183,7,24.19594200910069,4.029809992061928,19.456680995062925,0.3175979945808649,3
260829,1,b,184,8,23.875961007433943,3.8540730020031333,19.354962001671083,0.3057750000152737,7
260829,1,b,185,9,23.81297800457105,3.8693579990649596,19.310539006255567,0.29218300187494606,13
260829,1,b,186,10,23.523533003753982,3.8009480049367994,19.10288300132379,0.2929339971160516,7
260829,1,b,187,11,23.552184997242875,0.8233889966504648,22.106313990661874,0.3014429967151955,4
260829,1,b,188,12,24.10864100966137,1.2614549923455343,22.208171998499893,0.3036480047740042,9
260829,1,b,189,13,23.639905994059518,0.8897350053302944,22.11124300083611,0.29487599385902286,2
260829,1,b,190,14,23.526263001258485,0.809278993983753,22.14922300481703,0.2348120033275336,0
260829,1,b,191,15,23.7047750124475,1.000772012048401,19.07887400011532,3.302701996290125,4
260829,1,b,192,0,20.70267499948386,0.8303929935209453,19.23076598905027,0.30464300652965903,14
260829,1,b,193,1,27.235236993874423,0.9552999981679022,19.557623003493063,0.33795299532357603,1
260829,1,b,194,2,24.561736005125567,0.9324369893874973,22.90949400048703,0.3044420009246096,7
260829,1,b,195,3,24.305418992298655,1.096780993975699,22.5113920023432,0.3343410062370822,2
260829,1,b,196,4,24.11670799483545,0.9138840105151758,22.493855009088293,0.3083729970967397,3
260829,1,b,197,5,23.69114699831698,0.8533619984518737,22.17582199955359,0.29845999961253256,2
260829,1,b,198,6,23.64317700266838,0.8624719921499491,22.147151990793645,0.29455999901983887,2
260829,1,b,199,7,23.626087000593543,0.8739930053707212,19.128379004541785,3.298758005257696,3
260829,1,c,0,0,24.572096997871995,0.7949550054036081,22.670853999443352,0.7779709994792938,16
260829,1,c,1,1,24.34536699729506,0.8123809966491535,22.41934799531009,0.7830389949958771,1
260829,1,c,2,2,24.5905090123415,0.8818219939712435,22.605114994803444,0.7841699989512563,5
260829,1,c,3,3,25.002686001244,1.2176790041849017,22.650954007986,0.7997229986358434,2
260829,1,c,4,4,24.4863109983271,0.8128269982989877,22.5546680012485,0.7897900068201125,4
260829,1,c,5,5,24.44200801255647,0.8111580100376159,22.515269010909833,0.7821220060577616,2
260829,1,c,6,6,24.274441006127745,0.813459002529271,22.36604000790976,0.7702519942540675,3
260829,1,c,7,7,24.329503008630127,0.887109010363929,22.356515008141287,0.7684359879931435,3
260829,1,c,8,8,24.145702991518192,0.8709260000614449,22.188975010067225,0.7691400096518919,7
260829,1,c,9,9,24.20656499452889,0.8387670095544308,22.27826499438379,0.7757689891150221,16
260829,1,c,10,10,24.279998004203662,0.7953299937071279,22.35913100594189,0.7875590090407059,8
260829,1,c,11,11,27.547745004994795,0.8301970083266497,25.421580008696765,0.9639560012146831,4
260829,1,c,12,12,29.323256996576674,1.4734430005773902,26.477096995222382,0.9724270057631657,8
260829,1,c,13,13,28.91391700541135,1.040123010170646,26.463307003723457,0.9788930037757382,2
260829,1,c,14,14,28.550139992148615,0.9353799978271127,26.26727799361106,0.933572999201715,1
260829,1,c,15,15,28.942042001290247,1.318114998866804,26.25491499202326,0.974485999904573,5
260829,1,c,16,0,29.373633995419368,0.9863849991234019,26.937147005810402,1.0227189923170954,16
260829,1,c,17,1,28.872100010630675,1.0636520019033924,26.372717999038287,0.9785889997147024,1
260829,1,c,18,2,28.91896798973903,0.9828830079641193,26.526380999712273,0.9867759945336729,5
260829,1,c,19,3,34.44460699392948,1.5011450013844296,31.741111000883393,0.7974930049385875,2
260829,1,c,20,4,24.472518998663872,0.8811070001684129,22.454195001046173,0.7899100019130856,4
260829,1,c,21,5,24.413398001343012,0.815257997601293,22.45652599958703,0.8036960061872378,2
260829,1,c,22,6,24.325888996827416,0.8278099994640797,22.371316998032853,0.7866560044931248,3
260829,1,c,23,7,26.49594699323643,0.8726619998924434,24.28784899530001,0.9770409960765392,3
260829,1,c,24,8,26.40987900667824,1.069158999598585,23.960806996910833,0.8951310010161251,7
260829,1,c,25,9,25.14344800147228,1.004328005365096,22.89167400158476,0.8105110027827322,16
260829,1,c,26,10,24.559597004554234,0.849705989821814,22.43432999239303,0.902095009223558,8
260829,1,c,27,11,26.12803000374697,0.9317249932792038,23.962075007148087,0.8413440082222223,4
260829,1,c,28,12,25.1887229969725,1.2861170107498765,22.747804992832243,0.8049820025917143,8
260829,1,c,29,13,25.056443002540618,0.8886900031939149,23.015637998469174,0.8159549906849861,2
260829,1,c,30,14,25.93462698860094,0.813702994491905,23.661849001655355,1.0937699989881366,1
260829,1,c,31,15,65.3069370018784,1.2683340028161183,62.642486998811364,0.95513099222444,5
260829,1,c,32,0,78.54031800525263,1.0563920077402145,72.61772299534641,1.1344809900037944,16
260829,1,c,33,1,51.418286995613016,1.2073170073563233,45.7781589939259,3.9229850081028417,1
260829,1,c,34,2,50.3529950074153,1.0293139930581674,47.97933099325746,0.8557300025131553,5
260829,1,c,35,3,48.619173001497984,4.312588003813289,43.06310800893698,0.8436959906248376,2
260829,1,c,36,4,50.26258100406267,0.8761750068515539,48.103227993124165,0.8837589994072914,4
260829,1,c,37,5,51.789637000183575,0.9531629912089556,42.66373899008613,4.726020997622982,2
260829,1,c,38,6,43.133162005688064,0.936470998567529,40.81568599212915,0.9275999909732491,3
260829,1,c,39,7,51.66291299974546,1.0725280008045956,46.17407399928197,0.9379340044688433,3
260829,1,c,40,8,51.422481003100984,4.0699449891690165,43.30420700716786,3.585555008612573,7
260829,1,c,41,9,45.96416000276804,0.969161992543377,40.74406200379599,0.818745989818126,16
260829,1,c,42,10,48.55712999415118,0.834890000987798,46.4840880013071,0.8699530008016154,8
260829,1,c,43,11,47.96109499875456,0.9166910022031516,45.742160989902914,0.8927839953685179,4
260829,1,c,44,12,51.25612500705756,4.192271997453645,45.73079700639937,0.897873003850691,8
260829,1,c,45,13,53.48702799528837,3.886235994286835,45.20978199434467,3.9474020013585687,2
260829,1,c,46,14,44.411707000108436,0.9494069963693619,42.21370599407237,0.81210199277848,1
260829,1,c,47,15,48.51525199774187,1.1803780071204528,43.12104400014505,0.8193379908334464,5
260829,1,c,48,0,53.95162801141851,3.8514019979629666,45.80857900145929,3.9096590044209734,16
260829,1,c,49,1,41.417693995754234,0.9809460025280714,39.227526998729445,0.7873770082369447,1
260829,1,c,50,2,47.693304004496895,3.8897850026842207,42.66256300616078,0.7903630030341446,5
260829,1,c,51,3,51.08780099544674,7.279359007952735,42.67431399784982,0.8027279982343316,2
260829,1,c,52,4,48.1955930008553,3.8493650063173845,43.220388994086534,0.7829630048945546,4
260829,1,c,53,5,48.2586430007359,0.8146199979819357,43.259747995762154,0.8275030122604221,2
260829,1,c,54,6,55.436847993405536,0.8498230017721653,50.14624199247919,1.0303580056643113,3
260829,1,c,55,7,54.93530801322777,1.1107820027973503,49.33485099172685,3.967536991694942,3
260829,1,c,56,8,50.77576199255418,1.0958439961541444,48.28778399678413,0.9133129933616146,7
260829,1,c,57,9,49.18733501108363,4.055760990013368,43.83203000179492,0.8607010095147416,16
260829,1,c,58,10,49.75612000271212,2.6025189872598276,45.938976007164456,0.8449549932265654,8
260829,1,c,59,11,48.661156004527584,2.854420992662199,44.55643300025258,0.8843069954309613,4
260829,1,c,60,12,47.88610199466348,1.5812019992154092,41.98812699178234,0.8894089987734333,8
260829,1,c,61,13,52.716393998707645,1.001460012048483,44.340665990603156,3.9428909949492663,2
260829,1,c,62,14,48.7318410014268,0.9622560028219596,43.295146999298595,3.9992370002437383,1
260829,1,c,63,15,51.41531300614588,1.3410440005827695,48.64187499333639,0.9339129901491106,5
260829,1,c,64,0,52.397563005797565,1.0222569981124252,43.88800599554088,3.9999789878493175,16
260829,1,c,65,1,49.93642300541978,1.0890330013353378,47.445347998291254,0.905660999706015,1
260829,1,c,66,2,48.14606400032062,1.010398002108559,42.80943199410103,3.8611819909419864,5
260829,1,c,67,3,48.24437899515033,1.3921679928898811,45.53184300311841,0.8743469952605665,2
260829,1,c,68,4,50.639915993087925,3.8801820046501234,45.47098900366109,0.8894110069377348,4
260829,1,c,69,5,50.64254799799528,0.942149999900721,48.4508259978611,0.8360010106116533,2
260829,1,c,70,6,49.857357997098006,0.8404819964198396,47.83087599207647,0.8139819983625785,3
260829,1,c,71,7,66.1465940065682,3.895065005053766,61.0819269932108,0.8191930101020262,3
260829,1,c,72,8,83.09686000575311,0.8357860060641542,73.92728400009219,7.946243989863433,7
260829,1,c,73,9,74.99534799717367,1.029922001180239,72.55329900362995,0.9318630036432296,16
260829,1,c,74,10,55.88088199147023,8.004533010534942,46.54777499672491,0.8696419972693548,8
260829,1,c,75,11,48.82712900871411,0.9251570008927956,43.42969000572339,1.0373090044595301,4
260829,1,c,76,12,48.193875001743436,4.308242001570761,42.65867000503931,0.8027329895412549,8
260829,1,c,77,13,47.52732100314461,0.8368700073333457,45.553732008556835,0.7885660015745088,2
260829,1,c,78,14,48.64460699900519,4.790465987753123,42.49541099125054,1.0217819944955409,1
260829,1,c,79,15,48.45911401207559,4.1091050079558045,43.21310001250822,0.8064650028245524,5
260829,1,c,80,0,48.40628099918831,3.886859994963743,43.29976000008173,0.8545290038455278,16
260829,1,c,81,1,52.15849500382319,1.0549520084168762,44.196589005878195,3.9087390032364056,1
260829,1,c,82,2,45.72684499726165,1.1502389970701188,43.186398994293995,0.9217680053552613,5
260829,1,c,83,3,51.69970299175475,1.40845900750719,42.90907499671448,3.9163889887277037,2
260829,1,c,84,4,48.02547500003129,0.9362560085719451,42.722144004073925,3.927413999917917,4
260829,1,c,85,5,44.32026199356187,0.9339020034531131,42.069385992363095,0.8820139919407666,2
260829,1,c,86,6,47.62219500844367,0.9155099978670478,42.41176099458244,0.8759200136410072,3
260829,1,c,87,7,52.90838899964001,4.993307011318393,43.484551992150955,3.981999005191028,3
260829,1,c,88,8,47.88660298800096,1.0357069986639544,42.488892999244854,3.908130995114334,7
260829,1,c,89,9,45.53417899296619,0.9187639952870086,43.28907000308391,0.91941500431858,16
260829,1,c,90,10,48.563443997409195,0.8910970063880086,43.414579005911946,0.8619779982836917,8
260829,1,c,91,11,53.164913988439366,3.898859999026172,45.0083839969011,3.858622003463097,4
260829,1,c,92,12,50.7050519954646,1.288187995669432,48.15231799148023,0.8573560044169426,8
260829,1,c,93,13,49.66794500069227,3.9292830042541027,41.37325800547842,3.9490530034527183,2
260829,1,c,94,14,48.35543500666972,0.8848369907354936,46.20070599776227,0.8584030001657084,1
260829,1,c,95,15,52.42234200704843,4.054859004099853,44.01008599961642,3.946634999010712,5
260829,1,c,96,0,78.94450599269476,1.0127540008397773,72.62061300571077,4.814408996026032,16
260829,1,c,97,1,68.07056099933106,1.0782500030472875,56.55222499626689,3.9540819998364896,1
260829,1,c,98,2,50.823550001950935,1.051479994202964,48.348991011152975,0.8806090045254678,5
260829,1,c,99,3,49.97166499379091,4.3165929964743555,44.406411005184054,0.8378750062547624,2
260829,1,c,100,4,50.38462999800686,3.8790079997852445,45.262443003593944,0.8436450007138774,4
260829,1,c,101,5,48.37338300421834,3.8698379939887673,43.327638995833695,0.799845001893118,2
260829,1,c,102,6,48.016962988185696,3.8460879877675325,42.781509007909335,1.050160004524514,3
260829,1,c,103,7,48.88922200188972,3.9071100036380813,43.808764006826095,0.8195939881261438,3
260829,1,c,104,8,51.967302002594806,3.9058149995980784,46.692865988006815,0.9973170090233907,7
260829,1,c,105,9,49.61210799228866,1.013578992569819,44.0481770056067,4.081617007614113,16
260829,1,c,106,10,54.131488999701105,1.0446939995745197,51.71467699983623,0.9097309957724065,8
260829,1,c,107,11,49.91715399955865,0.9775240032467991,44.54014899965841,3.942453011404723,4
260829,1,c,108,12,50.83740699046757,1.4229250082280487,47.99329998786561,0.9418780100531876,8
260829,1,c,109,13,55.259090004255995,6.677155994111672,42.39134800445754,5.7090000045718625,2
260829,1,c,110,14,48.73882500396576,1.0284450108883902,46.223928991821595,0.973422997049056,1
260829,1,c,111,15,55.21832300291862,1.3394800043897703,52.39649199938867,0.9906729974318296,5
260829,1,c,112,0,50.51442499097902,1.0394119890406728,48.118809005245566,0.8727520034881309,16
260829,1,c,113,1,52.38085599557962,0.9599129989510402,44.024119997629896,3.9543660095660016,1
260829,1,c,114,2,46.60460600280203,1.0496299946680665,44.20115899119992,0.8829470025375485,5
260829,1,c,115,3,47.92820700095035,1.3548569986596704,39.24956500122789,3.8857009931234643,2
260829,1,c,116,4,49.17202600336168,0.9143920033238828,46.93746200064197,0.8805820107227191,4
260829,1,c,117,5,48.76814199087676,3.938224006560631,43.57223599799909,0.8226649952121079,2
260829,1,c,118,6,48.66223600402009,0.851167002110742,46.64230199705344,0.8056069927988574,3
260829,1,c,119,7,52.19050101004541,3.922837000573054,43.791628995677456,0.7960240036481991,3
260829,1,c,120,8,48.59899799339473,3.824205996352248,43.43807799159549,0.9955879941117018,7
260829,1,c,121,9,49.22809998970479,3.846179009997286,44.24318499513902,0.8040869870455936,16
260829,1,c,122,10,53.896628000075,3.900304000126198,48.65970500395633,0.9700100054033101,8
260829,1,c,123,11,55.54483499145135,4.98668200452812,49.16308500105515,0.977929012151435,4
260829,1,c,124,12,58.68262000149116,1.440940992324613,49.68044599809218,4.116460986551829,8
260829,1,c,125,13,59.58060700504575,1.1046709987567738,53.89380299311597,4.065806002472527,2
260829,1,c,126,14,59.746055005234666,1.0928319970844314,54.05118700582534,1.073820996680297,1
260829,1,c,127,15,57.90917699050624,1.47847700282,54.825005994644016,1.0690679919207469,5
260829,1,c,128,0,58.78520800615661,1.1089359904872254,50.110541997128166,4.039620005642064,16
260829,1,c,129,1,56.13226999412291,1.083076000213623,53.59625098935794,0.9729479934321716,1
260829,1,c,130,2,54.986814997391775,3.9756020123604685,49.62020899984054,0.9636900067562237,5
260829,1,c,131,3,54.594792003626935,1.465061999624595,48.75164999975823,0.9616850002203137,2
260829,1,c,132,4,54.27835900627542,3.9814920019125566,48.88651499641128,0.9879209974315017,4
260829,1,c,133,5,53.997654002159834,1.0461780038895085,48.534588000620715,0.9926729981089011,2
260829,1,c,134,6,57.35178600298241,1.0094410099554807,48.8984200055711,3.9884289872134104,3
260829,1,c,135,7,50.967214003321715,1.0532750020502135,48.50994700973388,0.9731680038385093,3
260829,1,c,136,8,54.89473100169562,3.963344992371276,49.56992399820592,0.9456679981667548,7
260829,1,c,137,9,54.41882400191389,4.014699996332638,49.06100199150387,0.9436239924980327,16
260829,1,c,138,10,58.5331760084955,3.9971079968381673,50.183774990728125,3.9554699906148016,8
260829,1,c,139,11,56.759343002340756,0.9662679949542508,49.749350000638515,5.54887400357984,4
260829,1,c,140,12,48.497305004275404,4.540331006865017,42.521947994828224,0.8415339980274439,8
260829,1,c,141,13,48.8501920044655,3.9207980007631704,43.54019201127812,0.9722530085127801,2
260829,1,c,142,14,54.22337100026198,4.1337470029247925,45.648943007108755,3.942690003896132,1
260829,1,c,143,15,51.08024699438829,1.3001970073673874,48.367290990427136,0.9238930069841444,5
260829,1,c,144,0,52.8567639994435,2.7675370074575767,45.639507996384054,3.977593994932249,16
260829,1,c,145,1,51.70471999736037,1.111006989958696,49.20933199173305,0.9131219994742423,1
260829,1,c,146,2,53.18083100428339,4.061465006088838,44.71084500255529,3.9393210026901215,5
260829,1,c,147,3,50.49520600005053,1.4091199991526082,47.69107900210656,0.9186889947159216,2
260829,1,c,148,4,50.074449012754485,1.029234001180157,47.73422400467098,0.851966004120186,4
260829,1,c,149,5,47.27967300277669,3.9148130017565563,42.10902799968608,0.8471409964840859,2
260829,1,c,150,6,48.939505009911954,2.882674991269596,44.762839999748394,0.9010750072775409,3
260829,1,c,151,7,48.630391000187956,3.9357829955406487,43.50376900401898,0.8013460028450936,3
260829,1,c,152,8,49.01792599412147,0.8644540066597983,43.79850599798374,0.8907619921956211,7
260829,1,c,153,9,50.58844400628004,1.0386770009063184,45.21733800356742,0.8799149945843965,16
260829,1,c,154,10,49.88314601359889,1.0261189891025424,47.560244987835176,0.8651890093460679,8
260829,1,c,155,11,48.3188899961533,3.9675360021647066,43.08070699335076,0.8588579948991537,4
260829,1,c,156,12,49.13964300067164,1.337289999355562,43.96526400523726,0.8761710050748661,8
260829,1,c,157,13,48.56079799355939,1.0269040067214519,43.19557400594931,0.8851210004650056,2
260829,1,c,158,14,48.86819499370176,4.002105997642502,43.508007991476916,0.912784002139233,1
260829,1,c,159,15,52.136531987343915,4.205883000395261,43.487998002092354,3.9837569929659367,5
260829,1,c,160,0,47.6973420009017,1.0125929984496906,42.32597399095539,3.8947689899941906,16
260829,1,c,161,1,47.9003540094709,1.0020509944297373,42.55645300145261,3.894714012858458,1
260829,1,c,162,2,44.806901991250925,0.9332470071967691,42.52829200413544,0.8926549926400185,5
260829,1,c,163,3,73.09722100035287,1.3036480086157098,61.47777699516155,6.86554099956993,2
260829,1,c,164,4,63.97434500104282,0.9217479964718223,58.71340898738708,0.9010579960886389,4
260829,1,c,165,5,48.67863599793054,1.0424350039102137,42.98832800122909,4.172920002019964,2
260829,1,c,166,6,48.57444700610358,1.0183660051552579,43.14881100435741,3.9327330014202744,3
260829,1,c,167,7,46.29802200361155,1.031544990837574,43.95402400405146,0.857309001730755,3
260829,1,c,168,8,48.880507005378604,0.8918929961510003,46.73588900186587,0.844085996504873,7
260829,1,c,169,9,52.929159995983355,3.431345001445152,45.13459799636621,3.969176992541179,16
260829,1,c,170,10,50.66187599732075,1.0956260084640235,48.13229099090677,0.950892994296737,8
260829,1,c,171,11,53.37251099990681,1.0811969987116754,44.359236999298446,3.9447730086976662,4
260829,1,c,172,12,51.39694199897349,1.3656310038641095,48.6601799930213,0.9070139931282029,8
260829,1,c,173,13,48.86378398805391,4.006328992545605,43.523101005121134,0.8715510048205033,2
260829,1,c,174,14,48.79777799942531,0.8941179985413328,43.67075600021053,0.8258939924417064,1
260829,1,c,175,15,52.90425900602713,4.2090560018550605,47.04628999752458,1.2201689969515428,5
260829,1,c,176,0,50.161236998974346,2.911124989623204,45.64097701222636,1.032061001751572,16
260829,1,c,177,1,59.07928399392404,1.2287080025998875,56.196838995674625,1.1166059994138777,1
260829,1,c,178,2,48.092928002006374,3.7907499936409295,42.78164300194476,0.9748560114530846,5
260829,1,c,179,3,50.44664200977422,2.699713993933983,46.02562899526674,1.2010369973722845,2
260829,1,c,180,4,35.74542599380948,4.202903000987135,27.00906799873337,3.972477003117092,4
260829,1,c,181,5,45.79558299155906,1.0547560086706653,43.40345801028889,0.8412000024691224,2
260829,1,c,182,6,50.061221001669765,3.84358198789414,41.976654989412054,3.8395849987864494,3
260829,1,c,183,7,48.77761899842881,0.8902380068320781,46.51624801044818,0.977795003564097,3
260829,1,c,184,8,43.01765300624538,1.021308999042958,35.40286100178491,3.0953520035836846,7
260829,1,c,185,9,51.858890990843065,1.0489919950487092,49.39480300527066,0.9254260075977072,16
260829,1,c,186,10,52.60570200334769,1.0515229951124638,47.104800993110985,0.9316460054833442,8
260829,1,c,187,11,48.20646200096235,0.9965389908757061,42.751592001877725,3.983657996286638,4
260829,1,c,188,12,62.444105991744436,1.4268920058384538,59.31883100129198,1.1883629922522232,8
260829,1,c,189,13,35.14881200680975,4.354065007646568,29.024183997535147,1.198201993247494,2
260829,1,c,190,14,61.08879600651562,1.0534250031923875,58.3554620097857,1.1629840009845793,1
260829,1,c,191,15,39.964866009540856,4.58279499434866,33.63051899941638,1.210607006214559,5
260829,1,c,192,0,27.0968359982362,1.1456500069471076,24.53013999911491,0.9169379918603227,16
260829,1,c,193,1,28.016480995574966,1.1068289895774797,25.301894987933338,1.1186360061401501,1
260829,1,c,194,2,49.239640997257084,1.1701909970724955,46.44466898753308,1.0937350016320124,5
260829,1,c,195,3,35.9484859945951,1.6858359886100516,32.78225500253029,0.9408369951415807,2
260829,1,c,196,4,52.46357999567408,1.0451999987708405,47.09427400666755,0.891293995664455,4
260829,1,c,197,5,47.56336299760733,2.2891459957463667,43.985519994748756,0.8503909921273589,2
260829,1,c,198,6,48.109158989973366,0.931629998376593,43.41634799493477,0.9247279958799481,3
260829,1,c,199,7,36.88672400312498,1.0313719976693392,31.82215799461119,1.0156820062547922,3
260829,1,d,0,0,31.9451730028959,1.0735840041888878,29.980876002809964,0.34068200329784304,12
260829,1,d,1,1,27.03145499981474,1.1599170102272183,25.046520997420885,0.3280789969721809,1
260829,1,d,2,2,26.8053100007819,1.0186260042246431,24.939606999396347,0.35399600164964795,6
260829,1,d,3,3,27.156322001246735,1.4777639880776405,24.82225799758453,0.34299799881409854,2
260829,1,d,4,4,26.678087990148924,1.0573829931672662,24.75664899975527,0.3366599994478747,2
260829,1,d,5,5,26.342639001086354,1.0233260109089315,24.488944007316604,0.3419919958105311,3
260829,1,d,6,6,26.469133008504286,1.0756309930002317,24.549121997551993,0.34454200067557395,2
260829,1,d,7,7,26.474856000277214,1.001358003122732,24.686749995453283,0.3331969928694889,3
260829,1,d,8,8,26.602824989822693,0.9895660041365772,24.787660004221834,0.33778299984987825,7
260829,1,d,9,9,26.48584700364154,1.0117660131072626,24.668173005920835,0.3306970029370859,14
260829,1,d,10,10,26.476736995391548,1.0439409961691126,24.635031004436314,0.3229260037187487,7
260829,1,d,11,11,26.058632996864617,0.9296789939980954,24.372715008212253,0.33178199373651296,4
260829,1,d,12,12,26.868118002312258,1.4270559913711622,24.622617012937553,0.34994199813809246,8
260829,1,d,13,13,26.262405997840688,1.08440600160975,24.38320600776933,0.33328300924040377,2
260829,1,d,14,14,26.225225999951363,0.9589709952706471,24.53982199949678,0.26301499747205526,0
260829,1,d,15,15,26.788479008246213,1.3331090012798086,24.643763012136333,0.3294720081612468,4
260829,1,d,16,0,26.797876998898573,0.9552909905323759,25.04187700105831,0.3330140025354922,12
260829,1,d,17,1,28.246685993508436,1.0433209972688928,26.312027999665588,0.4119850054848939,1
260829,1,d,18,2,31.725848995847628,1.3194240018492565,29.335510000237264,0.4402740014484152,6
260829,1,d,19,3,30.960335992858745,1.7357029864797369,28.189436998218298,0.41322999459225684,2
260829,1,d,20,4,29.937658997369,1.265479004359804,27.67732201027684,0.41230399801861495,2
260829,1,d,21,5,30.088995001278818,1.2556690053315833,27.84198099107016,0.41468099516350776,3
260829,1,d,22,6,29.61592300562188,1.2785279977833852,27.358719002222642,0.4002229979960248,2
260829,1,d,23,7,29.77851199102588,1.2670189898926765,27.494902999023907,0.4774060071213171,3
260829,1,d,24,8,46.277797999209724,1.1265560024185106,44.15882099419832,0.44725499174091965,7
260829,1,d,25,9,39.302234989008866,1.2125579960411415,37.13657001208048,0.37470499228220433,14
260829,1,d,26,10,47.788765994482674,1.1617540003499016,45.77284900005907,0.34424400655552745,7
260829,1,d,27,11,79.84007999766618,7.11098600004334,71.8811880069552,0.3509270027279854,4
260829,1,d,28,12,66.93444699340034,7.498520993976854,58.574846989358775,0.3546579973772168,8
260829,1,d,29,13,81.48959999380168,1.0624270071275532,79.55957700323779,0.3640490031102672,2
260829,1,d,30,14,80.7685460022185,7.0145610079634935,72.95564400556032,0.27778701041825116,0
260829,1,d,31,15,98.2923980045598,7.383348987787031,89.9486300040735,0.4448969993973151,4
260829,1,d,32,0,100.6818750029197,1.2638609914574772,98.41265800059773,0.4243119910825044,12
260829,1,d,33,1,51.31676100427285,10.586841002805158,39.80102299829014,0.3564220096450299,1
260829,1,d,34,2,34.30344500520732,1.17076700553298,29.063492009299807,0.44295100087765604,6
260829,1,d,35,3,54.9494510050863,5.217430996708572,45.68229601136409,0.36227899545338005,2
260829,1,d,36,4,49.6612039860338,1.0831909894477576,47.699760005343705,0.34886998764704913,2
260829,1,d,37,5,53.575527999782935,4.0784439916023985,48.67240799649153,0.3366090095369145,3
260829,1,d,38,6,37.79215400572866,1.0099029896082357,35.955868996097706,0.36187900695949793,2
260829,1,d,39,7,68.14029399538413,1.1481139954412356,66.12111399590503,0.3581959899747744,3
260829,1,d,40,8,80.83793400146533,4.023518005851656,75.99441999627743,0.3485789929982275,7
260829,1,d,41,9,81.02917599899229,0.9843419975368306,79.04746300482657,0.5243920022621751,14
260829,1,d,42,10,80.97680400533136,1.0415700089652091,79.08508800028358,0.35635099629871547,7
260829,1,d,43,11,80.99402800144162,1.035559005686082,79.11685400176793,0.3434980026213452,4
260829,1,d,44,12,56.985132992849685,4.447739993338473,48.72396400605794,3.3368880103807896,8
260829,1,d,45,13,48.33756200969219,0.9771810000529513,46.602473012171686,0.3167120012221858,2
260829,1,d,46,14,48.074559002998285,0.8962560095824301,46.49390099802986,0.2616520068841055,0
260829,1,d,47,15,52.051293998374604,1.3251609925646335,49.96380300144665,0.3264139959355816,4
260829,1,d,48,0,50.117867009248585,0.9377989917993546,48.42973699851427,0.32119100796990097,12
260829,1,d,49,1,51.76463499083184,0.9289829904446378,47.137582005234435,0.3011759981745854,1
260829,1,d,50,2,46.43267099163495,0.886509005795233,41.84567600896116,3.3243310026591644,6
260829,1,d,51,3,48.69105599937029,1.39056499756407,46.5845389990136,0.31651201425120234,2
260829,1,d,52,4,53.70617199514527,0.9102549956878647,51.929349996498786,0.41409500408917665,2
260829,1,d,53,5,54.08665200229734,1.0806170030264184,51.9355629949132,0.3388920013094321,3
260829,1,d,54,6,53.72213099326473,1.0494029993424192,48.82892999739852,3.3443299907958135,2
260829,1,d,55,7,48.232756002107635,0.9993179992306978,46.4482230017893,0.326943991240114,3
260829,1,d,56,8,54.30281600274611,0.9550070099066943,52.536176997818984,0.35533700429368764,7
260829,1,d,57,9,26.73526099533774,1.0924789967248216,24.84542300226167,0.3127990057691932,14
260829,1,d,58,10,26.286930005881004,0.887034009792842,24.683587995241396,0.33058199915103614,7
260829,1,d,59,11,27.019535002182238,0.9711990132927895,25.237248992198147,0.3302309924038127,4
260829,1,d,60,12,27.07800800271798,1.3976870104670525,24.920399999246,0.3338850074214861,8
260829,1,d,61,13,32.12768500088714,0.9170460107270628,30.48785300052259,0.33454100775998086,2
260829,1,d,62,14,26.525093999225646,1.00498300162144,24.8040839942405,0.2615240082377568,0
260829,1,d,63,15,26.88070099975448,1.259522992768325,24.884819009457715,0.3185340028721839,4
260829,1,d,64,0,25.7706949923886,0.8859990048222244,24.18530298746191,0.3044019977096468,12
260829,1,d,65,1,25.954227006877773,0.9099489980144426,24.37044600083027,0.3111700061708689,1
260829,1,d,66,2,26.00819400686305,0.9024120081448928,24.43650299392175,0.3085819917032495,6
260829,1,d,67,3,26.24356899468694,1.160315005108714,24.410849990090355,0.3122380003333092,2
260829,1,d,68,4,29.103719993145205,0.8868769946275279,27.526856007170863,0.3114499995717779,2
260829,1,d,69,5,38.276032006251626,0.8734389994060621,36.593343000276946,0.38696700357832015,3
260829,1,d,70,6,41.912413988029584,4.119698001886718,36.89898698939942,0.35063498944509774,2
260829,1,d,71,7,38.12661400297657,1.0492340079508722,36.26270500535611,0.32586300221737474,3
260829,1,d,72,8,40.87513100239448,0.8964190055849031,36.267984003643505,3.3145570050692186,7
260829,1,d,73,9,36.47779900347814,0.8936049998737872,34.89150899986271,0.3100439935224131,14
260829,1,d,74,10,37.72069299884606,0.8781849901424721,36.01753999828361,0.4611509939422831,7
260829,1,d,75,11,50.90519800432958,0.8859090012265369,49.21050099073909,0.4096749908057973,4
260829,1,d,76,12,68.99304199032485,5.465120993903838,62.63783400936518,0.33504600287415087,8
260829,1,d,77,13,53.49482499877922,1.0924219968728721,51.56716299825348,0.33901700226124376,2
260829,1,d,78,14,53.58600198815111,1.0448219982208684,48.73437598871533,3.2963499979814515,0
260829,1,d,79,15,54.30213100044057,1.3088379928376526,52.14198099565692,0.3364610020071268,4
260829,1,d,80,0,54.149817005963996,1.0640819964464754,52.242545993067324,0.3476730053080246,12
260829,1,d,81,1,53.44144400442019,1.0814800043590367,48.54059299395885,3.3255890011787415,1
260829,1,d,82,2,48.989553994033486,0.9408179903402925,47.24212401197292,0.367750006262213,6
260829,1,d,83,3,55.70712000189815,4.543435992673039,50.28057198796887,0.3539999888744205,2
260829,1,d,84,4,54.82494099123869,1.1055840004701167,52.802414997131564,0.37218601210042834,2
260829,1,d,85,5,53.618514008121565,1.132139004766941,49.47159699804615,2.471959000104107,3
260829,1,d,86,6,52.16635699616745,1.0642810084391385,50.23575400991831,0.3493639960652217,2
260829,1,d,87,7,52.83481600054074,1.112868994823657,47.847194990026765,0.3579010081011802,3
260829,1,d,88,8,54.432917007943615,4.0845009934855625,49.522648012498394,0.3247220010962337,7
260829,1,d,89,9,54.34241899638437,0.9271649905713275,49.625009996816516,3.3514050010126084,14
260829,1,d,90,10,51.93402500299271,1.0502009972697124,47.02860600082204,3.3598409936530516,7
260829,1,d,91,11,46.7195469973376,1.0713779920479283,44.82606299279723,0.3176099999109283,4
260829,1,d,92,12,55.80791299871635,1.3795809936709702,51.940883000497706,2.0507930021267384,8
260829,1,d,93,13,50.63752100977581,0.9055380069185048,49.03049299900886,0.3028439969057217,2
260829,1,d,94,14,46.40467699209694,0.8498230017721653,44.95622900140006,0.24346800637431443,0
260829,1,d,95,15,52.73235699860379,1.2528750085039064,48.613275997922756,0.305931011098437,4
260829,1,d,96,0,48.682138993171975,0.9388549951836467,44.04854400490876,3.3300149952992797,12
260829,1,d,97,1,46.63233300379943,1.0266080062137917,44.85215300519485,0.31761500576976687,1
260829,1,d,98,2,53.730157000245526,0.9423220035387203,52.055407999432646,0.31903099443297833,6
260829,1,d,99,3,51.749280988588,3.954102998250164,47.08166800264735,0.3185340028721839,2
260829,1,d,100,4,53.18182200426236,3.9470570045523345,48.48745500203222,0.34647699794732034,2
260829,1,d,101,5,54.92447099823039,1.0356510028941557,53.02644599578343,0.35297899739816785,3
260829,1,d,102,6,54.730182004277594,1.059867994626984,49.799197004176676,3.3549539948580787,2
260829,1,d,103,7,52.09934200684074,1.072136001312174,50.189839996164665,0.3384229930816218,3
260829,1,d,104,8,54.24714300897904,4.022692999569699,49.41330599831417,0.3329699975438416,7
260829,1,d,105,9,54.054056003224105,1.0716040123952553,52.13669101067353,0.3525400097714737,14
260829,1,d,106,10,54.65550199733116,1.0582289978628978,52.7417989942478,0.34637199132703245,7
260829,1,d,107,11,54.191201998037286,1.0563789983280003,52.31370098772459,0.332741008605808,4
260829,1,d,108,12,55.913678006618284,1.4131950010778382,53.71035799907986,0.33973599784076214,8
260829,1,d,109,13,54.67533798946533,0.986670987913385,49.86673600797076,3.3530230139149353,2
260829,1,d,110,14,50.077501000487246,1.0369349911343306,48.21791900030803,0.32322300830855966,0
260829,1,d,111,15,54.78022700117435,4.208874990581535,49.68514200299978,0.3571400011423975,4
260829,1,d,112,0,54.222457998548634,1.0656269878381863,52.29343300743494,0.35025199758820236,12
260829,1,d,113,1,53.46510199888144,1.082940012565814,48.574116997770034,0.31781999859958887,1
260829,1,d,114,2,53.50135199842043,0.9278009965782985,51.77359899971634,0.3908489888999611,6
260829,1,d,115,3,51.47372900682967,1.4337660104501992,49.30603700631764,0.32431499857921153,2
260829,1,d,116,4,50.26570300105959,3.9256970048882067,45.59138900367543,0.33091600926127285,2
260829,1,d,117,5,50.96606300503481,5.900763993849978,44.360374988173135,0.32068499422166497,3
260829,1,d,118,6,52.76477799634449,3.8880969950696453,48.10732499754522,0.3564300131984055,2
260829,1,d,119,7,55.301685992162675,1.0979180078720674,53.34281601244584,0.3554900031303987,3
260829,1,d,120,8,54.410019001807086,1.0665939917089418,52.50687399529852,0.33418499515391886,7
260829,1,d,121,9,50.44255399843678,4.219883005134761,45.45665001205634,0.32304601336363703,14
260829,1,d,122,10,54.06551799387671,0.9090899984585121,49.427208010456525,3.3250220003537834,7
260829,1,d,123,11,48.147318986593746,0.9067780047189444,46.537861999240704,0.31031700200401247,4
260829,1,d,124,12,49.444021002273075,4.112872993573546,44.64336899400223,0.31000700255390257,8
260829,1,d,125,13,52.72284800594207,0.9963749907910824,47.96259601425845,0.35522598773241043,2
260829,1,d,126,14,54.534026989131235,1.0112089948961511,49.711630010278895,3.2969540043268353,0
260829,1,d,127,15,55.053681004210375,1.3796309940516949,49.81433700595517,3.3500330027891323,4
260829,1,d,128,0,49.214831000426784,1.0122649982804433,47.34012400149368,0.3660040092654526,12
260829,1,d,129,1,54.70272299135104,4.119613004149869,49.70096400938928,0.35375099105294794,1
260829,1,d,130,2,54.83151599764824,1.0568059951765463,49.90643300698139,0.3539219906087965,6
260829,1,d,131,3,54.454015000374056,1.4981169952079654,52.08683600358199,0.3343159914948046,2
260829,1,d,132,4,54.01682799856644,0.976729003014043,52.19592299545184,0.3713100013555959,2
260829,1,d,133,5,55.22224299784284,1.0828130034497008,53.25704200367909,0.3479549923213199,3
260829,1,d,134,6,54.38242400123272,1.0426220105728135,52.47182700259145,0.3672800085041672,2
260829,1,d,135,7,54.436899998108856,1.119538996135816,52.43290298676584,0.36515999818220735,3
260829,1,d,136,8,54.31887099985033,4.076137993251905,49.340495010255836,0.358987002982758,7
260829,1,d,137,9,54.45274199882988,1.0656729864422232,52.53955400257837,0.3462000022409484,14
260829,1,d,138,10,53.662439007894136,1.0293250088579953,51.77629299578257,0.38151899934746325,7
260829,1,d,139,11,53.27688599936664,0.9465820039622486,51.59067599743139,0.32003199157770723,4
260829,1,d,140,12,54.33121699024923,1.3591009919764474,52.20921299769543,0.35019101051148027,8
260829,1,d,141,13,54.10733900498599,1.0889349941862747,52.167298999847844,0.3409060009289533,2
260829,1,d,142,14,51.2596580083482,0.9796049998840317,49.515117003466,0.28420001035556197,0
260829,1,d,143,15,54.4316410087049,1.3499250053428113,52.207518005161546,0.3856599942082539,4
260829,1,d,144,0,53.9225459942827,4.005203998531215,49.046215004636906,0.36244100192561746,12
260829,1,d,145,1,54.19432198686991,4.063658998347819,49.250398005824536,0.3563840000424534,1
260829,1,d,146,2,53.70201099140104,4.092069997568615,48.73340600170195,0.3533329872880131,6
260829,1,d,147,3,53.52932499954477,4.302702989662066,48.38556300092023,0.3312660119263455,2
260829,1,d,148,4,53.633283998351544,0.9630080021452159,51.876489000278525,0.3332490014145151,2
260829,1,d,149,5,53.48499499086756,0.9665889956522733,48.74062800081447,3.331388987135142,3
260829,1,d,150,6,48.312676008208655,0.900017999811098,46.73051700228825,0.3071899991482496,2
260829,1,d,151,7,47.980920993722975,0.9264660038752481,46.38707100821193,0.3093630075454712,3
260829,1,d,152,8,80.1367219974054,0.9020280122058466,78.20154100772925,0.6066359928809106,7
260829,1,d,153,9,89.12268299900461,1.6201749967876822,83.11964099993929,0.5908890016144142,14
260829,1,d,154,10,89.12724901165348,4.585999995470047,83.15814399975352,0.6005820032441989,7
260829,1,d,155,11,89.27447900350671,4.662187988287769,80.15921899641398,3.6233559949323535,4
260829,1,d,156,12,90.14083899091929,5.432204008684494,80.28985300916247,3.6181890027364716,8
260829,1,d,157,13,90.42049299750943,1.659643996390514,87.31268199335318,0.6337270024232566,2
260829,1,d,158,14,89.32923300017137,4.647138994187117,80.35431400639936,3.5035970067838207,0
260829,1,d,159,15,89.95466100168414,5.205773995839991,80.35334500891622,3.602934011723846,4
260829,1,d,160,0,89.74740600388031,1.6179659869521856,83.7293250078801,0.5963769945083186,12
260829,1,d,161,1,89.98472099483479,1.706463997834362,83.8867249985924,0.5757580074714497,1
260829,1,d,162,2,86.01928400457837,5.225971006439067,79.41687801212538,0.5844200059073046,6
260829,1,d,163,3,61.41065999690909,5.383002004236914,55.00626099819783,0.3161260101478547,2
260829,1,d,164,4,48.14302500744816,4.053829004988074,43.33859401231166,0.30354100454133004,2
260829,1,d,165,5,51.427156999125145,0.9818100079428405,43.653688990161754,3.347156001836993,3
260829,1,d,166,6,48.47922798944637,1.0606370051391423,46.578316992963664,0.33846400037873536,2
260829,1,d,167,7,53.471541992621496,1.0694999946281314,48.560283990809694,3.336666995892301,3
260829,1,d,168,8,48.62790800689254,1.0786600032588467,46.704484993824735,0.3387010074220598,7
260829,1,d,169,9,49.840738996863365,1.0109709983225912,47.98092399141751,0.3540800098562613,14
260829,1,d,170,10,52.712852993863635,1.1090080079156905,47.70058499707375,0.35890999424736947,7
260829,1,d,171,11,54.08731900388375,1.0594820050755516,52.14942499878816,0.3651330043794587,4
260829,1,d,172,12,53.89116700098384,4.491510000661947,48.52473898790777,0.3534860006766394,8
260829,1,d,173,13,53.712338994955644,1.0928870033239946,51.77095100225415,0.3318660019431263,2
260829,1,d,174,14,53.20579599356279,1.0053430014522746,48.4182759973919,3.28485100180842,0
260829,1,d,175,15,51.6528720036149,2.839257998857647,47.979002993088216,0.3365010052220896,4
260829,1,d,176,0,53.18961299781222,1.0795859998324886,48.301043003448285,3.3244549995288253,12
260829,1,d,177,1,47.99931299930904,0.9640190110076219,43.28763799276203,3.3200150064658374,1
260829,1,d,178,2,48.048267999547534,0.9422680013813078,43.36334401159547,3.319580006063916,6
260829,1,d,179,3,47.93530498864129,1.340788003290072,42.86524100461975,3.3207060041604564,2
260829,1,d,180,4,47.85064700990915,0.8991329959826544,43.235782999545336,3.308238010504283,2
260829,1,d,181,5,48.233548004645854,0.855870996019803,43.67685200122651,3.334499997436069,3
260829,1,d,182,6,48.04373800288886,0.9107159858103842,43.42517600161955,0.3095130086876452,2
260829,1,d,183,7,48.04614000022411,0.9291339956689626,43.36200200486928,0.36976300179958344,3
260829,1,d,184,8,48.87837599380873,0.8998779958346859,47.2159479977563,0.360798992915079,7
260829,1,d,185,9,53.30363000393845,1.0536890040384606,51.44915399432648,0.31929800752550364,14
260829,1,d,186,10,48.110092990100384,0.9026090119732544,46.458967990474775,0.3354979999130592,7
260829,1,d,187,11,54.31320900970604,1.0236579983029515,52.42151099082548,0.37426300696097314,4
260829,1,d,188,12,54.1849509900203,4.46879600349348,48.82834799354896,0.3599839983507991,8
260829,1,d,189,13,55.07787399983499,1.0656719969119877,53.088978995219804,0.4009160038549453,2
260829,1,d,190,14,54.45029500697274,4.391866008518264,49.222360001294874,0.28620599186979234,0
260829,1,d,191,15,52.80326401407365,1.3879049947718158,47.48691500572022,0.36772100429516286,4
260829,1,d,192,0,53.45158600539435,4.091794005944394,48.49960299907252,0.3463119937805459,12
260829,1,d,193,1,54.099696004414,1.062982002622448,52.181817998643965,0.35343499621376395,1
260829,1,d,194,2,54.57595600455534,1.0326629999326542,52.69839000538923,0.3466339985607192,6
260829,1,d,195,3,53.72370198892895,4.532210004981607,48.311164995539,0.35870900319423527,2
260829,1,d,196,4,53.93060599453747,4.087134002475068,48.98004999267869,0.3512880066409707,2
260829,1,d,197,5,53.65525699744467,4.084668995346874,48.709221999160945,0.34929199318867177,3
260829,1,d,198,6,53.57920199458022,1.043914002366364,51.72488199605141,0.32601099519524723,2
260829,1,d,199,7,53.76134399557486,0.9927520004566759,51.95735399320256,0.351199007127434,3
260830,1,a,0,0,28.698398993583396,1.0354969999752939,23.140211997088045,1.042671996401623,16
260830,1,a,1,1,25.55706800194457,1.0989209986291826,22.94765500118956,1.0230780026176944,1
260830,1,a,2,2,28.49612300633453,4.0773679938865826,19.93065999704413,4.012894001789391,6
260830,1,a,3,3,26.09373300219886,1.486952998675406,23.105539003154263,1.0037030006060377,2
260830,1,a,4,4,28.809912008000538,3.9999919972615317,20.1826609991258,4.162461991654709,4
260830,1,a,5,5,25.36777600471396,0.9762150002643466,22.924231001525186,1.015984991681762,2
260830,1,a,6,6,28.475465005612932,3.98639400373213,19.96064199192915,4.069066009833477,2
260830,1,a,7,7,25.296031992184,1.0702830040827394,22.812686001998372,0.9587230015313253,3
260830,1,a,8,8,24.55022001231555,3.9278069889405742,19.30450400686823,0.8992029906949028,6
260830,1,a,9,9,27.84286100359168,0.9497409919276834,19.556237995857373,3.927636003936641,16
260830,1,a,10,10,25.21067099587526,0.9740259993122891,22.85464500891976,0.9705429984023795,7
260830,1,a,11,11,28.334909002296627,3.959127003327012,19.908481001039036,4.005334994872101,6
260830,1,a,12,12,25.592120000510477,1.43894599750638,22.76011899812147,0.9436929976800457,7
260830,1,a,13,13,24.823138999636285,3.899973991792649,19.48117399297189,1.0216039954684675,2
260830,1,a,14,14,28.423445008229464,0.9275530028389767,19.980468990979716,4.0754609944997355,1
260830,1,a,15,15,29.537384005379863,1.4036400098120794,23.580836001201533,4.038871004013345,5
260830,1,a,16,0,25.874270999338478,1.040830000420101,23.114871000871062,1.228741995873861,16
260830,1,a,17,1,28.368229992338456,4.057142999954522,19.89846800279338,3.947784993215464,1
260830,1,a,18,2,25.113937008427456,0.9518520091660321,22.746128001017496,0.9746180003276095,6
260830,1,a,19,3,29.14710399636533,4.4077130005462095,23.234034000779502,1.0426549997646362,2
260830,1,a,20,4,25.75107199663762,1.0999670048477128,23.14939298958052,1.0211729968432337,4
260830,1,a,21,5,25.58399600093253,1.0455370065756142,23.061510000843555,0.9951459942385554,2
260830,1,a,22,6,25.05369701248128,4.042300992296077,19.574031000956893,0.9824040025705472,2
260830,1,a,23,7,28.632155008381233,1.231222995556891,22.92687600129284,1.0226349986623973,3
260830,1,a,24,8,25.529235994326882,1.0318619897589087,22.98258298833389,1.0345850023441017,6
260830,1,a,25,9,28.56315500685014,1.1242939945077524,22.920540010090917,1.0280270071234554,16
260830,1,a,26,10,25.49877999990713,1.058645997545682,22.941811999771744,1.0177440126426518,7
260830,1,a,27,11,28.429671001504175,1.0410419927211478,22.87077601067722,1.0133469913853332,6
260830,1,a,28,12,28.697419998934492,4.183291006484069,20.009079002193175,4.0350870112888515,7
260830,1,a,29,13,24.45057399745565,1.0532449960010126,21.862059002160095,1.0573049949016422,2
260830,1,a,30,14,28.83756600203924,4.017803992610425,20.287362989620306,4.039648993057199,1
260830,1,a,31,15,26.05444600339979,1.3881670020055026,23.150454988353886,1.0269740014337003,5
260830,1,a,32,0,28.00338200177066,4.008396004792303,19.615778990555555,3.9226240041898564,16
260830,1,a,33,1,25.2853810088709,0.9758210071595386,22.943475996726193,0.9596130112186074,1
260830,1,a,34,2,28.386659003444947,3.876004004268907,20.042407006258145,4.027694987598807,6
260830,1,a,35,3,26.013940005213954,1.3689780025742948,23.160195007221773,1.0209899919573218,2
260830,1,a,36,4,28.537860998767428,4.0775669913273305,19.930092996219173,4.052281001349911,4
260830,1,a,37,5,25.542460003634915,1.0821839969139546,22.977171989623457,0.9991800034185871,2
260830,1,a,38,6,28.29787600785494,4.0141049976227805,19.877240003552288,3.9675139996688813,2
260830,1,a,39,7,25.330974996904843,1.0132609895663336,22.917266993317753,0.9577180026099086,3
260830,1,a,40,8,28.388781007379293,3.95359200774692,19.988964006188326,4.016222010250203,6
260830,1,a,41,9,25.531477003823966,1.0149800073122606,23.05275300750509,0.997919007204473,16
260830,1,a,42,10,28.599584999028593,4.01857600081712,20.021675998577848,4.097438999451697,7
260830,1,a,43,11,25.82634201098699,1.0364850022597238,23.27862399397418,1.029492006637156,6
260830,1,a,44,12,28.94450099847745,4.212861997075379,23.235307991853915,1.024696000968106,7
260830,1,a,45,13,28.65410700906068,1.0818839946296066,23.076658995705657,1.0095660109072924,2
260830,1,a,46,14,25.239854003302753,1.0658530081855133,22.75603600719478,0.9418319968972355,1
260830,1,a,47,15,28.739330009557307,1.2583529896801338,23.008379008388147,4.02790900261607,5
260830,1,a,48,0,25.423429993679747,1.0140700032934546,22.909854000317864,1.028111990308389,16
260830,1,a,49,1,28.518261009594426,4.082493993337266,19.91360299871303,1.0278269910486415,1
260830,1,a,50,2,25.88277899485547,1.0877839958993718,23.134888993809,1.1735769949154928,6
260830,1,a,51,3,29.004337993683293,4.481159994611517,19.9969810055336,4.019870000774972,2
260830,1,a,52,4,25.24066698970273,1.037055000779219,22.708149001118727,1.0175330098718405,4
260830,1,a,53,5,28.247376991203055,4.0246639982797205,19.738697999855503,4.014959995402023,2
260830,1,a,54,6,25.30649300024379,1.0262959985993803,22.777855992899276,1.0284410091117024,2
260830,1,a,55,7,28.92441699805204,4.105127998627722,20.26105900586117,4.0742449928075075,3
260830,1,a,56,8,25.698951998492703,1.0534299944993109,23.115796997444704,1.0237739916192368,6
260830,1,a,57,9,28.46513199619949,4.060819002916105,19.891175004886463,4.038332001073286,16
260830,1,a,58,10,25.392519004526548,1.0314469982404262,22.848559005069546,1.0284190066158772,7
260830,1,a,59,11,28.567667002789676,4.084104002686217,19.950305999373086,4.052921998663805,6
260830,1,a,60,12,29.432493000058457,1.4324520016089082,23.439298005541787,4.065943998284638,7
260830,1,a,61,13,25.103395004407503,1.0799970041261986,22.563808000995778,0.9656239999458194,2
260830,1,a,62,14,24.850229994626716,0.9821790008572862,22.47572600026615,0.9526570065645501,1
260830,1,a,63,15,28.386164995026775,4.154622001806274,19.78778299235273,4.010710996226408,5
260830,1,a,64,0,25.210876003257,1.0130109876627102,22.786764995544218,0.9654120076447725,16
260830,1,a,65,1,28.173320009955205,4.011640005046502,19.76388500770554,3.9582550089107826,1
260830,1,a,66,2,25.354190001962706,1.0131110029760748,22.890106003615074,0.9900199947878718,6
260830,1,a,67,3,25.24657899630256,4.12461299856659,19.731425010832027,0.9507420036243275,2
260830,1,a,68,4,28.01552698656451,0.9955519926734269,19.59414000157267,3.981399000622332,4
260830,1,a,69,5,24.75007799512241,0.9526580106467009,22.406642994610593,0.9490240045124665,2
260830,1,a,70,6,24.77748499950394,0.9370099869556725,22.490786999696866,0.933896008064039,2
260830,1,a,71,7,27.766145998612046,4.011244003777392,19.38901400717441,3.939524991437793,3
260830,1,a,72,8,24.621754986583255,0.9400989947607741,19.306212008814327,3.9527490007458255,6
260830,1,a,73,9,24.983947005239315,0.979425007244572,22.583352998481132,0.9856139949988574,16
260830,1,a,74,10,24.90809399751015,4.005049995612353,19.509156001731753,0.945507999858819,7
260830,1,a,75,11,27.66891500505153,0.9434649982722476,19.364213992957957,3.934182008379139,6
260830,1,a,76,12,25.103188992943615,1.310681996983476,22.440489992732182,0.9443800081498921,7
260830,1,a,77,13,24.790973009658046,0.9498710132902488,22.47089300362859,0.9527389920549467,2
260830,1,a,78,14,28.006246997392736,3.923994008800946,19.6570249972865,3.9945880125742406,1
260830,1,a,79,15,28.618602009373717,4.1930129955289885,19.92699499533046,4.026356007670984,5
260830,1,a,80,0,25.380417006090283,1.018452996504493,22.878402000060305,1.0125770058948547,16
260830,1,a,81,1,28.517340993857943,4.081674996996298,19.939916004659608,4.018848005216569,1
260830,1,a,82,2,25.514168999507092,1.028687009238638,22.965645999647677,1.038860995322466,6
260830,1,a,83,3,28.54809300333727,4.123273989534937,19.905747001757845,4.040648986119777,2
260830,1,a,84,4,25.736452007549815,1.0468199907336384,23.161670003901236,1.0536490008234978,4
260830,1,a,85,5,28.944398000021465,1.066023003659211,23.33830999850761,1.0379260056652129,2
260830,1,a,86,6,28.524859008030035,4.059660001075827,19.924873995478265,4.047498994623311,2
260830,1,a,87,7,25.404233994777314,1.095965999411419,22.84952299669385,0.9715630003483966,3
260830,1,a,88,8,25.11392001179047,3.9612800028407946,19.752253996557556,0.9546600049361587,6
260830,1,a,89,9,27.99725999648217,0.9957849979400635,19.63877100206446,3.940206006518565,16
260830,1,a,90,10,25.085314002353698,0.9402890136698261,22.75665100023616,0.9670029976405203,7
260830,1,a,91,11,25.011602992890403,4.001595996669494,19.601371997850947,0.9561429906170815,6
260830,1,a,92,12,25.532287996611558,1.4030610036570579,22.728880008799024,0.9642349905334413,7
260830,1,a,93,13,25.395215998287313,1.0044530063169077,22.758873004931957,1.196669996716082,2
260830,1,a,94,14,27.944346991716884,0.9522689942969009,19.60314299503807,3.9419030072167516,1
260830,1,a,95,15,24.98486000695266,1.2305529962759465,22.39362700493075,0.9421049908269197,5
260830,1,a,96,0,24.742227004026063,3.93473899748642,19.44280399766285,0.9339230018667877,16
260830,1,a,97,1,27.702970008249395,0.969107000855729,19.398421005462296,3.9124370086938143,1
260830,1,a,98,2,24.725199007662013,0.9452899976167828,22.41994701034855,0.9459730063099414,6
260830,1,a,99,3,25.130873997113667,1.368643992464058,22.385186995961703,0.9484049951424822,2
260830,1,a,100,4,27.746600986574776,3.9284760132431984,19.442895994870923,0.9474450052948669,4
260830,1,a,101,5,24.76796899281908,0.989469001069665,19.396716001210734,3.9432780031347647,2
260830,1,a,102,6,24.52517500205431,0.9186759998556226,22.244655003305525,0.9308760054409504,2
260830,1,a,103,7,24.755115999141708,1.01828298647888,22.370145001332276,0.9569070098223165,3
260830,1,a,104,8,28.070794011000544,3.9201920008054003,19.742926000617445,3.984504990512505,6
260830,1,a,105,9,25.359042003401555,0.9785720030777156,22.922121002920903,1.0141450038645416,16
260830,1,a,106,10,28.46103000047151,0.9946390055119991,22.989470991888084,1.0241830023005605,7
260830,1,a,107,11,25.476021008216776,1.028904996928759,22.95885000785347,1.0036599996965379,6
260830,1,a,108,12,29.128763999324292,4.473106993827969,20.099743007449433,4.080340993823484,7
260830,1,a,109,13,25.97778700874187,1.1123959993710741,23.32332199148368,1.037163005094044,2
260830,1,a,110,14,28.671164996922016,1.0362679895479232,23.12229698873125,1.0198689997196198,1
260830,1,a,111,15,29.001468006754294,4.333401986514218,20.12307199765928,4.062722000526264,5
260830,1,a,112,0,25.71404300397262,1.0644730064086616,23.13762799894903,1.029924998874776,16
260830,1,a,113,1,28.715386011754163,4.0854499966371804,20.090417005121708,4.050910996738821,1
260830,1,a,114,2,25.555587009876035,1.0488120024092495,22.973076993366703,1.0291060025338084,6
260830,1,a,115,3,28.431168000679463,4.201628995360807,19.764315002248622,3.992290992755443,2
260830,1,a,116,4,25.05576600378845,0.9818899998208508,22.658617002889514,0.9633309964556247,4
260830,1,a,117,5,28.11194199603051,3.9701369969407097,19.74438500474207,3.9636010042158887,2
260830,1,a,118,6,25.057973005459644,0.9664749959483743,22.67446499899961,0.9691949962871149,2
260830,1,a,119,7,24.882518002414145,1.0057350009446964,22.500915991258807,0.9264670079573989,3
260830,1,a,120,8,24.63152499694843,3.9299589989241213,19.35161300934851,0.9363150020362809,6
260830,1,a,121,9,27.716299999156035,0.9573179995641112,19.405694998567924,3.9357289933832362,16
260830,1,a,122,10,24.809606999042444,0.9403599979123101,22.518829006003216,0.9379459952469915,7
260830,1,a,123,11,24.846019005053677,0.9326439903816208,22.52568800759036,0.9705679985927418,6
260830,1,a,124,12,29.06631700170692,4.444158999831416,23.109845002181828,1.0560850059846416,7
260830,1,a,125,13,25.604705995647237,1.0856989974854514,22.953998995944858,1.0729110072134063,2
260830,1,a,126,14,28.795293997973204,1.0593409970169887,23.157849005656317,1.0734050010796636,1
260830,1,a,127,15,29.28307600086555,4.396228003315628,20.254620001651347,4.127883992623538,5
260830,1,a,128,0,25.874901009956375,1.0898170003201813,23.200553012429737,1.067252000211738,16
260830,1,a,129,1,28.906314008054323,1.119649998145178,23.232482999446802,1.0543940006755292,1
260830,1,a,130,2,28.995650995057076,4.102349004824646,20.284840997192077,4.1026429971680045,6
260830,1,a,131,3,29.288327001268044,1.4649039949290454,23.242575000040233,1.0650589974829927,2
260830,1,a,132,4,26.242528998409398,1.1174050014233217,23.55167300265748,1.0712529910961166,4
260830,1,a,133,5,29.221536999102682,4.126511004869826,23.50359699630644,1.0924640082521364,2
260830,1,a,134,6,29.29332600615453,4.093067997018807,20.607512997230515,4.089925001608208,2
260830,1,a,135,7,29.2769590014359,1.1974389926763251,23.48974600317888,4.082277009729296,3
260830,1,a,136,8,26.094455999555066,1.1004239931935444,23.38913299900014,1.1075990041717887,6
260830,1,a,137,9,29.372133998549543,4.10837099479977,23.675235992413945,1.0896110034082085,16
260830,1,a,138,10,29.389401999651454,4.1700790025061,20.551434994558804,4.141326004173607,7
260830,1,a,139,11,29.15926100104116,1.1025620042346418,23.458067007595673,4.074668991961516,6
260830,1,a,140,12,29.445951993693598,4.3441329908091575,23.4901939984411,1.114270999096334,7
260830,1,a,141,13,29.386779002379626,4.157731993473135,20.514201998594217,4.208240992738865,2
260830,1,a,142,14,28.904165999847464,1.0626130097080022,23.29711899801623,1.0375370038673282,1
260830,1,a,143,15,26.281479993485846,1.3999999937368557,23.317575003602542,1.0509610001463443,5
260830,1,a,144,0,29.112349002389237,4.098454999621026,23.381015998893417,1.1327069951221347,16
260830,1,a,145,1,28.789741001673974,1.0989439906552434,23.142719001043588,4.04754099145066,1
260830,1,a,146,2,25.798123999265954,1.1028029985027388,23.12513098877389,1.0769359942059964,6
260830,1,a,147,3,29.332271005841903,4.477345995837823,23.321753993513994,1.0390309907961637,2
260830,1,a,148,4,29.09626701148227,1.1143789888592437,23.405893007293344,4.083248000824824,4
260830,1,a,149,5,25.9225469926605,1.1048180022044107,23.27087400772143,1.0538939968682826,2
260830,1,a,150,6,29.00117199169472,4.091615992365405,23.33341000485234,1.0716160031734034,2
260830,1,a,151,7,29.01337000366766,4.141068988246843,20.306525999330916,4.058217004057951,3
260830,1,a,152,8,25.864130991976708,1.1004140105796978,23.198896000394598,1.0647329909261316,6
260830,1,a,153,9,28.908987005706877,4.100308011402376,23.233355997945182,1.071295002475381,16
260830,1,a,154,10,29.306650001672097,1.0874729923671111,23.441437995643355,4.271240992238745,7
260830,1,a,155,11,31.246061000274494,1.2121930049033836,28.240825995453633,1.2168380053481087,6
260830,1,a,156,12,40.406792002613656,11.008982997736894,24.81721500225831,3.995623002992943,7
260830,1,a,157,13,24.788627997622825,0.995373004116118,22.370155988028273,0.9606389940017834,2
260830,1,a,158,14,24.713035993045196,0.9015100076794624,22.482854008558206,0.9192569996230304,1
260830,1,a,159,15,24.91638599894941,4.200755996862426,19.405508995987475,0.9100040042540058,5
260830,1,a,160,0,27.74141400004737,0.9019779972732067,22.50350000394974,0.9470360091654584,16
260830,1,a,161,1,24.81852199707646,0.9960949973901734,22.50932398601435,0.9127869998337701,1
260830,1,a,162,2,24.861416008207016,0.9233059972757474,22.6046190073248,0.9388890030095354,6
260830,1,a,163,3,31.546893005724996,7.33289698837325,19.7905270033516,4.013317011413164,2
260830,1,a,164,4,25.271040009101853,0.9336080111097544,22.922948992345482,0.9851469949353486,4
260830,1,a,165,5,28.778609004803002,3.9647820085519925,20.298668008763343,4.074434997164644,2
260830,1,a,166,6,25.908472001901828,1.0695850069168955,23.345320994849317,1.0094500030390918,2
260830,1,a,167,7,29.167107000830583,1.1628439970081672,23.403774001053534,1.0685540037229657,3
260830,1,a,168,8,29.000030001043342,4.109911998966709,20.352735999040306,4.040681000333279,6
260830,1,a,169,9,25.46319800603669,1.023036995320581,22.993901002337225,0.9767180017661303,16
260830,1,a,170,10,28.76899800321553,4.134743008762598,23.17646901065018,1.0182170080952346,7
260830,1,a,171,11,25.378143996931612,0.9981220064219087,22.918069997103885,0.992183995549567,6
260830,1,a,172,12,28.52783699927386,1.4448290021391585,22.587931001908146,1.0228879982605577,7
260830,1,a,173,13,25.421857993933372,1.061110000591725,22.87651298684068,1.0130529990419745,2
260830,1,a,174,14,28.413050007657148,1.0536330082686618,22.849678993225098,1.0183639969909564,1
260830,1,a,175,15,25.77301100245677,1.3171760074328631,22.967893004533835,1.0069540003314614,5
260830,1,a,176,0,28.436152992071584,1.0454149887664244,22.895810994668864,1.011176995234564,16
260830,1,a,177,1,25.57224500924349,1.071678998414427,23.017270999844186,1.0010529949795455,1
260830,1,a,178,2,28.73377200739924,1.1361640063114464,23.05084900581278,1.0513479937799275,6
260830,1,a,179,3,29.413404990918934,4.475745998206548,20.383277005748823,4.057591999298893,2
260830,1,a,180,4,25.55306299473159,1.0694410011637956,23.01779799745418,0.9873099916148931,4
260830,1,a,181,5,28.344114994979464,1.0670359915820882,19.80106098926626,3.995644990936853,2
260830,1,a,182,6,24.809036010992713,0.9662600059527904,22.46619699872099,0.9422300063306466,2
260830,1,a,183,7,24.7871129977284,3.9824999985285103,19.442256991169415,0.9440760040888563,3
260830,1,a,184,8,18.917655004770495,0.9271529997931793,13.6608049942879,0.9195530001306906,6
260830,1,a,185,9,12.704067994491197,0.9108790109166875,10.519250994548202,0.9087340004043654,16
260830,1,a,186,10,12.74407299933955,0.9221619984600693,10.555810993537307,0.8977660036180168,7
260830,1,a,187,11,12.706252004136331,0.8949370094342157,10.580549002042972,0.8699669997440651,6
260830,1,a,188,12,13.026326007093303,1.334304004558362,10.487829000339843,0.8509370090905577,7
260830,1,a,189,13,12.526024001999758,0.8834179898258299,10.438047000207007,0.8557049877708778,2
260830,1,a,190,14,12.49620299495291,0.8458410011371598,10.480744997039437,0.8380630024475977,1
260830,1,a,191,15,12.690350005868822,1.1786630057031289,10.2495059982175,0.9275539923692122,5
260830,1,a,192,0,12.235610003699549,0.8804029930615798,10.194254005909897,0.8336960017913952,16
260830,1,a,193,1,12.447514993255027,0.920031001442112,10.328133997973055,0.8582029986428097,1
260830,1,a,194,2,12.703785992925987,0.8823749958537519,10.510603999136947,0.9411339997313917,6
260830,1,a,195,3,13.719292008318007,1.3774739927612245,10.961858002701774,0.9554840071359649,2
260830,1,a,196,4,13.094257999910042,0.9513709956081584,10.791901004267856,0.9152109996648505,4
260830,1,a,197,5,12.76499600498937,0.8925449947128072,10.616095998557284,0.8799960050964728,2
260830,1,a,198,6,12.416709010722116,0.9005169995361939,10.307750009815209,0.8593499951530248,2
260830,1,a,199,7,12.746638007229194,0.9417609981028363,10.52850800624583,0.9091630054172128,3
260830,1,b,0,0,25.828336001723073,1.1506650043884292,23.797441986971535,0.3617589973146096,12
260830,1,b,1,1,28.09946700290311,0.9910249937092885,23.3196220069658,0.3412669902900234,1
260830,1,b,2,2,25.063171007786877,0.9667440026532859,23.325261994614266,0.3503860061755404,7
260830,1,b,3,3,28.929587992024608,4.398058998049237,23.708676992100663,0.37864400655962527,2
260830,1,b,4,4,25.466701001278125,1.085034993593581,23.54184900468681,0.3699549997691065,3
260830,1,b,5,5,28.782915003830567,4.0555990126449615,23.88973299821373,0.38113999471534044,1
260830,1,b,6,6,25.621346008847468,1.0532890009926632,23.696638992987573,0.3730429889401421,2
260830,1,b,7,7,28.927174003911205,1.094620005460456,23.959287005709484,0.38772699190303683,3
260830,1,b,8,8,28.82016600051429,4.1008670086739585,23.765585996443406,0.45821400999557227,6
260830,1,b,9,9,25.511518004350364,1.0409040114609525,23.629259012523107,0.37173500459175557,14
260830,1,b,10,10,28.87051999277901,4.033499993965961,23.986076994333416,0.38340300670824945,7
260830,1,b,11,11,43.55942099937238,1.081883005099371,41.32507600297686,0.6223829986993223,6
260830,1,b,12,12,48.29820999293588,2.3750899999868125,41.57831199700013,0.6133160059107468,8
260830,1,b,13,13,47.408841986907646,1.6037349996622652,41.47619899595156,0.6052020034985617,3
260830,1,b,14,14,46.885420990292914,4.556591011350974,41.15992299921345,0.47881600039545447,0
260830,1,b,15,15,47.52143198857084,5.077506008092314,41.16885999974329,0.6025290058460087,4
260830,1,b,16,0,47.214329009875655,4.523352006799541,38.24767901096493,0.6015669932821766,12
260830,1,b,17,1,44.21390099741984,1.6037339955801144,41.29696798918303,0.6029630021657795,1
260830,1,b,18,2,47.18553100246936,4.549662990029901,41.314717003842816,0.6173549918457866,7
260830,1,b,19,3,48.245068988762796,5.343739001546055,41.546760010533035,0.6244340038392693,2
260830,1,b,20,4,47.82582400366664,4.6099689934635535,41.81681301270146,0.6407860055333003,3
260830,1,b,21,5,49.166060009156354,4.659420999814756,43.11628799769096,0.6165560043882579,1
260830,1,b,22,6,47.83653300546575,4.625542991561815,41.814151001744904,0.6432039954233915,2
260830,1,b,23,7,48.14766898925882,4.729833002784289,42.038279003463686,0.6244529940886423,3
260830,1,b,24,8,47.86253000202123,4.638548009097576,41.840168996714056,0.6258899957174435,6
260830,1,b,25,9,47.82237000472378,4.6670680021634325,41.766262002056465,0.6294080085353926,14
260830,1,b,26,10,47.92186499980744,4.6084570058155805,41.93027300061658,0.6247249984880909,7
260830,1,b,27,11,47.2833259991603,4.575787999783643,41.386831988347694,0.580138002987951,6
260830,1,b,28,12,47.544121989631094,5.25081499654334,38.053580006817356,3.583063997211866,8
260830,1,b,29,13,43.8875910040224,1.4838219940429553,41.16532299667597,0.5951119965175167,3
260830,1,b,30,14,46.83607000333723,4.477524998947047,41.197347003617324,0.4884109948761761,0
260830,1,b,31,15,47.81317299057264,5.104847994516604,41.393973006051965,0.6075589917600155,4
260830,1,b,32,0,30.574386997614056,4.469922001590021,25.13092900335323,0.3186599933542311,12
260830,1,b,33,1,23.872316000051796,0.9819830011110753,22.184168992680497,0.3138820029562339,1
260830,1,b,34,2,24.033460998907685,0.8802850061329082,22.447340001235716,0.32299599843099713,7
260830,1,b,35,3,24.245724009233527,4.282227004296146,19.258672997239046,0.3085530042881146,2
260830,1,b,36,4,23.82763399509713,3.882407007040456,19.231027996283956,0.30959700234234333,3
260830,1,b,37,5,23.59704799891915,0.8537679968867451,22.085097996750847,0.29774899303447455,1
260830,1,b,38,6,23.485522004193626,0.8891499892342836,21.967995999148116,0.2888129965867847,2
260830,1,b,39,7,23.439234006218612,0.8689320093253627,18.958653003210202,3.2960009993985295,3
260830,1,b,40,8,20.533287010039203,0.8228040096582845,19.109861008473672,0.2856380015145987,6
260830,1,b,41,9,23.438809002982453,0.8407069981331006,18.985301998327486,0.2915639925049618,14
260830,1,b,42,10,23.732868998195045,3.8318720035022125,19.25247699546162,0.32875699980650097,7
260830,1,b,43,11,24.76352699159179,3.9453360077459365,20.060202994500287,0.3677180066006258,6
260830,1,b,44,12,28.752984013408422,1.4684930065413937,23.423345002811402,0.3570929984562099,8
260830,1,b,45,13,24.92980800161604,1.0425469954498112,23.10510299867019,0.3269689914304763,3
260830,1,b,46,14,23.563074006233364,3.8668030028929934,19.077580000157468,0.23441101075150073,0
260830,1,b,47,15,23.816767003154382,4.137124997214414,19.04178300173953,0.3146599920000881,4
260830,1,b,48,0,23.586713999975473,0.8161650039255619,19.131209002807736,0.2908280002884567,12
260830,1,b,49,1,23.584958995343186,0.8785370009718463,22.065262994146906,0.300102008623071,1
260830,1,b,50,2,23.478167000575922,0.8298280008602887,22.027428000001237,0.2952779905172065,7
260830,1,b,51,3,24.928716011345387,5.219517988734879,19.085956999333575,0.3014590038219467,2
260830,1,b,52,4,23.95410400640685,0.9629319974919781,22.319070005323738,0.3118969907518476,3
260830,1,b,53,5,24.92207699106075,0.8678690064698458,23.337799997534603,0.32674099202267826,1
260830,1,b,54,6,24.317281000548974,0.9100919996853918,22.65158700174652,0.3377230023033917,2
260830,1,b,55,7,24.201016000006348,3.9376619970425963,19.502260998706333,0.31935799052007496,3
260830,1,b,56,8,24.080172006506473,3.8950009911786765,19.460618001176044,0.32285499037243426,6
260830,1,b,57,9,24.17028500349261,3.893783999956213,19.53708399378229,0.3466820053290576,14
260830,1,b,58,10,24.229806003859267,3.970003002905287,19.48813498893287,0.3385720046935603,7
260830,1,b,59,11,24.273706003441475,4.0086869994411245,19.525331998011097,0.3175109886797145,6
260830,1,b,60,12,27.784383011749014,1.3054759911028668,22.706389994709753,0.35291399399284273,8
260830,1,b,61,13,24.202763990615495,0.959505996434018,22.461917003965937,0.34663299447856843,3
260830,1,b,62,14,24.434004997601733,0.9491939999861643,22.753825003746897,0.281960004940629,0
260830,1,b,63,15,24.33442499022931,1.2975550052942708,22.29801198700443,0.31305200536735356,4
260830,1,b,64,0,24.203319000662304,0.8917849918361753,22.59996499924455,0.3267840074840933,12
260830,1,b,65,1,24.013650996494107,3.968836012063548,19.309500989038497,0.322389998473227,1
260830,1,b,66,2,24.065836012596264,3.9177230064524338,19.427835999522358,0.3141269990010187,7
260830,1,b,67,3,24.38996999990195,4.264342991518788,19.424712998443283,0.3133059944957495,2
260830,1,b,68,4,24.32391200272832,3.881063006701879,19.712731998879462,0.34417099959682673,3
260830,1,b,69,5,27.621535991784185,0.979399002972059,19.868397008394822,3.336583002237603,1
260830,1,b,70,6,19.589097995776683,0.9391979983774945,17.917514996952377,0.3284920094301924,2
260830,1,b,71,7,27.13738300371915,0.9576980082783848,19.458159993519075,0.30139199225232005,3
260830,1,b,72,8,29.573674997664057,0.9358490060549229,27.93307999672834,0.31819799914956093,6
260830,1,b,73,9,32.236713988822885,0.8928169991122559,30.62596700328868,0.3294220077805221,14
260830,1,b,74,10,36.38511600729544,0.9149389952654019,34.7125880070962,0.33289799466729164,7
260830,1,b,75,11,36.31495400622953,0.9234089957317337,34.66261400899384,0.3212930023437366,6
260830,1,b,76,12,36.63708099338692,7.319518001168035,28.601275000255555,0.31970799318514764,8
260830,1,b,77,13,36.292657008743845,6.9127680035308,28.670271989540197,0.3174680023221299,3
260830,1,b,78,14,39.797895995434374,6.343387998640537,32.7862950070994,0.2711260021897033,0
260830,1,b,79,15,43.16185299830977,7.2571979981148615,35.05624800163787,0.40764399454928935,4
260830,1,b,80,0,36.95472299295943,1.0305260075256228,35.10985399771016,0.35286799538880587,12
260830,1,b,81,1,36.926136002875865,1.0814859997481108,35.03262701269705,0.3545340005075559,1
260830,1,b,82,2,43.24758899747394,7.047658000374213,28.75075199699495,0.3296590002719313,7
260830,1,b,83,3,46.41957099374849,1.391498008160852,38.165320991538465,6.388127003447153,2
260830,1,b,84,4,45.62444500334095,1.0763059981400147,43.67010199348442,0.38276299892459065,3
260830,1,b,85,5,44.97140100284014,1.1261860054219142,42.9643399984343,0.37042600160930306,1
260830,1,b,86,6,37.52401199017186,1.0787530045490712,35.588090991950594,0.3728820011019707,2
260830,1,b,87,7,43.30177899100818,7.10984600300435,35.34509599558078,0.36406800791155547,3
260830,1,b,88,8,37.38561799400486,1.061279996065423,35.47501900175121,0.36754900065716356,6
260830,1,b,89,9,43.73811901314184,7.127267992473207,35.73962999507785,0.38058300560805947,14
260830,1,b,90,10,37.73871799057815,1.0915130114881322,35.79233700293116,0.36855800135526806,7
260830,1,b,91,11,43.61466701084282,7.097747991792858,35.62965500168502,0.38761799805797637,6
260830,1,b,92,12,43.9600719982991,7.510903989896178,29.600573994684964,6.368460992234759,8
260830,1,b,93,13,36.845776994596235,0.9819949918892235,35.08211000007577,0.3308589948574081,3
260830,1,b,94,14,36.25584101246204,0.9300579986302182,34.669175001909025,0.25683900457806885,0
260830,1,b,95,15,36.57808199932333,1.1636880080914125,34.72981600498315,0.3218119964003563,4
260830,1,b,96,0,36.61759500391781,6.921075997524895,29.004736003116705,0.3166490059811622,12
260830,1,b,97,1,32.711660998757,6.978937002713792,25.064012996153906,0.30585100466851145,1
260830,1,b,98,2,23.32860100432299,3.8559990061912686,18.84784799767658,0.29707400244660676,7
260830,1,b,99,3,21.19679399766028,1.236237003467977,19.329445000039414,0.3018440038431436,2
260830,1,b,100,4,24.03932300512679,0.8706540102139115,22.520604004967026,0.30453799990937114,3
260830,1,b,101,5,23.970188995008357,0.832142002764158,22.501065002870746,0.30570100352633744,1
260830,1,b,102,6,24.01111400104128,0.8444450068054721,22.533404000569135,0.3083680057898164,2
260830,1,b,103,7,23.99433900427539,3.9177889993879944,19.44365300005302,0.29367199749685824,3
260830,1,b,104,8,27.091687996289693,0.8278879977297038,25.647457005106844,0.2943069994216785,6
260830,1,b,105,9,24.261148006189615,3.8475340115837753,19.743163997191004,0.3454550023889169,14
260830,1,b,106,10,24.397407003561966,3.90147500729654,19.830203003948554,0.3093679988523945,7
260830,1,b,107,11,24.25136399688199,3.906742000253871,19.69329599523917,0.3015120018972084,6
260830,1,b,108,12,27.331607998348773,1.262671998119913,19.41383800294716,3.3168910013046116,8
260830,1,b,109,13,24.022195997531526,0.8762009965721518,19.526083007804118,3.3039779955288395,3
260830,1,b,110,14,24.22160100832116,0.8117780089378357,22.640782000962645,0.4473209992283955,0
260830,1,b,111,15,24.119636000250466,1.0752660018624738,22.416530991904438,0.300922998576425,4
260830,1,b,112,0,23.932843003422022,0.8532439969712868,22.454967998783104,0.2987080079037696,12
260830,1,b,113,1,23.78905400109943,0.8731859998079017,19.24484000483062,0.3506170032778755,1
260830,1,b,114,2,23.711247005849145,0.8323520014528185,19.268531003035605,3.302607001387514,7
260830,1,b,115,3,24.024608996114694,1.1897149961441755,19.224925999878906,3.3021240087691694,2
260830,1,b,116,4,19.262893998529762,0.8646299975225702,17.787971009965986,0.2983619924634695,3
260830,1,b,117,5,27.013339989935048,6.837399007054046,19.535019993782043,0.3136950108455494,1
260830,1,b,118,6,23.982074999366887,3.895030007697642,19.41004500258714,0.3121979971183464,2
260830,1,b,119,7,24.0612979978323,3.9384249976137653,19.468484999379143,0.30420599796343595,3
260830,1,b,120,8,23.945869004819542,3.8339799939421937,19.452813008683734,0.30997200519777834,6
260830,1,b,121,9,24.07617200515233,3.9495119999628514,19.460587005596608,0.30553099350072443,14
260830,1,b,122,10,23.888646988780238,3.8751800020691007,19.359778991201892,0.2955230011139065,7
260830,1,b,123,11,23.85876400512643,3.8929190050112084,19.328361988300458,0.31304000003729016,6
260830,1,b,124,12,24.247674009529874,4.156397000770085,19.440089003182948,0.3053459950024262,8
260830,1,b,125,13,24.014709997572936,3.8985769933788106,19.485568001982756,0.2920039987657219,3
260830,1,b,126,14,23.735537004540674,3.8099679950391874,19.370533991605043,0.24040900461841375,0
260830,1,b,127,15,24.174117992515676,4.110169000341557,19.42164500360377,0.3064460033783689,4
260830,1,b,128,0,24.308339998242445,3.9059709961293265,19.754388005821966,0.3078769950661808,12
260830,1,b,129,1,27.70899099414237,0.9070529922610149,19.850878001307137,3.6010280018672347,1
260830,1,b,130,2,24.824022999382578,0.9397849935339764,23.1474110041745,0.34788700577337295,7
260830,1,b,131,3,25.021291003213264,4.2542549927020445,19.839589003822766,0.5221169994911179,2
260830,1,b,132,4,24.22299400495831,3.8629189948551357,19.722315002582036,0.29992400959599763,3
260830,1,b,133,5,27.47867300058715,0.8648799994261935,19.929458998376504,3.343079995829612,1
260830,1,b,134,6,24.51416800613515,0.903795997146517,22.90984900901094,0.3231150039937347,2
260830,1,b,135,7,24.551615002565086,0.9257019992219284,22.956977001740597,0.31394700636155903,3
260830,1,b,136,8,29.457297991029918,0.8491710032103583,27.82426800695248,0.41492399759590626,6
260830,1,b,137,9,29.51173100154847,1.1441459937486798,24.360027004149742,3.450225995038636,14
260830,1,b,138,10,29.725515996688046,1.301876996876672,24.48415700928308,0.3778609971050173,7
260830,1,b,139,11,25.051797012565657,1.0547790006967261,23.20083799713757,0.3287290019216016,6
260830,1,b,140,12,29.796971997711807,1.3220550026744604,27.691579991369508,0.38174599467311054,8
260830,1,b,141,13,24.695929998415522,1.0531290026847273,22.86967501277104,0.3061059978790581,3
260830,1,b,142,14,24.11087199288886,0.8275279978988692,22.704436007188633,0.24221400963142514,0
260830,1,b,143,15,24.40195099916309,4.144685997744091,19.464128999970853,0.4667390021495521,4
260830,1,b,144,0,24.20644300582353,3.8624770095339045,19.717210001545027,0.3079820016864687,12
260830,1,b,145,1,24.153753998689353,3.9232889976119623,19.607919006375596,0.29806100064888597,1
260830,1,b,146,2,24.151101999450475,3.8923870015423745,19.64649099681992,0.29648600320797414,7
260830,1,b,147,3,27.342660003341734,4.2144799954257905,19.494384003337473,3.316825008369051,2
260830,1,b,148,4,24.47649498935789,0.9304539998993278,22.888781008077785,0.30270298884715885,3
260830,1,b,149,5,24.038925010245293,0.8418090001214296,22.566797997569665,0.29610398632939905,1
260830,1,b,150,6,23.90268599265255,0.8518949907738715,22.43733700015582,0.28917800227645785,2
260830,1,b,151,7,24.093614003504626,0.8978609985206276,22.58165400417056,0.3022070013685152,3
260830,1,b,152,8,22.978378998232074,0.834664999274537,21.50881799752824,0.30988499929662794,6
260830,1,b,153,9,27.421681996202096,0.8729709952604026,25.8621020038845,0.32997698872350156,14
260830,1,b,154,10,24.66907699999865,0.9087189973797649,23.057653990690596,0.3289520100224763,7
260830,1,b,155,11,24.97969700198155,3.916506000678055,20.32403601333499,0.3384849987924099,6
260830,1,b,156,12,28.531028001452796,1.4276809961302206,23.348741000518203,0.3469709918135777,8
260830,1,b,157,13,24.95698898565024,0.9736749925650656,23.22984900092706,0.3386549942661077,3
260830,1,b,158,14,24.208895993069746,3.932129009626806,19.61896700959187,0.26170400087721646,0
260830,1,b,159,15,27.712648996384814,4.019533007522114,19.907923007849604,3.3644939976511523,4
260830,1,b,160,0,24.681537004653364,0.9518330043647438,22.967222990700975,0.3417390107642859,12
260830,1,b,161,1,24.53403899562545,1.0071569995488971,22.590782988118008,0.5137999978614971,1
260830,1,b,162,2,23.972058988874778,0.8618940046289936,22.462217006250285,0.3058639995288104,7
260830,1,b,163,3,24.170338991098106,4.036067999550141,19.4985989946872,0.30251698626670986,2
260830,1,b,164,4,24.080175993731245,3.9630529936403036,19.475726003292948,0.30382900149561465,3
260830,1,b,165,5,27.51081300084479,0.8822050003800541,19.896728001185693,3.357612993568182,1
260830,1,b,166,6,24.572296999394894,1.0236059897579253,22.798787991632707,0.3216259938199073,2
260830,1,b,167,7,23.508612997829914,0.9166389936581254,21.91512699937448,0.30729400168638676,3
260830,1,b,168,8,23.94857699982822,0.8529890037607402,19.413488000282086,3.339547009090893,6
260830,1,b,169,9,24.32204999786336,0.9377319947816432,22.683855990180746,0.31689599563833326,14
260830,1,b,170,10,24.19592801015824,0.8747440006118268,22.619171999394894,0.3182929940521717,7
260830,1,b,171,11,24.717461987165734,0.8956049859989434,23.08025299862493,0.348340006894432,6
260830,1,b,172,12,25.166587001876906,4.3577530013863,19.998753996333107,0.3861050063278526,8
260830,1,b,173,13,27.733269991585985,0.9653879969846457,22.987222007941455,0.34451000101398677,3
260830,1,b,174,14,24.824377993354574,0.932921000639908,23.160637996625155,0.30841599800623953,0
260830,1,b,175,15,24.32531799422577,1.1445239942986518,22.509121990879066,0.30353500915225595,4
260830,1,b,176,0,23.947908004629426,0.8256540022557601,22.465769012342207,0.3055220004171133,12
260830,1,b,177,1,24.08283199474681,0.9118729940382764,22.529062000103295,0.3099250025115907,1
260830,1,b,178,2,23.879970001871698,0.8806559926597401,22.342511991155334,0.3022150049218908,7
260830,1,b,179,3,24.266556996735744,1.2647550029214472,22.356399000273086,0.3195089957443997,2
260830,1,b,180,4,23.834486986743286,0.8624559995951131,22.341871008393355,0.291841002763249,3
260830,1,b,181,5,23.816494998754933,0.8154149982146919,22.38756199949421,0.2969860070152208,1
260830,1,b,182,6,23.717818010482006,0.8440370002062991,22.25809900846798,0.29419500788208097,2
260830,1,b,183,7,24.004309001611546,0.8840939990477636,19.451273008598946,3.3533539972268045,3
260830,1,b,184,8,20.349673010059632,0.8393829921260476,18.8950029987609,0.2939089899882674,6
260830,1,b,185,9,23.748378996970132,0.8618959982413799,19.26049000758212,0.29683001048397273,14
260830,1,b,186,10,24.11250000295695,3.8544010021723807,19.619929997134022,0.3135110018774867,7
260830,1,b,187,11,24.120665999362245,3.91398899955675,19.517302003805526,0.3162259963573888,6
260830,1,b,188,12,27.5812180043431,1.2723770050797611,19.60835899808444,3.30925099842716,8
260830,1,b,189,13,24.271408998174593,0.8892879995983094,22.704956005327404,0.3239880024921149,3
260830,1,b,190,14,24.204151006415486,0.8702359918970615,22.68505199754145,0.26276998687535524,0
260830,1,b,191,15,24.755310005275533,1.1910070024896413,22.826500004157424,0.3381979913683608,4
260830,1,b,192,0,24.920964002376422,3.9610579988220707,20.09181799076032,0.3465490008238703,12
260830,1,b,193,1,27.58587298740167,4.008028001408093,19.784464995609596,3.3543179888511077,1
260830,1,b,194,2,24.147578995325603,0.9260950027965009,19.500637994497083,3.3163830084959045,7
260830,1,b,195,3,24.65583200682886,1.2611810088856146,22.69944199360907,0.32757699955254793,2
260830,1,b,196,4,24.208072005421855,0.9159470064332709,22.571751003852114,0.32357599411625415,3
260830,1,b,197,5,24.3294919928303,0.9021489968290552,22.68831300898455,0.3432360099395737,1
260830,1,b,198,6,28.660711002885364,4.298311992897652,20.5443229933735,3.3724599925335497,2
260830,1,b,199,7,24.649081999086775,1.0535869951127097,22.811924005509354,0.3152569988742471,3
260830,1,c,0,0,53.18700701172929,0.9070469968719408,48.41338700498454,3.460810999968089,14
260830,1,c,1,1,70.30201998713892,1.05231799534522,61.951245996169746,6.934378994628787,1
260830,1,c,2,2,66.51037000119686,4.643633990781382,57.56070101051591,3.9173969998955727,5
260830,1,c,3,3,54.39866200322285,4.647945999749936,45.34161199990194,3.9914179942570627,2
260830,1,c,4,4,49.83159599942155,0.9095179993892089,47.51477099489421,0.9887499909382313,4
260830,1,c,5,5,57.39533899759408,1.0648110037436709,51.86923900328111,3.9729179989080876,2
260830,1,c,6,6,54.95827901177108,1.039034003042616,49.445615004515275,3.9860990073066205,2
260830,1,c,7,7,55.006562994094566,1.0754389950307086,52.264240992371924,1.1913799971807748,3
260830,1,c,8,8,54.192707990296185,4.016016988316551,45.692372994381,4.011776996776462,7
260830,1,c,9,9,57.49475199263543,1.0208550083916634,55.00516798929311,0.9962479962268844,16
260830,1,c,10,10,82.93470299395267,1.0903509974014014,80.35109900811221,0.9922090102918446,7
260830,1,c,11,11,83.80325901089236,1.059885005815886,81.22354499937501,1.0223199933534488,5
260830,1,c,12,12,83.76717699866276,7.590890003484674,65.72676000359934,9.948346996679902,8
260830,1,c,13,13,81.69887200347148,0.9826409950619563,73.38960199558642,6.89014200179372,2
260830,1,c,14,14,73.98066800669767,0.8883590053301305,65.69910600956064,6.974928997806273,1
260830,1,c,15,15,73.33033000759315,1.338362999376841,64.46524200146087,7.0242229994619265,5
260830,1,c,16,0,79.59355899947695,1.0240590054308996,76.96976599982008,1.1105750018032268,14
260830,1,c,17,1,78.08612400549464,4.144873993936926,72.4546090059448,0.9777600062079728,1
260830,1,c,18,2,83.09629499854054,7.048647006740794,67.5396980077494,8.001270005479455,5
260830,1,c,19,3,88.84525000758003,1.4532219938701019,79.9225149967242,6.9656120031140745,2
260830,1,c,20,4,81.73048999742605,1.140581996878609,73.09966700267978,6.95602000632789,4
260830,1,c,21,5,74.956383992685,1.0608490119921044,72.47176099917851,0.9352499910164624,2
260830,1,c,22,6,53.81536598724779,1.0570180020295084,51.357924996409565,0.9389399929204956,2
260830,1,c,23,7,55.79418900015298,1.017041999148205,50.34473699925002,3.992458005086519,3
260830,1,c,24,8,52.442164000240155,0.993484994978644,48.27045899583027,2.717990006203763,7
260830,1,c,25,9,50.366012001177296,0.9688059944892302,45.209308998892084,3.7566310056718066,16
260830,1,c,26,10,52.293935004854575,0.9836370008997619,49.87206100486219,0.9743010014062747,7
260830,1,c,27,11,55.478832000517286,1.073179009836167,49.92644798767287,3.9827610016800463,5
260830,1,c,28,12,55.946416992810555,1.453631994081661,52.69813300401438,1.3127830025041476,8
260830,1,c,29,13,46.31069200695492,1.0479799966560677,43.948705002549104,0.8549040067009628,2
260830,1,c,30,14,52.01837999629788,0.869826995767653,46.93682199285831,0.8338509942404926,1
260830,1,c,31,15,49.993108012131415,1.1381279909983277,47.655855989432894,0.842854002257809,5
260830,1,c,32,0,52.6844410051126,3.8176910020411015,44.64273600024171,3.8705699989805,14
260830,1,c,33,1,60.28630900254939,0.9321660036221147,58.015884991618805,0.9508880029898137,1
260830,1,c,34,2,52.32353799510747,1.0848609963431954,46.83249699883163,0.9241119987564161,5
260830,1,c,35,3,54.53052000666503,3.0992109968792647,47.00200300430879,3.974498002207838,2
260830,1,c,36,4,53.751216997625306,1.022723998175934,51.13772800541483,1.1046720028389245,4
260830,1,c,37,5,69.13764000637457,1.2368850002530962,60.34050299786031,1.1097730020992458,2
260830,1,c,38,6,54.7762180067366,4.68207300582435,48.59681100060698,0.9832189971348271,2
260830,1,c,39,7,51.77322399686091,4.095483003766276,46.21102400415111,0.9604290098650381,3
260830,1,c,40,8,57.357344005140476,0.9960169991245493,51.8603309901664,4.025196001748554,7
260830,1,c,41,9,53.89549800020177,1.0890539997490123,51.33171199122444,0.9729830053402111,16
260830,1,c,42,10,55.58870200184174,1.012271997751668,53.043074993183836,1.0618219967000186,7
260830,1,c,43,11,54.942710004979745,1.0863700008485466,52.39216799964197,0.9703649993753061,5
260830,1,c,44,12,50.783163009327836,1.4074339997023344,47.90111900365446,1.0052059951703995,8
260830,1,c,45,13,50.50534299516585,0.971497007412836,45.26320299191866,0.8449120068689808,2
260830,1,c,46,14,51.73401700449176,0.8560240094084293,46.57486401265487,3.9328760030912235,1
260830,1,c,47,15,48.91602499992587,1.284778001718223,43.2615129975602,3.9241659978870302,5
260830,1,c,48,0,48.95522199512925,0.9608070104150102,46.671356991282664,0.8937660022638738,14
260830,1,c,49,1,56.512029987061396,0.9927890059771016,50.12663699744735,4.955832991981879,1
260830,1,c,50,2,52.15289599436801,1.03797999327071,46.65376999764703,3.991128003690392,5
260830,1,c,51,3,55.434042995329946,1.4051489997655153,52.581812007701956,0.9628820116631687,2
260830,1,c,52,4,54.01959500159137,1.0572229948593304,51.4640040055383,1.014095003483817,4
260830,1,c,53,5,55.238765009562485,1.0546249977778643,49.740243004634976,3.9516700053354725,2
260830,1,c,54,6,53.506756987189874,1.0071949945995584,48.101352993398905,3.935199012630619,2
260830,1,c,55,7,48.819151998031884,1.0739209974417463,43.36296900874004,3.9343649987131357,3
260830,1,c,56,8,53.55732500902377,1.0294840030837804,48.127600995940156,3.91945599403698,7
260830,1,c,57,9,80.992568997317,1.0218719980912283,72.5443470000755,6.96178300131578,16
260830,1,c,58,10,77.52604900451843,1.0132199968211353,71.45660699461587,4.5962409931235015,7
260830,1,c,59,11,90.20100299676415,3.949493999243714,78.42486500157975,7.349121995503083,5
260830,1,c,60,12,84.37236399913672,7.910637999884784,74.8319359991001,1.0594339983072132,8
260830,1,c,61,13,99.86392401333433,1.2095109996153042,90.95115298987366,1.1592669907258824,2
260830,1,c,62,14,93.38814800139517,2.060768994851969,89.64512801321689,1.140979991760105,1
260830,1,c,63,15,79.94602300459519,1.666696000029333,70.4484050074825,1.1488570016808808,5
260830,1,c,64,0,81.09847300511319,1.3936570030637085,71.82733400259167,1.0782699973788112,14
260830,1,c,65,1,81.04763600567821,7.148064993089065,72.41987000452355,0.9847319888649508,1
260830,1,c,66,2,54.49164401215967,7.123974995920435,45.87756500404794,0.9985590004362166,5
260830,1,c,67,3,79.9894649971975,7.502064996515401,71.05569800478406,0.9488369978498667,2
260830,1,c,68,4,80.86627699958626,6.9965879956725985,72.46812399534974,0.9347859886474907,4
260830,1,c,69,5,90.96806500747334,0.955655996222049,88.30095898883883,1.2480949953896925,2
260830,1,c,70,6,98.76145000453107,7.417953995172866,89.62397699360736,1.1663519981084391,2
260830,1,c,71,7,80.33999700273853,7.614126006956212,71.24636101070791,0.972659996477887,3
260830,1,c,72,8,74.83794100699015,1.0925940005108714,71.95842401415575,1.2734460033243522,7
260830,1,c,73,9,89.88432500336785,7.152621998102404,81.11979000386782,1.0644340072758496,16
260830,1,c,74,10,70.14538900693879,1.0928550036624074,67.48500499816146,1.0697799880290404,7
260830,1,c,75,11,72.25320200086571,1.1926290026167408,63.455844996497035,7.104396994691342,5
260830,1,c,76,12,98.43616299622227,1.5526950010098517,89.5021309988806,6.873840000480413,8
260830,1,c,77,13,72.1053769957507,0.9365029982291162,63.80892399465665,6.935279001481831,2
260830,1,c,78,14,72.46814300015103,0.9790030017029494,64.07546901027672,6.963039995753206,1
260830,1,c,79,15,82.21984999545384,1.3685559970326722,79.33618599781767,1.007767001283355,5
260830,1,c,80,0,78.18658401083667,7.141729991417378,69.51076700352132,1.0347859933972359,14
260830,1,c,81,1,81.75379899330437,7.159369008149952,73.08890100102872,0.9844149899436161,1
260830,1,c,82,2,84.54059800715186,7.118368012015708,75.8887970005162,1.0308909986633807,5
260830,1,c,83,3,81.1633819976123,7.334334994084202,72.34841700119432,0.9783629939192906,2
260830,1,c,84,4,91.89678200345952,10.05870700464584,80.38869801384863,0.9548089874442667,4
260830,1,c,85,5,81.99593001336325,7.991203005076386,65.63496400485747,7.908261002739891,2
260830,1,c,86,6,69.99682600144297,0.8974520023912191,67.82625400228426,0.8808210113784298,2
260830,1,c,87,7,51.226269992184825,1.0243029973935336,44.19661000429187,3.976138003054075,3
260830,1,c,88,8,53.305171997635625,1.0929860000032932,47.83011300605722,3.9217879966599867,7
260830,1,c,89,9,57.90539999725297,0.9719389927340671,55.48524200276006,1.0047339892480522,16
260830,1,c,90,10,67.84355999843683,1.065107004251331,65.31816399365198,0.9790009935386479,7
260830,1,c,91,11,54.191079005249776,4.0598949999548495,43.78315000212751,5.871229994227178,5
260830,1,c,92,12,45.659947994863614,1.2631459976546466,43.184010006370954,0.8459689997835085,8
260830,1,c,93,13,52.15017699811142,0.9085380006581545,46.94463200576138,0.9234869939973578,2
260830,1,c,94,14,54.943784009083174,0.9241770021617413,49.43631299829576,4.166439000982791,1
260830,1,c,95,15,54.44741199607961,1.3252079952508211,48.746468004537746,3.915995010174811,5
260830,1,c,96,0,48.85229098726995,0.9111840045079589,46.53302799852099,0.9968049998860806,14
260830,1,c,97,1,54.246188010438345,1.0570300073595718,51.78886700014118,0.9432470105821267,1
260830,1,c,98,2,51.707956998143345,3.9686639938736334,43.34893298801035,3.9198140002554283,5
260830,1,c,99,3,53.70704300003126,1.3037729950156063,48.21523299324326,3.8231670041568577,2
260830,1,c,100,4,62.966187004349194,0.851239004987292,57.868967996910214,3.9050869963830337,4
260830,1,c,101,5,49.316013988573104,0.8937410020735115,43.13081099826377,4.906884991214611,2
260830,1,c,102,6,48.509100000956096,0.9209540003212169,43.267789005767554,3.9149189979070798,2
260830,1,c,103,7,60.1527899998473,0.9829259943217039,57.79000700567849,0.9521849860902876,3
260830,1,c,104,8,81.10979199409485,4.0071160037769005,71.88307300384622,0.9703489922685549,7
260830,1,c,105,9,72.1868130058283,1.014527995721437,66.6877769981511,4.020954002044164,16
260830,1,c,106,10,43.90866600442678,0.9950550011126325,41.55256300873589,0.9109469974646345,7
260830,1,c,107,11,48.22088198852725,3.820942001766525,43.07412600610405,0.9118400048464537,5
260830,1,c,108,12,52.77686000044923,4.297404011595063,44.12176700134296,3.9488430047640577,8
260830,1,c,109,13,48.48155700892676,0.9629859996493906,43.198455998208374,3.9027220045682043,2
260830,1,c,110,14,53.07835100393277,0.8575490064686164,47.987050013034604,0.8616519917268306,1
260830,1,c,111,15,49.013585012289695,1.197150006191805,46.58595100045204,0.8771430002525449,5
260830,1,c,112,0,53.48119199334178,0.8721320045879111,51.13135000283364,1.1034839990315959,14
260830,1,c,113,1,49.69968000659719,3.9177569997264072,44.18017801071983,1.1142129951622337,1
260830,1,c,114,2,52.43224700097926,0.9818129910854623,47.060655007953756,3.9537029952043667,5
260830,1,c,115,3,55.05554900446441,1.372394006466493,52.31741099851206,0.9369260078528896,2
260830,1,c,116,4,49.441833994933404,0.9682469972176477,47.11693599529099,0.915019991225563,4
260830,1,c,117,5,49.80879298818763,0.9593510039849207,47.525033995043486,0.8967199973994866,2
260830,1,c,118,6,58.759671010193415,0.9539620077703148,52.53770500712562,0.9768710006028414,2
260830,1,c,119,7,53.816769999684766,4.103293991647661,45.27509500621818,3.94368200795725,3
260830,1,c,120,8,48.328306002076715,1.036514004226774,45.976430003065616,0.8806789992377162,7
260830,1,c,121,9,49.166746000992134,0.9625740058254451,43.92823799571488,3.898472001310438,16
260830,1,c,122,10,49.31996400409844,0.9444159950362518,44.066360002034344,3.89965099748224,7
260830,1,c,123,11,50.93893899174873,4.484176999540068,45.182032001321204,0.8885940042091534,5
260830,1,c,124,12,53.45034699712414,4.327134010964073,44.66528799093794,4.063248008606024,8
260830,1,c,125,13,29.772021996905096,1.023683013045229,27.365239002392627,0.9244920074706897,2
260830,1,c,126,14,26.695573003962636,0.9784650028450415,24.374944012379274,0.8750800043344498,1
260830,1,c,127,15,26.841126004001126,1.244914994458668,24.181531989597715,0.9650239953771234,5
260830,1,c,128,0,26.244401989970356,1.0385009954916313,23.925316010718234,0.8259720052592456,14
260830,1,c,129,1,25.69260200834833,0.9000070131151006,23.619225990842097,0.8380110084544867,1
260830,1,c,130,2,25.568561992258765,0.8605320035712793,23.490204999689013,0.8820450020721182,5
260830,1,c,131,3,38.312741002300754,1.307916987570934,35.67291000217665,0.9314789931522682,2
260830,1,c,132,4,53.135484995436855,4.033663994050585,47.67303400149103,0.9722310060169548,4
260830,1,c,133,5,29.950830998132005,1.0111269948538393,27.534452005056664,0.9332320041721687,2
260830,1,c,134,6,26.591492001898587,0.9987680095946416,24.29902899893932,0.8616880077170208,2
260830,1,c,135,7,25.961802995880134,0.9014969982672483,23.700207006186247,0.9891609952319413,3
260830,1,c,136,8,25.784679004573263,0.918832010938786,23.59372600039933,0.857702994835563,7
260830,1,c,137,9,26.672017003875226,0.9011429938254878,24.488768991432153,0.9043869940796867,16
260830,1,c,138,10,26.27340999606531,0.9284289990318939,24.02470400556922,0.910799004486762,7
260830,1,c,139,11,26.38074499554932,0.9236159967258573,24.183043991797604,0.859216001117602,5
260830,1,c,140,12,26.620734002790414,1.2815189984394237,24.06331300153397,0.9005220053950325,8
260830,1,c,141,13,26.049366992083378,1.01483499747701,23.764693003613502,0.8665170025778934,2
260830,1,c,142,14,25.87379999749828,0.8612940000602975,23.65992400154937,0.9721599926706403,1
260830,1,c,143,15,26.21335799631197,1.2179460027255118,23.69667099264916,0.9381900017615408,5
260830,1,c,144,0,26.202296998235397,0.9455480030737817,23.969343994394876,0.8669980015838519,14
260830,1,c,145,1,25.987223008996807,0.9493879915680736,23.81514299486298,0.8421679958701134,1
260830,1,c,146,2,25.75612100190483,0.8611160010332242,23.659081998630427,0.8799850038485602,5
260830,1,c,147,3,25.767262995941564,1.2544549972517416,23.3786770113511,0.7878630131017417,2
260830,1,c,148,4,25.630193995311856,0.8374780009035021,23.671963994274847,0.8048739982768893,4
260830,1,c,149,5,24.919599993154407,0.8202780009014532,22.99106000282336,0.7943119999254122,2
260830,1,c,150,6,25.511252009891905,0.9443460003240034,23.43155100243166,0.8093240030575544,2
260830,1,c,151,7,25.233213003957644,0.8878139924490824,23.234271007822827,0.7943750097183511,3
260830,1,c,152,8,25.096712008235045,0.831268000183627,23.13276998756919,0.800686000729911,7
260830,1,c,153,9,25.182758006849326,0.8423669933108613,23.21998200204689,0.8062050037551671,16
260830,1,c,154,10,25.30494199891109,0.8308229880640283,23.352396994596347,0.808116004918702,7
260830,1,c,155,11,25.167440006043762,0.8688480011187494,23.178079994977452,0.7957130001159385,5
260830,1,c,156,12,25.730714987730607,1.1986840108875185,23.395500000333413,0.8015229977900162,8
260830,1,c,157,13,25.2046009991318,0.8534890075679868,23.226966994116083,0.8012579928617924,2
260830,1,c,158,14,25.357008998980746,0.8035350037971511,23.437341005774215,0.8026489958865568,1
260830,1,c,159,15,25.282435002736747,1.122736997785978,23.035756006720476,0.8027570002013817,5
260830,1,c,160,0,25.32760499161668,0.8315679879160598,23.35260799736716,0.8306780073326081,14
260830,1,c,161,1,25.20770199771505,0.8772550063440576,23.225598997669294,0.7751869998173788,1
260830,1,c,162,2,25.33056799438782,0.8488779858453199,23.35511399724055,0.8099269907688722,5
260830,1,c,163,3,25.534781991154887,1.198723999550566,23.219213995616883,0.8013699989533052,2
260830,1,c,164,4,25.16691799974069,0.9766259900061414,23.025998001685366,0.8160099969245493,4
260830,1,c,165,5,25.16515900788363,0.8638389990665019,23.164655998698436,0.8054299978539348,2
260830,1,c,166,6,25.266441007261164,0.9856910037342459,23.10812500945758,0.8569920028094202,2
260830,1,c,167,7,25.112809002166614,0.9134769934462383,22.98063799389638,0.8831300074234605,3
260830,1,c,168,8,25.42909600015264,0.9486359922448173,23.2948229968315,0.7878100004745647,7
260830,1,c,169,9,25.137675009318627,0.8238360023824498,23.029050993500277,0.9688730060588568,16
260830,1,c,170,10,25.181165998219512,0.8332260040333495,23.2094779930776,0.8165650069713593,7
260830,1,c,171,11,25.509819999570027,0.8588649943703786,23.3703479898395,0.9462890011491254,5
260830,1,c,172,12,26.063309007440694,1.2405040033627301,23.577582993311808,0.8795949979685247,8
260830,1,c,173,13,26.243244006764144,0.9560609905747697,23.977314005605876,0.8973199874162674,2
260830,1,c,174,14,25.816722991294228,0.9241589868906885,23.63065700046718,0.8365260000573471,1
260830,1,c,175,15,25.72623800369911,1.1301619961159304,23.4296609996818,0.813368009403348,5
260830,1,c,176,0,25.39953299856279,0.8304070070153102,23.338832004810683,0.8766460086917505,14
260830,1,c,177,1,26.1739440029487,0.9732359903864563,23.913293989608064,0.8902209956431761,1
260830,1,c,178,2,26.33281199086923,0.9747190051712096,23.93263700651005,0.9856700053205714,5
260830,1,c,179,3,27.45189100096468,1.7084569990402088,24.32219500769861,0.9324809943791479,2
260830,1,c,180,4,26.556901997537352,0.992123008472845,24.1570249927463,0.9346970036858693,4
260830,1,c,181,5,26.19412100466434,1.00912299240008,23.82496300560888,0.8872689941199496,2
260830,1,c,182,6,26.48041299835313,0.9462079906370491,24.156125000445172,0.9452599915675819,2
260830,1,c,183,7,26.52584000315983,1.0485870006959885,24.072562999208458,0.9283279941882938,3
260830,1,c,184,8,26.609762993757613,0.9716320055304095,24.237367004388943,0.9456550033064559,7
260830,1,c,185,9,26.3789890013868,1.0099319915752858,24.009671004023403,0.8948229951784015,16
260830,1,c,186,10,25.769468004000373,0.9099649905692786,23.610613992786966,0.8497529925080016,7
260830,1,c,187,11,25.391029004822485,0.8715919975657016,23.307394003495574,0.8385489927604795,5
260830,1,c,188,12,32.031702998210676,1.3193500053603202,29.51043299981393,0.8603850001236424,8
260830,1,c,189,13,52.2193659999175,3.9379909867420793,43.92717199516483,4.006771006970666,2
260830,1,c,190,14,47.54100300488062,0.842962006572634,42.50297899125144,3.8300979940686375,1
260830,1,c,191,15,50.120314001105726,1.1501779954414815,44.730213994625956,3.878170988173224,5
260830,1,c,192,0,48.72698099643458,0.8912019984563813,46.54346199822612,0.9095029963646084,14
260830,1,c,193,1,50.89713999768719,0.9532709955237806,48.681113999919035,0.858038998558186,1
260830,1,c,194,2,53.302113999961875,1.025200996082276,48.01710099854972,1.0305629984941334,5
260830,1,c,195,3,53.190470993286,4.3219619983574376,44.49767500045709,3.925780998542905,2
260830,1,c,196,4,47.722529008751735,0.9193870064336807,45.52319498907309,0.882499007275328,4
260830,1,c,197,5,49.44941999565344,0.8673730044392869,44.90800500207115,3.3001349947880954,2
260830,1,c,198,6,50.80231500323862,0.8767989929765463,48.462816994288005,1.0858799942070618,2
260830,1,c,199,7,56.79605899786111,1.0584030096651986,54.16383600095287,1.1115129891550168,3
260830,1,d,0,0,52.4209970026277,1.0515379981370643,44.53001699585002,3.343273012433201,12
260830,1,d,1,1,48.915916006080806,1.0687719914130867,47.05168100190349,0.33917900873348117,1
260830,1,d,2,2,47.892538990709,0.9795450023375452,43.139351007994264,3.341015995829366,7
260830,1,d,3,3,47.87138399842661,1.271318004000932,45.87434700806625,0.3228710120311007,2
260830,1,d,4,4,49.02536499139387,0.9070030064322054,44.41268999653403,3.312440006993711,3
260830,1,d,5,5,45.06244701042306,0.9335380018455908,43.466591989272274,0.3053899999940768,2
260830,1,d,6,6,53.80348098697141,0.8849890000419691,45.496560996980406,0.32360600016545504,2
260830,1,d,7,7,61.751223998726346,1.0314259998267516,59.83573700359557,0.4006360104540363,3
260830,1,d,8,8,55.21029399824329,1.1063679994549602,53.236409003147855,0.33273200097028166,7
260830,1,d,9,9,53.7320580042433,4.091997005161829,48.81301600835286,0.34679900272749364,14
260830,1,d,10,10,50.542276003398,0.9996349981520325,48.73508200398646,0.3245719999540597,7
260830,1,d,11,11,52.850053005386144,4.0256909996969625,48.043977993074805,0.3356439992785454,3
260830,1,d,12,12,50.345067007583566,1.3745930045843124,48.18483701092191,0.3344470023876056,8
260830,1,d,13,13,48.402953005279414,3.97854701441247,43.692240011296235,0.299745996017009,3
260830,1,d,14,14,49.9698339990573,3.7837639974895865,45.49074299575295,0.31392100208904594,1
260830,1,d,15,15,51.491171994712204,1.2663899979088455,46.44008498871699,0.3357539972057566,4
260830,1,d,16,0,48.253123997710645,1.0004150099121034,46.46956500073429,0.32701400050427765,12
260830,1,d,17,1,50.47570099122822,1.0084779933094978,48.69173699989915,0.32623199513182044,1
260830,1,d,18,2,52.48624899832066,3.98553600825835,47.723697003675625,0.3302160039311275,7
260830,1,d,19,3,50.84336599975359,1.3875989970983937,48.66975199547596,0.3199869970558211,2
260830,1,d,20,4,54.09171499195509,4.016282997326925,49.288485999568366,0.3334159991936758,3
260830,1,d,21,5,54.30991199682467,1.0027989919763058,48.93243400147185,0.3242999955546111,2
260830,1,d,22,6,46.72669299179688,1.045719996909611,44.89458299940452,0.31647698779124767,2
260830,1,d,23,7,48.82427399570588,0.9956880094250664,44.093783988500945,0.30616100411862135,3
260830,1,d,24,8,51.4096580009209,3.873349996865727,43.86035200150218,0.29700099548790604,7
260830,1,d,25,9,43.212427000980824,0.8751689892960712,41.63538699503988,0.31960800697561353,14
260830,1,d,26,10,52.72648300160654,0.9150420082733035,51.10898100247141,0.3160420019412413,7
260830,1,d,27,11,48.2476589968428,0.9596900054020807,43.54783400776796,3.3142310130642727,3
260830,1,d,28,12,60.23039799765684,1.3140579976607114,58.212171992636286,0.3121269983239472,8
260830,1,d,29,13,62.01893799880054,0.9506439964752644,60.36521299392916,0.29995500517543405,3
260830,1,d,30,14,46.304831994348206,3.8625049928668886,41.76873399410397,0.29262699536047876,1
260830,1,d,31,15,51.73026499687694,1.1240820022067055,46.91120299685281,0.3233179886592552,4
260830,1,d,32,0,46.30166100105271,3.8923469983274117,41.717447005794384,0.3033099928870797,12
260830,1,d,33,1,48.802931007230654,0.9571919945301488,44.17250100232195,0.29989499307703227,1
260830,1,d,34,2,49.688847007928416,0.9318469965364784,45.06634500285145,0.29846800316590816,7
260830,1,d,35,3,49.3275679909857,4.329685005359352,44.354331999784335,0.2954589872388169,2
260830,1,d,36,4,49.059551005484536,0.8443219994660467,47.58928400406148,0.2827080024871975,3
260830,1,d,37,5,46.89091299951542,0.8235959976445884,45.41690798942,0.3067170036956668,2
260830,1,d,38,6,49.235150989261456,0.8487659943057224,47.747281001647934,0.29820200870744884,2
260830,1,d,39,7,50.10116800258402,0.9103020129259676,48.49979699065443,0.32438499329146,3
260830,1,d,40,8,48.01924301136751,3.9378789952024817,43.36022499774117,0.3049299994017929,7
260830,1,d,41,9,50.50598000525497,4.900443003862165,44.88416599633638,0.3233199968235567,14
260830,1,d,42,10,48.1917339930078,1.0199569951510057,43.412940998678096,0.29801200435031205,7
260830,1,d,43,11,52.27126699173823,3.8667340122628957,44.128285997430794,3.8829909899504855,3
260830,1,d,44,12,45.75584600388538,1.1817049962701276,43.82854400319047,0.3128989919787273,8
260830,1,d,45,13,48.99210500298068,1.0348599898861721,44.16863599908538,0.3268569998908788,3
260830,1,d,46,14,52.552977998857386,1.0498200135771185,44.52107498946134,3.4674740018090233,1
260830,1,d,47,15,50.190302994451486,1.2935520062455907,47.96961300598923,0.45098300324752927,4
260830,1,d,48,0,51.35659700317774,1.0318090062355623,43.50912199879531,3.327892001834698,12
260830,1,d,49,1,49.18781100423075,1.1201379966223612,44.29814399918541,3.3130829979199916,1
260830,1,d,50,2,45.41905199585017,0.9158430038951337,43.78325700236019,0.31475198920816183,7
260830,1,d,51,3,51.5722230047686,1.3241859996924177,43.44194199074991,3.3525920007377863,2
260830,1,d,52,4,44.849309997516684,1.0163970000576228,43.047943006968126,0.317173995426856,3
260830,1,d,53,5,48.74250601278618,3.955483000027016,44.05530999065377,0.29963700217194855,2
260830,1,d,54,6,52.19511598988902,0.893720003659837,44.5289819908794,3.351929990458302,2
260830,1,d,55,7,45.4700210102601,1.0828590020537376,43.61592100758571,0.3077120054513216,3
260830,1,d,56,8,50.82065099850297,3.996206010924652,43.775689002359286,2.6371659914730117,7
260830,1,d,57,9,45.54036499757785,1.810975998523645,43.06528699817136,0.29708399961236864,14
260830,1,d,58,10,48.747059001470916,3.8901789957890287,44.194116999278776,0.28989500424358994,7
260830,1,d,59,11,48.184939005295746,0.8548050100216642,43.67665799509268,0.29139500111341476,3
260830,1,d,60,12,47.71203899872489,1.2216869945405051,42.829694008105434,0.2916270022979006,8
260830,1,d,61,13,48.48186999151949,3.88845699490048,43.93910999351647,0.3006629995070398,3
260830,1,d,62,14,47.92325499875005,3.8341640029102564,43.440010005724616,0.2993780071847141,1
260830,1,d,63,15,51.5106660022866,5.132127000251785,45.73377101041842,0.28952601132914424,4
260830,1,d,64,0,45.463763002771884,0.8280059992102906,43.99985099735204,0.2972759975818917,12
260830,1,d,65,1,52.14866099413484,4.312104996643029,47.20500099938363,0.29493299371097237,1
260830,1,d,66,2,54.411388002336025,3.8355419965228066,49.88926499208901,0.3445009933784604,7
260830,1,d,67,3,54.262015997665,5.478267994476482,48.021815993706696,0.3530410031089559,2
260830,1,d,68,4,51.23628399451263,0.995565002085641,49.444735996075906,0.34410000080242753,3
260830,1,d,69,5,54.83190799714066,3.988039999967441,50.0954089948209,0.35120200482197106,2
260830,1,d,70,6,55.7933289965149,3.976768988650292,51.02564500703011,0.3738450031960383,2
260830,1,d,71,7,57.415121991652995,1.143813002272509,49.35590300010517,3.3971090015256777,3
260830,1,d,72,8,59.827760996995494,1.1171619989909232,54.80416299542412,3.3933020022232085,7
260830,1,d,73,9,51.452234998578206,1.1188950011273846,49.436433997470886,0.3810500056715682,14
260830,1,d,74,10,58.606307007721625,1.130511998781003,50.55518398876302,3.3908039913512766,7
260830,1,d,75,11,55.9825819946127,1.0940780048258603,54.03003298852127,0.36633799027185887,3
260830,1,d,76,12,58.83661400002893,1.2582310009747744,56.85778800398111,0.2922389976447448,8
260830,1,d,77,13,48.09276601008605,3.911064995918423,43.55349999968894,0.28891098918393254,3
260830,1,d,78,14,65.01178399776109,3.2384170044679195,61.143073995481245,0.29705799533985555,1
260830,1,d,79,15,51.22473300434649,7.199686995591037,43.38017699774355,0.29208199703134596,4
260830,1,d,80,0,51.87503500201274,3.8272040110314265,47.41312799160369,0.2946780005004257,12
260830,1,d,81,1,46.29572499834467,2.3514619970228523,43.30871700949501,0.29061200621072203,1
260830,1,d,82,2,50.7699949957896,0.8574929961469024,49.264340006629936,0.2989679924212396,7
260830,1,d,83,3,80.81607898930088,7.252598006743938,66.85726200521458,6.337409999105148,2
260830,1,d,84,4,55.10641299770214,1.0062809888040647,53.32267901394516,0.3225899999961257,3
260830,1,d,85,5,49.831491996883415,3.9323569944826886,45.13524399953894,0.33638099557720125,2
260830,1,d,86,6,49.70243200659752,4.022159002488479,44.886107003549114,0.3256449999753386,2
260830,1,d,87,7,46.86288100492675,1.0362809989601374,45.05287000210956,0.3187950060237199,3
260830,1,d,88,8,60.562167011084966,0.9532599942758679,55.86105299880728,0.30972300737630576,7
260830,1,d,89,9,67.3694470024202,3.946078009903431,62.68434599041939,0.3188689879607409,14
260830,1,d,90,10,45.3825529984897,0.9351940097985789,43.728577002184466,0.30074900132603943,7
260830,1,d,91,11,49.28813899459783,0.9207099938066676,44.157765005365945,0.2946010063169524,3
260830,1,d,92,12,48.72638099186588,4.019425992737524,44.04038698703516,0.3105469950241968,8
260830,1,d,93,13,48.58936500386335,3.905170990037732,43.984495001495816,0.30493999656755477,3
260830,1,d,94,14,48.90488499950152,0.8753029978834093,44.87185999460053,0.31334199593402445,1
260830,1,d,95,15,51.29425099585205,1.2350579927442595,43.2926819921704,3.326003992697224,4
260830,1,d,96,0,47.968342987587675,0.9861900034593418,43.200330997933634,3.3286429970758036,12
260830,1,d,97,1,44.70949499227572,1.0589430021354929,42.87231400667224,0.3086619981331751,1
260830,1,d,98,2,47.933447000104934,0.9644659876357764,43.2125749939587,0.31185899570118636,7
260830,1,d,99,3,49.41937900730409,1.3515350001398474,44.305532006546855,0.3169150004396215,2
260830,1,d,100,4,49.348414002452046,3.951589998905547,44.64801400899887,0.3121009940514341,3
260830,1,d,101,5,52.90477800008375,0.9439540008315817,51.210808000178076,0.32253000244963914,2
260830,1,d,102,6,51.39435699675232,0.9715320047689602,49.67711000062991,0.30983099713921547,2
260830,1,d,103,7,47.34226099390071,0.995826005237177,42.5932299986016,0.31815200054552406,3
260830,1,d,104,8,49.412660009693354,4.975917996489443,43.71656000148505,0.29697200807277113,7
260830,1,d,105,9,51.31994900875725,0.9227859991369769,43.56727100093849,3.24819800152909,14
260830,1,d,106,10,58.460615007788874,0.9938029979821295,56.73983399174176,0.30473900551442057,7
260830,1,d,107,11,48.10263100080192,3.914048007573001,43.489760006195866,0.2986670006066561,3
260830,1,d,108,12,49.75108000508044,4.917188998661004,44.16489000141155,0.2960900019388646,8
260830,1,d,109,13,52.67916199227329,3.903749995515682,45.090311992680654,3.312107000965625,3
260830,1,d,110,14,44.537288005813025,0.9122280025621876,42.87310500512831,0.32039699726738036,1
260830,1,d,111,15,52.58710100315511,5.2453279931796715,43.595882001682185,3.322831995319575,4
260830,1,d,112,0,45.28385799494572,0.9537639998598024,43.61053500906564,0.3010990039911121,12
260830,1,d,113,1,48.73872500320431,3.9701450004940853,44.097009013057686,0.2939209953183308,1
260830,1,d,114,2,48.46120299771428,3.903046002960764,43.91993199533317,0.28849700174760073,7
260830,1,d,115,3,48.93465600616764,1.2575860018841922,44.821026007412,0.293021003017202,2
260830,1,d,116,4,52.43716300174128,3.968808989156969,44.75995899701957,3.3299240021733567,3
260830,1,d,117,5,48.213260000920855,1.1945759906666353,43.24230299971532,3.3242500066990033,2
260830,1,d,118,6,45.22458899009507,0.971125002251938,43.53154699492734,0.3022049932042137,2
260830,1,d,119,7,48.614350002026185,3.9314059977186844,43.97122000227682,0.29481099045369774,3
260830,1,d,120,8,47.45192700647749,3.8576350052608177,42.96096500183921,0.28642499819397926,7
260830,1,d,121,9,41.26264699152671,0.8634760015411302,39.779316997737624,0.2842610119841993,14
260830,1,d,122,10,48.22006500035059,3.803077997872606,43.78826999163721,0.29157099197618663,7
260830,1,d,123,11,48.91583000426181,3.8429980049841106,44.43245899165049,0.3024320030817762,3
260830,1,d,124,12,50.66004299442284,4.312163000577129,45.650723986909725,0.3134360013063997,8
260830,1,d,125,13,49.0233799937414,0.9954020060831681,44.253496002056636,0.3248669963795692,3
260830,1,d,126,14,49.549243005458266,0.9956449939636514,44.75580000143964,0.3270309971412644,1
260830,1,d,127,15,63.77314000565093,1.2792769994121045,61.61716001224704,0.38996599323581904,4
260830,1,d,128,0,48.701430001528934,1.168066999525763,46.61033200682141,0.39320999349001795,12
260830,1,d,129,1,53.30110000795685,1.3333569950191304,48.00587698991876,0.3641579969553277,1
260830,1,d,130,2,26.955777007970028,1.1600040015764534,24.95039699715562,0.3369110054336488,7
260830,1,d,131,3,45.35072899307124,4.3781709973700345,40.07717000786215,0.3970589896198362,2
260830,1,d,132,4,43.4837439970579,1.270560998818837,38.28236801200546,0.33165200147777796,3
260830,1,d,133,5,49.59999700076878,1.0132940078619868,47.81866699340753,0.30204199720174074,2
260830,1,d,134,6,50.16110600263346,0.893386997631751,48.57555800117552,0.29713900585193187,2
260830,1,d,135,7,41.85461699671578,3.8485730037791654,37.27949700260069,0.32712199026718736,3
260830,1,d,136,8,44.938559003639966,1.0211189946858212,40.116338001098484,0.3167969989590347,7
260830,1,d,137,9,49.35723100788891,3.9827919972594827,44.60311100410763,0.32450999424327165,14
260830,1,d,138,10,49.2516600061208,0.9764369897311553,44.4784110004548,3.3457170065958053,7
260830,1,d,139,11,45.03891200874932,1.0166340071009472,43.22612800751813,0.3252689930377528,3
260830,1,d,140,12,64.3273800087627,4.5980540016898885,58.890126994811,0.36369099689181894,8
260830,1,d,141,13,37.7373829978751,1.1233920085942373,34.718422990408726,0.39431999903172255,3
260830,1,d,142,14,60.2053870097734,1.2706370034720749,54.91223400167655,0.3969509998569265,1
260830,1,d,143,15,31.002264993730932,4.602586996043101,25.537408990203403,0.3306520084151998,4
260830,1,d,144,0,47.11349800345488,1.0228270111838356,44.88040700380225,0.6433620001189411,12
260830,1,d,145,1,65.92796399490908,1.3260539999464527,63.6946480080951,0.3272980102337897,1
260830,1,d,146,2,64.25024500640575,1.0305829928256571,62.39696800184902,0.328759997501038,7
260830,1,d,147,3,92.04274299554527,7.523924999986775,77.68334199499805,6.352065000100993,2
260830,1,d,148,4,70.11286901251879,1.0613930062390864,62.227185000665486,6.348560011247173,3
260830,1,d,149,5,75.65992699528579,1.029709994327277,72.76712800376117,1.1297500022919849,2
260830,1,d,150,6,79.88562699756585,3.177553997375071,74.06645100854803,1.1141190043417737,2
260830,1,d,151,7,80.54747601272538,3.141599998343736,74.66357399243861,1.1180260044056922,3
260830,1,d,152,8,78.60305601207074,3.0365720012923703,72.95607599371579,1.1101869895355776,7
260830,1,d,153,9,79.31991999794263,2.955856005428359,73.90262999979313,1.113120000809431,14
260830,1,d,154,10,82.7932440006407,3.031290994840674,77.22743198974058,1.1642809986369684,7
260830,1,d,155,11,79.03742599592078,2.9707389912800863,74.51782800490037,0.31746499007567763,3
260830,1,d,156,12,80.66986899939366,1.9665160070871934,74.9703340115957,3.2850999996298924,8
260830,1,d,157,13,74.9018159986008,1.519752011517994,72.62443601211999,0.31637299980502576,3
260830,1,d,158,14,79.34141698933672,0.9426500037079677,77.64878899615724,0.3356809902470559,1
260830,1,d,159,15,74.60718700895086,4.097964992979541,69.71993199840654,0.30942499870434403,4
260830,1,d,160,0,73.69410801038612,6.963417996303178,66.00886699743569,0.3021649899892509,12
260830,1,d,161,1,72.10337300784886,1.0142109968001023,64.39672299893573,0.29079598607495427,1
260830,1,d,162,2,74.43093600159045,0.8591219957452267,72.67742400290444,0.4761039890581742,7
260830,1,d,163,3,68.06521900580265,7.741661000181921,56.32315800176002,3.4165210090577602,2
260830,1,d,164,4,75.77404899348039,1.200751998112537,67.6372689922573,6.392388997483067,3
260830,1,d,165,5,83.38173499214463,1.1119639966636896,81.42847199633252,0.33278099726885557,2
260830,1,d,166,6,73.84302800346632,8.083415988949127,64.97967899485957,0.31304999720305204,2
260830,1,d,167,7,54.97185100102797,7.010696004726924,47.19574000046123,0.3266060084570199,3
260830,1,d,168,8,25.01257100084331,1.021945005049929,23.126493993913755,0.4093229945283383,7
260830,1,d,169,9,23.992714995983988,0.8662460022605956,22.501019993796945,0.2832549944287166,14
260830,1,d,170,10,24.59993200318422,0.8382039959542453,23.091026989277452,0.3210689901607111,7
260830,1,d,171,11,24.9669199984055,0.9711529855849221,23.254082989296876,0.3163900109939277,3
260830,1,d,172,12,25.395487988134846,1.340645001619123,23.306385992327705,0.31459399906452745,8
260830,1,d,173,13,25.278435001382604,0.9757520019775257,23.540748006780632,0.3184340021107346,3
260830,1,d,174,14,25.012518002768047,0.94756500038784,23.30019600049127,0.3151159908156842,1
260830,1,d,175,15,25.756681003258564,1.2387550086714327,23.729575012112036,0.320839011692442,4
260830,1,d,176,0,25.755402995855547,0.983026999165304,23.909013005322777,0.40329799230676144,12
260830,1,d,177,1,25.812517007580027,1.0429149988340214,23.9773339999374,0.3268690052209422,1
260830,1,d,178,2,25.713622992043383,1.035562003380619,23.887860996183008,0.32011899747885764,7
260830,1,d,179,3,25.55697099887766,1.300570002058521,23.53375499660615,0.2940190024673939,2
260830,1,d,180,4,25.294361999840476,0.9246569970855489,23.654085001908243,0.33145700581371784,3
260830,1,d,181,5,25.7786930014845,1.0351449891459197,23.95852499466855,0.31015099375508726,2
260830,1,d,182,6,25.370262999786064,0.9466340125072747,23.673745992709883,0.3269760054536164,2
260830,1,d,183,7,25.40808699268382,1.1026249994756654,23.507031990448013,0.310578994685784,3
260830,1,d,184,8,24.88427600474097,0.9380190022056922,23.207392994663678,0.32055001065600663,7
260830,1,d,185,9,24.982672999612987,0.9570800029905513,23.32987500994932,0.30256899481173605,14
260830,1,d,186,10,24.880792989279144,0.8775000023888424,23.338606013567187,0.2949379995698109,7
260830,1,d,187,11,25.36285600217525,1.1457539949333295,23.55999300198164,0.3004220052389428,3
260830,1,d,188,12,26.487458002520725,1.23756100947503,24.263911007437855,0.5763700028182939,8
260830,1,d,189,13,25.025804992765188,1.0174440103583038,23.25241599464789,0.30136300483718514,3
260830,1,d,190,14,39.792851996026,0.8370129944523796,38.26402500271797,0.32456600456498563,1
260830,1,d,191,15,34.423757999320515,1.3602969993371516,32.37430800800212,0.28620399825740606,4
260830,1,d,192,0,24.24130600411445,0.8796490001259372,22.747523995349184,0.2815470070345327,12
260830,1,d,193,1,35.50157000427134,0.8816729969112203,34.01414000836667,0.2869320014724508,1
260830,1,d,194,2,36.886229005176574,3.8637840043520555,29.38628201081883,0.2980620047310367,7
260830,1,d,195,3,37.30972700577695,1.2192240101285279,35.42530001141131,0.299204999464564,2
260830,1,d,196,4,40.389264991972595,3.9295930037042126,35.79473200079519,0.3060589951928705,3
260830,1,d,197,5,39.10425498906989,0.8808769925963134,37.52176999114454,0.2977379917865619,2
260830,1,d,198,6,36.41159900871571,0.8816480112727731,31.80728800361976,3.317715003504418,2
260830,1,d,199,7,38.77706700586714,0.9702139941509813,37.066188000608236,0.32209699566010386,3
260831,1,a,0,0,46.90927700721659,7.012490008492023,32.36347700294573,7.084205994033255,15
260831,1,a,1,1,44.24852300144266,1.04817800456658,35.6700370030012,7.038759009446949,1
260831,1,a,2,2,38.15967499394901,1.079262001439929,35.543720005080104,1.0472699941601604,5
260831,1,a,3,3,43.74389999429695,7.100332994014025,35.22068599704653,0.9490259981248528,2
260831,1,a,4,4,43.77940800623037,0.9214400051860139,35.36584701214451,7.06185499439016,4
260831,1,a,5,5,37.47806198953185,1.0846130026038736,35.006888007046655,0.9163500071736053,2
260831,1,a,6,6,36.95584699744359,0.8808520069578663,34.821968991309404,0.8865260024322197,2
260831,1,a,7,7,40.0214139954187,3.966846998082474,28.75410699925851,6.94582900905516,3
260831,1,a,8,8,37.121729998034425,0.8830399892758578,34.92195300350431,0.9359510004287586,8
260831,1,a,9,9,37.08326201012824,0.9133230050792918,34.85113100032322,0.9228449926013127,16
260831,1,a,10,10,52.47172500821762,0.9520629973849282,37.395455001387745,7.641963005880825,8
260831,1,a,11,11,40.8373109967215,7.459539992851205,31.704883003840223,1.0788130020955577,4
260831,1,a,12,12,14.248890001908876,1.5045110048959032,11.262810992775485,1.0029889963334426,8
260831,1,a,13,13,14.792953006690368,1.0592530015856028,12.140774997533299,1.1401179945096374,2
260831,1,a,14,14,14.969051990192384,1.185284010716714,12.136646997532807,1.1246429930906743,1
260831,1,a,15,15,15.428386002895422,1.520738995168358,12.193775997729972,1.1822340020444244,5
260831,1,a,16,0,15.330371010350063,1.260226999875158,12.308225996093825,1.1778129992308095,15
260831,1,a,17,1,15.42873001017142,1.3074470043648034,12.425365013768896,1.1379729985492304,1
260831,1,a,18,2,15.243806992657483,1.276456008781679,12.272616004338488,1.1440620000939816,5
260831,1,a,19,3,15.576147008687258,1.62543699843809,12.260421994142234,1.134674996137619,2
260831,1,a,20,4,15.246898998157121,1.3281490100780502,12.263246011571027,1.106519004679285,4
260831,1,a,21,5,14.46373799990397,1.2730659946100786,11.572702002013102,1.0970879957312718,2
260831,1,a,22,6,13.564849010435864,1.0518210037844256,11.125871998956427,0.9106219949899241,2
260831,1,a,23,7,14.415607001865283,0.9784019930521026,11.793030993430875,1.22020801063627,3
260831,1,a,24,8,19.875104000675492,1.2888540077256039,13.487384989275597,4.490391991566867,8
260831,1,a,25,9,31.413796998094767,1.346344011835754,28.373827997711487,1.0847410012502223,16
260831,1,a,26,10,26.042896992294118,1.0693830117816105,23.46923400182277,1.0125060071004555,8
260831,1,a,27,11,25.474161011516117,1.0086279944516718,23.0632149905432,0.9552579867886379,4
260831,1,a,28,12,31.723416002932936,1.4720750041306019,22.89301900600549,3.9254760049516335,8
260831,1,a,29,13,24.902831995859742,0.9166929958155379,22.67062899773009,0.9391839994350448,2
260831,1,a,30,14,24.84647199162282,0.8603690075688064,22.740532003808767,0.8938640094129369,1
260831,1,a,31,15,21.51280800171662,2.999240008648485,14.150941991829313,3.984705006587319,5
260831,1,a,32,0,25.00821500143502,0.9701840026536956,22.72389200516045,0.892416006536223,15
260831,1,a,33,1,28.22454899433069,3.9617909933440387,19.869470997946337,3.9895869995234534,1
260831,1,a,34,2,26.026398001704365,1.073720006388612,23.454412003047764,1.0376639984315261,5
260831,1,a,35,3,29.508262989111245,4.4171090121380985,23.527741999714635,1.0756160045275465,2
260831,1,a,36,4,29.862352006603032,4.300289001548663,23.965813001268543,1.0748299973784015,4
260831,1,a,37,5,29.317658001673408,4.1106790013145655,20.603873999789357,4.085735010448843,2
260831,1,a,38,6,31.2902040022891,1.0500930075068027,28.420428003300913,1.300281990552321,2
260831,1,a,39,7,36.458023998420686,4.576952997012995,30.039513992960565,1.2374139914754778,3
260831,1,a,40,8,19.689901993842795,1.1683900083880872,13.862673004041426,1.0810570092871785,8
260831,1,a,41,9,34.55937800754327,1.140227002906613,25.46629800053779,4.362009989563376,16
260831,1,a,42,10,35.108236013911664,1.3131580053595826,28.890250003314577,4.313853001804091,8
260831,1,a,43,11,26.964821998262778,1.3185360003262758,23.887058996479027,1.1799579951912165,4
260831,1,a,44,12,18.03717401344329,1.4744619984412566,14.938184001948684,1.0843669879250228,8
260831,1,a,45,13,15.698932998930104,1.0976269986713305,13.006227993173525,1.0954949975712225,2
260831,1,a,46,14,33.1121500057634,1.2329680030234158,30.123116986942478,1.159947001724504,1
260831,1,a,47,15,21.573997000814416,4.520764996414073,15.37376901251264,1.139339990913868,5
260831,1,a,48,0,14.698558996315114,1.218884004629217,11.89010099915322,1.0488810075912625,15
260831,1,a,49,1,27.645683992886916,1.087869008188136,22.135626000817865,3.9321690128417686,1
260831,1,a,50,2,24.860965000698343,0.9373460052302107,19.490378006594256,4.044207002152689,5
260831,1,a,51,3,25.17908500158228,1.3418269954854622,22.62141699611675,0.8671079995110631,2
260831,1,a,52,4,24.623425997560844,3.7188150017755106,19.693601003382355,0.8697110024513677,4
260831,1,a,53,5,24.612799999886192,0.9398719994351268,19.41020599042531,0.9066600032383576,2
260831,1,a,54,6,24.85916700970847,0.8861079986672848,22.692313010338694,0.9179189946735278,2
260831,1,a,55,7,20.257982992916368,1.0180919925915077,17.88593700621277,0.9685449913376942,3
260831,1,a,56,8,21.40756300650537,0.9726940043037757,15.977963004843332,4.020590989966877,8
260831,1,a,57,9,24.093389001791365,1.0207370069110766,21.690499008400366,0.9382819989696145,16
260831,1,a,58,10,28.12705900578294,3.991920006228611,19.833143989671953,3.9160380110843107,8
260831,1,a,59,11,24.05300599639304,0.9064939949894324,21.599249012069777,1.1645750055322424,4
260831,1,a,60,12,27.634140002191998,4.264774994226173,20.052558989846148,2.9480920056812465,8
260831,1,a,61,13,26.31078500417061,0.9550030081300065,23.879510001279414,1.0639800020726398,2
260831,1,a,62,14,28.598329998203553,4.043469001771882,20.122728004935198,3.9444560097763315,1
260831,1,a,63,15,25.55585600202903,1.3543809909606352,22.848098989925347,0.9240780054824427,5
260831,1,a,64,0,28.16745199379511,3.9394310006173328,19.836867999401875,4.017575003672391,15
260831,1,a,65,1,24.72102700266987,0.9523020125925541,22.23453800252173,1.1153450031997636,1
260831,1,a,66,2,29.26527798990719,4.155642003752291,23.58520499547012,1.0238770046271384,5
260831,1,a,67,3,26.279170997440815,4.1694370011100546,17.77585099625867,0.8873729966580868,2
260831,1,a,68,4,23.6374230007641,0.9586450032657012,19.630666996818036,2.6868919958360493,4
260831,1,a,69,5,24.612573004560545,0.8821739902487025,22.537712007761,0.855816004332155,2
260831,1,a,70,6,23.314735997701064,0.8679849997861311,21.263255999656394,0.8550820057280362,2
260831,1,a,71,7,24.430462988675572,0.9002659935504198,22.351104009430856,0.850996992085129,3
260831,1,a,72,8,24.38825200079009,3.5962890106020495,19.59373999852687,0.8683359919814393,8
260831,1,a,73,9,24.36054100689944,3.882272998453118,19.285207003122196,0.8562250004615635,16
260831,1,a,74,10,24.914823996368796,0.8709249959792942,19.853485995554365,0.8489159954478964,8
260831,1,a,75,11,26.27486299024895,0.8710879919817671,19.51968899811618,3.8508290017489344,4
260831,1,a,76,12,24.75675400637556,1.3172789913369343,19.252161000622436,3.859183008898981,8
260831,1,a,77,13,25.105278997216374,0.8828730060486123,23.02815300936345,0.860336993355304,2
260831,1,a,78,14,23.21280399337411,0.8475170034216717,21.18594500643667,0.8442840044153854,1
260831,1,a,79,15,24.77749799436424,1.0390200041001663,22.52800100541208,0.8814509928924963,5
260831,1,a,80,0,22.120073001133278,3.5149899922544137,17.37662000232376,0.8751280111027882,15
260831,1,a,81,1,23.766081998473965,2.717530995141715,19.751902000280097,0.9466590126976371,1
260831,1,a,82,2,28.60230699297972,0.9861059952527285,20.17239699489437,4.0277639927808195,5
260831,1,a,83,3,25.075404992094263,1.159499995992519,22.662185001536272,0.9023239981615916,2
260831,1,a,84,4,24.67728800547775,0.9077779977815226,22.52800000132993,0.8776210015639663,4
260831,1,a,85,5,27.886379000847228,3.9576489944010973,19.673508999403566,3.9084879972506315,2
260831,1,a,86,6,25.358590995892882,0.8818610076559708,20.13586400425993,3.9641329931328073,2
260831,1,a,87,7,24.89714500552509,0.9672949963714927,22.66780100762844,0.889873001142405,3
260831,1,a,88,8,24.790754992864095,0.8709870016900823,22.64330899924971,0.919073005206883,8
260831,1,a,89,9,25.8355819969438,0.9634919988457114,19.97790600580629,0.875857993378304,16
260831,1,a,90,10,28.367348000756465,3.8951969909248874,19.67109700490255,4.451603002962656,8
260831,1,a,91,11,24.71628598868847,0.9064969926839694,19.512040991685353,3.9201300096465275,4
260831,1,a,92,12,25.254192005377263,1.3591739989351481,22.647998994216323,0.873415992828086,8
260831,1,a,93,13,25.53667400206905,0.8972319919848815,23.36575899971649,0.9134169958997518,2
260831,1,a,94,14,24.85701699333731,3.9793120085960254,19.61933300481178,0.8765660022618249,1
260831,1,a,95,15,28.331436988082714,1.2522510078269988,22.777625999879092,0.9298360091634095,5
260831,1,a,96,0,26.096625995705836,4.759817995363846,19.939706995501183,1.0029929981101304,15
260831,1,a,97,1,28.11952499905601,4.027877992484719,19.755090004764497,3.9079340058378875,1
260831,1,a,98,2,24.784800989436917,0.9133679996011779,22.6230679982109,0.8876319916453212,5
260831,1,a,99,3,25.15503800532315,1.3398529990809038,22.611901003983803,0.8631779928691685,2
260831,1,a,100,4,28.45293299469631,3.87781199242454,20.026767990202643,4.176078000455163,4
260831,1,a,101,5,28.342165009235032,1.1447789875091985,23.94433600420598,2.7423179999459535,2
260831,1,a,102,6,25.61129599052947,1.0135979973711073,20.26580499659758,3.8843899965286255,2
260831,1,a,103,7,23.32159499928821,0.9188449912471697,21.201508003287017,0.8562989969504997,3
260831,1,a,104,8,24.579211996751837,0.8608569914940745,22.51214899297338,0.8666740031912923,8
260831,1,a,105,9,23.659589991439134,2.662800994585268,19.724474012036808,0.909958005649969,16
260831,1,a,106,10,26.95485998992808,3.907399994204752,19.36975099670235,3.2998640090227127,8
260831,1,a,107,11,26.056736998725682,0.9535090066492558,20.58574100374244,4.098599994904362,4
260831,1,a,108,12,47.93550200702157,5.285175997414626,37.33850900607649,4.679024001234211,8
260831,1,a,109,13,44.85842199937906,1.5118650044314563,41.06064799998421,1.6325909964507446,2
260831,1,a,110,14,53.11518300732132,1.4737260062247515,40.37755499302875,7.55801000923384,1
260831,1,a,111,15,94.71103599935304,8.081924010184593,78.18031699571293,7.787361013470218,5
260831,1,a,112,0,66.13836600445211,1.6377889987779781,56.10813399835024,7.640478987013921,15
260831,1,a,113,1,56.18754400347825,1.5083759935805574,52.46671999339014,1.552091009216383,1
260831,1,a,114,2,53.118276002351195,1.493607007432729,46.37622200243641,1.5985919890226796,5
260831,1,a,115,3,60.83094299538061,5.2884409960825,47.31174100015778,1.5674640017095953,2
260831,1,a,116,4,55.958953002118506,4.449500003829598,46.31298599997535,4.573340003844351,4
260831,1,a,117,5,43.8776439987123,1.4600389986298978,40.232358005596325,1.5515749983023852,2
260831,1,a,118,6,46.96388100273907,1.4570549974450842,37.27436100598425,4.611424010363407,2
260831,1,a,119,7,47.5456770072924,4.515295004239306,37.72208100417629,4.6614379971288145,3
260831,1,a,120,8,47.4783829995431,4.431714987731539,37.637575005646795,4.708472988568246,8
260831,1,a,121,9,48.16813200886827,1.5709129947936162,41.07744099746924,4.784794000443071,16
260831,1,a,122,10,48.27757801103871,4.624116001650691,37.989887001458555,4.8882709961617365,8
260831,1,a,123,11,47.75730699475389,4.603873996529728,37.72454500722233,4.685142004746012,4
260831,1,a,124,12,67.95271599548869,5.198359998757951,51.15544800355565,10.865477990591899,8
260831,1,a,125,13,75.46862700837664,10.673958997358568,57.970409994595684,6.086823996156454,2
260831,1,a,126,14,27.74317900184542,4.026715992949903,22.384913987480104,0.8757839968893677,1
260831,1,a,127,15,24.430571007542312,1.2423740117810667,21.953663002932444,0.8577010012231767,5
260831,1,a,128,0,23.77460600109771,0.847301009343937,21.755116991698742,0.8233609987655655,15
260831,1,a,129,1,23.748106003040448,0.8664279885124415,21.722851000959054,0.8319209882756695,1
260831,1,a,130,2,23.752019013045356,0.8642570028314367,18.705845999647863,0.8365250105271116,5
260831,1,a,131,3,24.142431997461244,1.2342959962552413,21.722730991314165,0.8315960003528744,2
260831,1,a,132,4,23.66124201216735,0.8427489956375211,18.65606600767933,3.8180289993761107,4
260831,1,a,133,5,23.506936995545402,0.831736993859522,18.568896004580893,3.7896909925621003,2
260831,1,a,134,6,20.53490398975555,0.8663659973535687,18.576811999082565,0.7850419933674857,2
260831,1,a,135,7,26.90708200680092,0.8601989975431934,21.93364000413567,0.8017500076675788,3
260831,1,a,136,8,23.603524998179637,3.855647999444045,18.632364997756667,0.8017369982553646,8
260831,1,a,137,9,23.51269499922637,3.8164190045790747,18.59837099618744,0.7886520033935085,16
260831,1,a,138,10,23.768951010424644,0.8251919934991747,21.680508987628855,0.9451539954170585,8
260831,1,a,139,11,23.709065993898548,0.8418509969487786,21.73801400931552,0.8116539975162596,4
260831,1,a,140,12,23.986567990505137,1.2486449995776638,18.615853987284936,3.8008549890946597,8
260831,1,a,141,13,20.530174995656125,0.847257993882522,18.59177699952852,0.7797539874445647,2
260831,1,a,142,14,23.502329000621103,0.8434759947704151,18.568314000731334,0.7759050058666617,1
260831,1,a,143,15,23.755321992211975,4.110986992600374,18.558682000730187,0.7846520020393655,5
260831,1,a,144,0,23.492868000175804,3.866144994390197,18.54413899127394,0.7817089935997501,15
260831,1,a,145,1,23.486395002692007,0.8537879912182689,21.562042995356023,0.7735590043012053,1
260831,1,a,146,2,23.716259995126165,0.832815989269875,18.557155010057613,4.026577997137792,5
260831,1,a,147,3,22.156096005346626,1.1861350067192689,16.889364007511176,3.7745570007245988,2
260831,1,a,148,4,20.5643420049455,0.8219159935833886,18.623894997290336,0.7990849990164861,4
260831,1,a,149,5,23.712128997431137,3.846679988782853,18.70402300846763,0.8445150015177205,2
260831,1,a,150,6,23.76075799111277,3.9055410015862435,18.68029701290652,0.8262370101874694,2
260831,1,a,151,7,17.841248991317116,3.916040004696697,12.765457999194041,0.814714003354311,3
260831,1,a,152,8,11.828554008388892,0.8134420058922842,9.727648008265533,0.9568230016157031,8
260831,1,a,153,9,11.621596000622958,0.827379000838846,9.628526997403242,0.8290730038424954,16
260831,1,a,154,10,11.647766004898585,0.8507129969075322,9.665330988354981,0.7969040016178042,8
260831,1,a,155,11,11.57363700622227,0.8283710048999637,9.591355992597528,0.8329560077982023,4
260831,1,a,156,12,12.110231997212395,1.3021729973843321,9.669370003393851,0.7947160047478974,8
260831,1,a,157,13,11.844438995467499,0.8444889972452074,9.802588989259675,0.8673219999764115,2
260831,1,a,158,14,11.695068998960778,0.8394140022573993,9.685929995612241,0.8084209985099733,1
260831,1,a,159,15,12.057707994244993,1.1579209967749193,9.74163600767497,0.8339860069099814,5
260831,1,a,160,0,11.574037998798303,0.8270449907286093,9.594072005711496,0.8185350015992299,15
260831,1,a,161,1,11.81745799840428,0.8920200052671134,9.772945995791815,0.8201089949579909,1
260831,1,a,162,2,12.22985600179527,0.8531469939043745,9.604100006981753,1.4145349996397272,5
260831,1,a,163,3,12.720901009743102,1.3408869999693707,10.164867009734735,0.8666499925311655,2
260831,1,a,164,4,11.735034000594169,0.8572410006308928,9.681668991106562,0.8119910053210333,4
260831,1,a,165,5,12.155182004789822,0.8738530013943091,10.135994001757354,0.8220460003940389,2
260831,1,a,166,6,11.676848007482477,0.8179020078387111,9.699414993519895,0.8272410050267354,2
260831,1,a,167,7,11.478489002911374,0.8619959990028292,9.543211999698542,0.7765369955450296,3
260831,1,a,168,8,11.528439004905522,0.8011669997358695,9.629647000110708,0.7818949961801991,8
260831,1,a,169,9,11.511398988659494,0.8117039978969842,9.624272992368788,0.778846995672211,16
260831,1,a,170,10,11.582742008613423,0.8235360000981018,9.677941008703783,0.7858949975343421,8
260831,1,a,171,11,11.560275001102127,0.8283009956358001,9.640207994380035,0.7941060030134395,4
260831,1,a,172,12,12.533337998320349,1.4024950069142506,10.032692007371224,0.7804789929650724,8
260831,1,a,173,13,11.687981997965835,0.837415995192714,9.745192000991665,0.8085139998001978,2
260831,1,a,174,14,11.930843989830464,0.7976650085765868,10.02759300172329,0.8044900023378432,1
260831,1,a,175,15,11.916247007320635,1.1088739993283525,9.697005996713415,0.8047320006880909,5
260831,1,a,176,0,11.527141003170982,0.834905993542634,9.611846995539963,0.7784039917169139,15
260831,1,a,177,1,11.962830001721159,0.8682610059622675,9.8822140134871,0.893050993909128,1
260831,1,a,178,2,11.639123011264019,0.8895089995348826,9.615820003091358,0.7975549960974604,5
260831,1,a,179,3,20.999749001930468,1.1431480088504031,18.760926992399618,0.7804990018485114,2
260831,1,a,180,4,23.84610299486667,3.848374995868653,18.90050299698487,0.7904889935161918,4
260831,1,a,181,5,23.838852997869253,3.94947400491219,18.783282008371316,0.7955800101626664,2
260831,1,a,182,6,23.76382400689181,3.88733200088609,18.776829005219042,0.7833050040062517,2
260831,1,a,183,7,25.380808001500554,3.985158007708378,20.28938100556843,0.7981520029716194,3
260831,1,a,184,8,23.934714001370594,0.8148100023390725,22.003807011060417,0.8023279951885343,8
260831,1,a,185,9,24.116484986734577,0.8089350012596697,22.127707008621655,0.8599939901614562,16
260831,1,a,186,10,24.145478004356846,0.8956029923865572,22.041507007088512,0.8507769962307066,8
260831,1,a,187,11,24.18751899676863,0.8574060047976673,22.125841001980007,0.8550710044801235,4
260831,1,a,188,12,24.933388995123096,4.362176012364216,19.269683994934894,0.9370719926664606,8
260831,1,a,189,13,27.478850999614224,0.9245749970432371,19.230321995564736,3.9073879888746887,2
260831,1,a,190,14,24.08767500310205,0.8355739992111921,19.066306005697697,3.8310099916998297,1
260831,1,a,191,15,24.2644950048998,1.1413019965402782,18.898776994319633,3.8912390009500086,5
260831,1,a,192,0,23.90523000212852,0.861399996210821,18.81322699773591,3.879437004798092,15
260831,1,a,193,1,24.078476009890437,0.9010960056912154,18.89783699880354,3.9465620066039264,1
260831,1,a,194,2,15.056111005833372,0.8734590082895011,13.037625001743436,0.8203239995054901,5
260831,1,a,195,3,12.509819003753364,1.3713639928027987,10.013452003477141,0.8057550003286451,2
260831,1,a,196,4,11.903481994522735,0.8552819926990196,9.880700992653146,0.8452230104012415,4
260831,1,a,197,5,11.750067002139986,0.8710639958735555,9.751278004841879,0.7864350045565516,2
260831,1,a,198,6,12.408768991008401,0.9006120089907199,10.3270959953079,0.8361380023416132,2
260831,1,a,199,7,11.830307004856877,0.9217790066031739,9.753745995112695,0.8119769918266684,3
260831,1,b,0,0,13.579200996900909,0.901288993190974,11.892000999068841,0.40358700789511204,14
260831,1,b,1,1,14.770524998311885,0.9053539979504421,12.562749994685873,0.9592900023562834,1
260831,1,b,2,2,12.12921499973163,0.8989470079541206,10.501754994038492,0.38891000440344214,6
260831,1,b,3,3,13.517265004338697,1.3059580087428913,11.428281999542378,0.4243459989083931,2
260831,1,b,4,4,11.822828004369512,0.8750200067879632,10.162520993617363,0.43962801282759756,3
260831,1,b,5,5,16.098291001981124,0.8909729949664325,14.229520005756058,0.6517170113511384,3
260831,1,b,6,6,12.319305998971686,0.8725779916858301,10.65244099299889,0.44860799971502274,2
260831,1,b,7,7,13.147926001693122,0.9594899893272668,11.419570000725798,0.39832999755162746,3
260831,1,b,8,8,14.472434006165713,0.9123579948209226,12.822248987504281,0.3591249987948686,8
260831,1,b,9,9,12.170549991424195,0.9506719943601638,10.473343994817697,0.38902599771972746,14
260831,1,b,10,10,14.619052002672106,0.9131059923674911,12.529132989584468,0.7999869994819164,7
260831,1,b,11,11,15.264080007909797,0.8834040054352954,13.072881993139163,0.9647210099501535,5
260831,1,b,12,12,12.811431995942257,1.3174350024200976,10.624974995153025,0.5242350016487762,8
260831,1,b,13,13,11.95240899687633,0.9424929885426536,10.249827988445759,0.39257100434042513,2
260831,1,b,14,14,14.273516004323028,0.8960749983089045,12.735287004034035,0.30870000773575157,0
260831,1,b,15,15,16.442608990473673,1.1960330011788756,13.920284996856935,0.9826570021687075,4
260831,1,b,16,0,12.174488001619466,0.8893780031939968,10.552602005191147,0.3874780086334795,14
260831,1,b,17,1,13.883489998988807,1.0297550034010783,12.02069599821698,0.44918399362359196,1
260831,1,b,18,2,14.80217999778688,0.9063199977390468,12.623599002836272,0.9236990008503199,6
260831,1,b,19,3,13.040800986345857,1.3464889925671741,10.74032900214661,0.5904760037083179,2
260831,1,b,20,4,15.493690996663645,0.9102399926632643,13.325673004146665,0.8729050023248419,3
260831,1,b,21,5,12.305248994380236,0.9310100140282884,10.538660004385747,0.4738269926747307,3
260831,1,b,22,6,15.944505998049863,0.9906640043482184,13.611450995085761,0.9170539997285232,2
260831,1,b,23,7,13.408287006313913,1.0737349948612973,11.298932993668132,0.5742350040236488,3
260831,1,b,24,8,15.24440900539048,2.8988640115130693,11.354724992997944,0.515791994985193,8
260831,1,b,25,9,14.608944999054074,2.7431530033936724,10.976482997648418,0.38719800068065524,14
260831,1,b,26,10,13.5120549966814,1.068884987034835,11.37860000017099,0.5685619980795309,7
260831,1,b,27,11,13.89726300840266,2.1904640016146004,10.828063008375466,0.41199399856850505,5
260831,1,b,28,12,15.462402006960474,3.167579008731991,11.458585999207571,0.3635589964687824,8
260831,1,b,29,13,14.25429800292477,1.8022349977400154,11.575993994483724,0.40897099825087935,2
260831,1,b,30,14,17.75628500035964,1.0031230049207807,15.441333001945168,0.8442510006716475,0
260831,1,b,31,15,15.032603987492621,1.2910490040667355,12.89409099263139,0.3996909945271909,4
260831,1,b,32,0,13.889410998672247,0.9889440116239712,12.032212995109148,0.4285130125936121,14
260831,1,b,33,1,15.24411998980213,2.8803790046367794,11.516849990584888,0.3888119972543791,1
260831,1,b,34,2,14.646538998931646,2.800582005875185,11.003017003531568,0.3908070066245273,6
260831,1,b,35,3,18.864762998418882,1.8368129967711866,15.683086996432394,0.8892140031093732,2
260831,1,b,36,4,12.880865004262887,0.9544259955873713,10.982570995111018,0.5287500098347664,3
260831,1,b,37,5,15.209268007311039,0.987471008556895,13.177836997783743,0.628562003839761,3
260831,1,b,38,6,13.19824300298933,0.9751009929459542,11.317233002046123,0.4893400036962703,2
260831,1,b,39,7,14.709208000567742,2.7514070097822696,11.042343990993686,0.4833249986404553,3
260831,1,b,40,8,14.505126993753947,2.850305987522006,10.90035800007172,0.3390589990885928,8
260831,1,b,41,9,13.485580988344736,1.0192539921263233,11.553121992619708,0.463162999949418,14
260831,1,b,42,10,15.256565995514393,1.045748998876661,13.314052004716359,0.42660000326577574,7
260831,1,b,43,11,16.203663995838724,1.0111209994647652,13.618379991385154,1.1158440029248595,5
260831,1,b,44,12,14.255753994802944,1.4787019899813458,11.98395699611865,0.3482790052657947,8
260831,1,b,45,13,13.44454700301867,1.0175869974773377,11.54727399989497,0.42116999975405633,2
260831,1,b,46,14,14.892594001139514,2.6770489930640906,11.387216989533044,0.3554819995770231,0
260831,1,b,47,15,15.327814006013796,2.9437560006044805,11.55274901248049,0.3890049993060529,4
260831,1,b,48,0,19.084735002252273,1.4020310045452788,16.159449995029718,1.0492560104466975,14
260831,1,b,49,1,17.457753987400793,1.0859040048671886,11.43849900108762,4.457906004972756,1
260831,1,b,50,2,13.686319987755269,1.0180840035900474,11.695460008922964,0.5223210027907044,6
260831,1,b,51,3,15.072627007612027,2.9733459959970787,11.27693300077226,0.3470800002105534,2
260831,1,b,52,4,12.54998700460419,0.9382229909533635,10.756995005067438,0.443789002019912,3
260831,1,b,53,5,14.037037006346509,2.763650001725182,10.495038004592061,0.38213099469430745,3
260831,1,b,54,6,13.091783010168001,0.964136008406058,11.185490002389997,0.4846800002269447,2
260831,1,b,55,7,14.1386109899031,2.6849319983739406,10.593398998025805,0.4444130026968196,3
260831,1,b,56,8,12.806123995687813,0.8782100048847497,11.0517900029663,0.5035689973738045,8
260831,1,b,57,9,13.472051999997348,0.9718279907247052,11.684195007546805,0.4056040052091703,14
260831,1,b,58,10,16.303789991070516,1.0477340110810474,13.775455998256803,1.0062099900096655,7
260831,1,b,59,11,15.027508998173289,0.9640519856475294,12.634409009478986,1.0026629897765815,5
260831,1,b,60,12,13.373218011111021,1.390544988680631,11.186692005139776,0.39683800423517823,8
260831,1,b,61,13,12.648216987145133,0.9735869971336797,10.823314005392604,0.4347040085121989,2
260831,1,b,62,14,13.100632990244776,1.0232299973722547,11.469687000499107,0.24406699230894446,0
260831,1,b,63,15,16.569820989388973,1.1894310009665787,14.020748014445417,1.0063770023407415,4
260831,1,b,64,0,13.087289000395685,0.9284770058002323,11.2113499926636,0.5707410018658265,14
260831,1,b,65,1,13.139415998011827,1.022864002152346,11.276769000687636,0.4253210063325241,1
260831,1,b,66,2,14.906561002135277,0.919316997169517,13.196482002967969,0.42882699926849455,6
260831,1,b,67,3,13.413704000413418,1.3571449962910265,11.079167001298629,0.5820129881612957,2
260831,1,b,68,4,13.057714008027688,1.1105729936389253,11.087186998338439,0.43058399751316756,3
260831,1,b,69,5,12.57695400272496,0.9275960037484765,10.748576009063981,0.5072400090284646,3
260831,1,b,70,6,15.893525996943936,0.9541360050207004,13.513896003132686,1.0056949977297336,2
260831,1,b,71,7,13.514866994228214,1.0275270033162087,11.482736008474603,0.5668160010827705,3
260831,1,b,72,8,15.165345001150854,3.088986995862797,11.206195005797781,0.41673499799799174,8
260831,1,b,73,9,14.531298991641961,2.747499995166436,10.867646007682197,0.5035829963162541,14
260831,1,b,74,10,18.78581701021176,2.029045994277112,11.63108400942292,4.644800996175036,7
260831,1,b,75,11,16.553891997318715,1.0704849992180243,13.925250008469447,1.0553280008025467,5
260831,1,b,76,12,14.057098000193946,1.468458998715505,11.727353994501755,0.38743100594729185,8
260831,1,b,77,13,13.580683007603511,1.1376379989087582,11.56710299255792,0.4068849957548082,2
260831,1,b,78,14,14.139745995635167,2.204702002927661,11.074922003899701,0.3764489956665784,0
260831,1,b,79,15,14.728299996932037,2.8647120052482933,10.991843999363482,0.4379979945952073,4
260831,1,b,80,0,14.417986007174477,2.144675003364682,11.378078008419834,0.4515729960985482,14
260831,1,b,81,1,15.100930002517998,2.6304360071662813,11.55335400835611,0.449913990451023,1
260831,1,b,82,2,18.57592498708982,2.53860600059852,14.96380299795419,0.4811260005226359,6
260831,1,b,83,3,18.02764000603929,1.8645490054041147,14.98590299161151,0.5335519963409752,2
260831,1,b,84,4,16.506497995578684,1.4029289886821061,13.997324989759363,0.4982899990864098,3
260831,1,b,85,5,18.554506998043507,2.8011000104015693,14.607379998778924,0.5259190074866638,3
260831,1,b,86,6,16.295626002829522,1.3881969935027882,13.828066003043205,0.47201999404933304,2
260831,1,b,87,7,16.067528995336033,1.309543993556872,13.711894993321039,0.5053910135757178,3
260831,1,b,88,8,15.577899990603328,1.3698469992959872,13.14884499879554,0.49423800373915583,8
260831,1,b,89,9,17.012611991958693,2.490963990567252,13.399350005784072,0.5213630065554753,14
260831,1,b,90,10,16.672719997586682,1.6551709995837882,12.48800999019295,1.9400710007175803,7
260831,1,b,91,11,15.430660001584329,1.3570279988925904,12.957180995726958,0.5130509962327778,5
260831,1,b,92,12,15.55234300030861,1.6349859943147749,12.897653999971226,0.4841269983444363,8
260831,1,b,93,13,17.07057400199119,1.2355369981378317,14.936182997189462,0.3739569947356358,2
260831,1,b,94,14,20.716885002912022,1.9683249993249774,15.821620996575803,0.8795849862508476,0
260831,1,b,95,15,18.111892000888474,1.6857000009622425,15.326193009968847,0.4942929954268038,4
260831,1,b,96,0,16.503274004207924,1.4056729996809736,14.011027000378817,0.4768409999087453,14
260831,1,b,97,1,15.80387599824462,1.831337998737581,13.010644994210452,0.4057039914187044,1
260831,1,b,98,2,12.659601998166181,1.0825430072145537,10.726631007855758,0.3661480004666373,6
260831,1,b,99,3,13.46171299519483,2.2813059913460165,10.45491299009882,0.31099999614525586,2
260831,1,b,100,4,12.99506300711073,0.9242910018656403,11.266522007645108,0.42214299901388586,3
260831,1,b,101,5,14.799547992879525,2.964518003864214,10.929172989563085,0.5003339902032167,3
260831,1,b,102,6,12.69121099903714,1.003611003397964,10.884806004469283,0.4178360104560852,2
260831,1,b,103,7,12.879515998065472,0.9797969978535548,11.02822100801859,0.47092000022530556,3
260831,1,b,104,8,13.177832996007055,0.9887630003504455,11.368822000804357,0.39753300370648503,8
260831,1,b,105,9,14.692586992168799,0.9518860024400055,12.956006001331843,0.3724870039150119,14
260831,1,b,106,10,13.030615009483881,0.9732289909152314,11.26022299285978,0.39011599437799305,7
260831,1,b,107,11,12.637389008887112,0.9728440054459497,10.855333996005356,0.3872599918395281,5
260831,1,b,108,12,14.600933995097876,3.006815997650847,10.778222989756614,0.41970900201704353,8
260831,1,b,109,13,13.071384993963875,1.0239090042887256,11.250049996306188,0.3579179901862517,2
260831,1,b,110,14,13.346945997909643,1.0594290070002899,11.45589500083588,0.3389340126886964,0
260831,1,b,111,15,15.105480008060113,1.3718739937758073,12.830414998461492,0.4170460015302524,4
260831,1,b,112,0,15.274903998943046,1.0823379998328164,13.283630003570579,0.41857299220282584,14
260831,1,b,113,1,14.314296000520699,1.1521870037540793,12.261668001883663,0.4109459987375885,1
260831,1,b,114,2,15.537840998149477,1.0985499975504354,13.421255003777333,0.49864299944601953,6
260831,1,b,115,3,13.911444009863771,1.475111988838762,11.46428800711874,0.5151670047780499,2
260831,1,b,116,4,13.785171002382413,0.9511620010016486,12.002509989542887,0.4262879956513643,3
260831,1,b,117,5,13.670009997440502,0.9529210074106231,11.713554995367303,0.6004949973430485,3
260831,1,b,118,6,14.600294001866132,2.690893001272343,11.027120999642648,0.41367599624209106,2
260831,1,b,119,7,14.498217002255842,3.0621269979747012,10.709406997193582,0.32726700010243803,3
260831,1,b,120,8,15.912372997263446,1.632828003494069,11.145066004246473,2.7139529993291944,8
260831,1,b,121,9,15.771885999129154,1.793151008314453,11.08710998960305,2.44336600007955,14
260831,1,b,122,10,14.857706992188469,1.8185399967478588,12.055178012815304,0.5223960033617914,7
260831,1,b,123,11,16.5637850004714,1.3970810105092824,14.086359995417297,0.49007299821823835,5
260831,1,b,124,12,22.683763003442436,3.17763899511192,17.907929010107182,0.9642990044085309,8
260831,1,b,125,13,16.448102993308567,1.4559400005964562,13.943811994977295,0.4283599992049858,2
260831,1,b,126,14,20.747902992297895,2.146833998267539,13.398540002526715,4.640347004169598,0
260831,1,b,127,15,14.367746000061743,1.4636819978477433,11.88082700537052,0.5103250005049631,4
260831,1,b,128,0,17.334817996015772,3.1205549894366413,13.183778006350622,0.46249500883277506,14
260831,1,b,129,1,18.74667299853172,1.3570119917858392,15.856679994612932,0.9469119977438822,1
260831,1,b,130,2,15.512130004935898,1.3245550071587786,13.146824989235029,0.4534070030786097,6
260831,1,b,131,3,16.446877998532727,2.288855001097545,13.017777004279196,0.5753540026489645,2
260831,1,b,132,4,14.831583001068793,1.6789119981694967,12.17704699956812,0.40924899803940207,3
260831,1,b,133,5,15.54967499396298,1.570342996274121,12.90000299923122,0.5170549993636087,3
260831,1,b,134,6,16.444712004158646,2.6937509974231943,12.792102003004402,0.41384200449101627,2
260831,1,b,135,7,16.742615000111982,1.121060995501466,11.597655990044586,3.4817129926523194,3
260831,1,b,136,8,36.80592299497221,1.3788070064038038,34.276653997949325,0.5257729935692623,8
260831,1,b,137,9,28.807729002437554,1.1924869904760271,24.3389829993248,2.7397630037739873,14
260831,1,b,138,10,30.38841600937303,5.698547000065446,20.7691289979266,0.4135689960094169,7
260831,1,b,139,11,34.23172999464441,4.16467800096143,29.143432999262586,0.43143700168002397,5
260831,1,b,140,12,31.939284992404282,5.064006996690296,20.792447990970686,5.58616200578399,8
260831,1,b,141,13,27.45155501179397,4.810477999853902,21.739971998613328,0.4110979934921488,2
260831,1,b,142,14,14.97791700239759,1.0727320041041821,13.087154002278112,0.32531999750062823,0
260831,1,b,143,15,14.005517994519323,1.4328359975479543,11.685439996654168,0.43691799510270357,4
260831,1,b,144,0,14.483216000371613,2.723805999266915,10.88103000074625,0.46291299804579467,14
260831,1,b,145,1,14.323274997877888,2.8933930007042363,10.687002999475226,0.3894179972121492,1
260831,1,b,146,2,12.727852998068556,0.9600919875083491,10.860487003810704,0.5077590030850843,6
260831,1,b,147,3,14.616225002100691,2.8461589972721413,10.967035006615333,0.41177500679623336,2
260831,1,b,148,4,12.44920700264629,0.9126080112764612,10.734700990724377,0.43413399544078857,3
260831,1,b,149,5,14.417612997931428,0.9809550101635978,12.650782999116927,0.4209489998174831,3
260831,1,b,150,6,12.632974001462571,0.9003489976748824,10.894460006966256,0.4731660010293126,2
260831,1,b,151,7,13.407032995019108,0.9669959981692955,11.624366001342423,0.43317300151102245,3
260831,1,b,152,8,14.886734992614947,0.9088559891097248,12.65031800721772,0.9574639989295974,8
260831,1,b,153,9,12.548427999718115,0.9218519990099594,10.8189169986872,0.44928499846719205,14
260831,1,b,154,10,15.339551988290623,0.9071160020539537,12.960300999111496,1.1113910004496574,7
260831,1,b,155,11,14.97893400664907,0.9146530064754188,12.57173799967859,1.1089460022049025,5
260831,1,b,156,12,13.62887599680107,1.3398570008575916,11.522183995111845,0.3877989947795868,8
260831,1,b,157,13,12.860361995990388,1.0190229950239882,10.930011005257256,0.48346199037041515,2
260831,1,b,158,14,13.996581998071633,2.720578995649703,10.599556000670418,0.3016520058736205,0
260831,1,b,159,15,13.412921005510725,1.318153997999616,11.42309898568783,0.3130200057057664,4
260831,1,b,160,0,12.742848004563712,0.9160609915852547,11.03041299211327,0.413727990235202,14
260831,1,b,161,1,16.086878997157328,0.9837029938353226,13.95328200305812,0.7458229956682771,1
260831,1,b,162,2,14.949015996535309,0.9698779904283583,13.202976988395676,0.39144899346865714,6
260831,1,b,163,3,13.04363299277611,1.340257003903389,10.87647800159175,0.44776299910154194,2
260831,1,b,164,4,13.530210009776056,0.8890530007192865,11.82735500333365,0.43639099749270827,3
260831,1,b,165,5,11.936964001506567,0.8879980014171451,10.281423004926182,0.4250359925208613,3
260831,1,b,166,6,15.593967007589526,0.8862009999575093,13.323414998012595,1.0457119933562353,2
260831,1,b,167,7,13.375032998737879,0.9932099928846583,11.59973100584466,0.38814000436104834,3
260831,1,b,168,8,15.07242801017128,0.9622420038795099,12.832255990360864,0.8486680017085746,8
260831,1,b,169,9,15.763617004267871,0.9414340020157397,13.543968001613393,0.8797629998298362,14
260831,1,b,170,10,12.71668600384146,0.9347640007035807,10.943854998913594,0.4490669962251559,7
260831,1,b,171,11,14.160321006784216,0.9524829947622493,12.316731008468196,0.4714459937531501,5
260831,1,b,172,12,15.232274003210478,1.3588889996754006,13.111099004163407,0.3697499923873693,8
260831,1,b,173,13,12.532188004115596,0.9403500007465482,10.818821989232674,0.39278800250031054,2
260831,1,b,174,14,11.824132001493126,0.9098129958147183,10.232687011011876,0.2806999982567504,0
260831,1,b,175,15,16.35512000939343,1.1812400043709204,13.961542004835792,0.8682740008225664,4
260831,1,b,176,0,15.107710001757368,0.9208570118062198,12.741223006742075,1.0715699900174513,14
260831,1,b,177,1,12.9626589914551,1.0051389981526881,11.138228001073003,0.41475999751128256,1
260831,1,b,178,2,14.507632004097104,3.083418996538967,10.563390998868272,0.44875999446958303,6
260831,1,b,179,3,13.188961005653255,1.3265330053400248,11.014408999471925,0.4848789976676926,2
260831,1,b,180,4,12.8621089970693,0.8926859882194549,11.164580995682627,0.443864002590999,3
260831,1,b,181,5,14.103266003075987,0.9559660102240741,12.275732995476574,0.4649620095733553,3
260831,1,b,182,6,12.054380000336096,0.8959650003816932,10.355205988162197,0.4314190009608865,2
260831,1,b,183,7,15.71692299330607,0.9271169983549044,13.411499006906524,1.0261090064886957,3
260831,1,b,184,8,12.464258004911244,0.909063994185999,10.777438001241535,0.4261919966666028,8
260831,1,b,185,9,14.797722004004754,0.9005549945868552,12.52661099715624,0.995880996924825,14
260831,1,b,186,10,14.706742993439548,0.8828519930830225,12.507658990216441,0.9627950057620183,7
260831,1,b,187,11,12.843831005739048,0.8944769942900166,11.127899007988162,0.47916600306052715,5
260831,1,b,188,12,14.415045996429399,2.6949359889840707,10.760069999378175,0.5792000010842457,8
260831,1,b,189,13,12.7040720108198,1.0621230030665174,10.814904992002994,0.4460810014279559,2
260831,1,b,190,14,12.603879004018381,0.8686560031492263,11.062691002734937,0.31285399745684117,0
260831,1,b,191,15,12.872119012172334,1.2515400012489408,10.800902004120871,0.43195100442972034,4
260831,1,b,192,0,12.888864002889022,0.9549329988658428,11.202856010640971,0.3675089974422008,14
260831,1,b,193,1,15.233304991852492,0.935065996600315,12.871138009359129,1.0334030084777623,1
260831,1,b,194,2,13.298856996698305,1.0909699922194704,11.203421003301628,0.5246049986453727,6
260831,1,b,195,3,15.537928004050627,3.249561006668955,11.108279999461956,0.6927049980731681,2
260831,1,b,196,4,14.167617991915904,2.853202007827349,10.477803996764123,0.3732510085683316,3
260831,1,b,197,5,12.663335000979714,0.9980010072467849,10.806317994138226,0.4206629964755848,3
260831,1,b,198,6,15.93444700120017,0.9239799983333796,13.575504999607801,1.0362829925725237,2
260831,1,b,199,7,12.237728005857207,0.9550190006848425,10.465968996868469,0.42761799704749137,3
260831,1,c,0,0,53.34441000013612,3.981290996307507,47.87038099311758,0.9976820001611486,15
260831,1,c,1,1,53.8858030049596,1.0690830094972625,51.401638993411325,0.9423830051673576,1
260831,1,c,2,2,54.57252298947424,1.057153000147082,52.097042003879324,0.9541720064589754,5
260831,1,c,3,3,52.56260199530516,4.32167699909769,43.911266009672545,3.881080003338866,2
260831,1,c,4,4,48.33865900582168,0.906916000531055,43.1813930044882,3.8750569947296754,4
260831,1,c,5,5,49.84308499842882,0.8808739949017763,47.763227004907094,0.8437530050287023,3
260831,1,c,6,6,51.74022699065972,3.9351449959212914,43.61487500136718,3.852955996990204,2
260831,1,c,7,7,48.160884995013475,0.9249129943782464,43.06785899098031,3.831055000773631,3
260831,1,c,8,8,47.545045003062114,0.8543020085198805,42.52406700106803,3.8303010078379884,9
260831,1,c,9,9,48.50621799414512,0.8526079909643158,42.930964002152905,4.389606008771807,16
260831,1,c,10,10,48.70158899575472,0.8520669944118708,43.67367499799002,3.838871998596005,8
260831,1,c,11,11,47.81246499624103,0.8646009955555201,43.14485100621823,3.4624950058059767,3
260831,1,c,12,12,49.41219500324223,1.3153030013199896,43.82165099377744,3.9157940045697615,8
260831,1,c,13,13,54.408948999480344,1.0094600002048537,51.98735599697102,0.9559189929859713,2
260831,1,c,14,14,49.4286339962855,1.0221720003755763,46.863224008120596,1.061934992321767,1
260831,1,c,15,15,54.68639300670475,4.764152996358462,48.357661988120526,1.0247350001009181,5
260831,1,c,16,0,52.65925300773233,4.221355004119687,44.020873989211395,3.9298280025832355,15
260831,1,c,17,1,56.608970000525005,1.0135170014109462,51.27087600703817,3.885842001182027,1
260831,1,c,18,2,48.108845003298484,0.9184130030917004,42.9022129974328,3.9095670072128996,5
260831,1,c,19,3,50.33461899438407,1.3084009988233447,47.852877993136644,0.821363995783031,2
260831,1,c,20,4,51.4899069967214,0.8581189904361963,43.44672399747651,3.834261995507404,4
260831,1,c,21,5,48.32364700268954,0.8803300006547943,43.0528430006234,4.031251999549568,3
260831,1,c,22,6,54.50060000293888,0.9634890011511743,52.12593999749515,0.9641289943829179,2
260831,1,c,23,7,53.02531200868543,1.1050899920519441,47.599805999198,3.852378998999484,3
260831,1,c,24,8,47.88692899455782,0.8504769939463586,42.851028993027285,3.828148008324206,9
260831,1,c,25,9,45.50424299668521,0.8657689904794097,43.44135300198104,0.8467709994874895,16
260831,1,c,26,10,52.38058899703901,0.8691320108482614,47.127339988946915,1.0108990099979565,8
260831,1,c,27,11,54.843944002641365,1.0563030082266778,49.322853999910876,3.978306005592458,3
260831,1,c,28,12,54.350487000192516,1.4615790132666007,51.42660599085502,0.9798650135053322,8
260831,1,c,29,13,54.824224003823474,1.0612839978421107,52.29039800178725,0.9889240027405322,2
260831,1,c,30,14,53.91740798950195,1.1238209990551695,51.39925099501852,0.9128599922405556,1
260831,1,c,31,15,53.34675499761943,1.290599990170449,47.71930399874691,3.878961011650972,5
260831,1,c,32,0,47.77459600882139,0.8881829999154434,42.66502799873706,3.8508550060214475,15
260831,1,c,33,1,48.29158500069752,0.9044159960467368,43.15604599833023,3.8830150006106123,1
260831,1,c,34,2,47.79364800197072,0.958646007347852,42.60492899629753,3.8466489932034165,5
260831,1,c,35,3,49.82728199684061,1.360578986350447,47.29390700231306,0.824973001726903,2
260831,1,c,36,4,52.15858500741888,3.904350000084378,44.08241399505641,3.831380992778577,4
260831,1,c,37,5,47.91049599589314,0.8892159967217594,42.83023100288119,3.8540109962923452,3
260831,1,c,38,6,48.10459200234618,0.8996670076157898,42.943954991642386,3.917533002095297,2
260831,1,c,39,7,54.05922399950214,1.0530649888096377,48.656772007234395,3.916821995517239,3
260831,1,c,40,8,48.708685993915424,0.9521379979560152,46.384354995097965,0.9379690018249676,9
260831,1,c,41,9,54.16746300761588,1.0643770074239,48.65969100501388,3.9799499936634675,16
260831,1,c,42,10,48.57134900521487,1.008749008178711,46.178356002201326,0.9367739985464141,8
260831,1,c,43,11,53.999511001165956,0.9896709962049499,48.598513007164,3.9505290042143315,3
260831,1,c,44,12,50.8787300059339,1.426764007192105,48.09350099822041,0.9018569980980828,8
260831,1,c,45,13,49.31581500568427,0.9503009932814166,44.08661900379229,3.8468679995276034,2
260831,1,c,46,14,48.02815399307292,0.8498310053255409,43.00036399217788,3.825877996860072,1
260831,1,c,47,15,45.05484500259627,1.1846089910250157,42.69800800830126,0.8460819954052567,5
260831,1,c,48,0,52.89925700344611,0.8677060104673728,44.36641000211239,3.8357970042852685,15
260831,1,c,49,1,48.265094999806024,0.9100569877773523,43.047147992183454,3.957918001106009,1
260831,1,c,50,2,49.04093399818521,0.9380440023960546,46.67378200974781,1.028798011248,5
260831,1,c,51,3,53.39205601194408,4.529629004537128,47.49532499408815,0.8804649987723678,2
260831,1,c,52,4,53.08695699204691,0.9049229993252084,47.91192499396857,3.8659319980069995,4
260831,1,c,53,5,48.56151599960867,0.9034249960677698,43.37436500645708,3.9106230105971918,3
260831,1,c,54,6,53.67895799281541,0.9429209894733503,48.373067009379156,3.9437020022887737,2
260831,1,c,55,7,48.62337298982311,1.0507330007385463,46.189959000912495,0.9221729997079819,3
260831,1,c,56,8,53.63113200291991,0.9854189993347973,48.2568489969708,3.9438259991584346,9
260831,1,c,57,9,53.91331900318619,0.9965650097001344,48.54299400176387,3.9286639948841184,16
260831,1,c,58,10,53.466965997358784,0.9818169928621501,48.11274100211449,3.92372599162627,8
260831,1,c,59,11,48.41993701120373,1.0265559976687655,43.10000799887348,3.861364006297663,3
260831,1,c,60,12,49.74519800452981,1.1523779976414517,47.37429099623114,0.8630509983049706,8
260831,1,c,61,13,52.204328996594995,3.931614992325194,43.99799100065138,3.915973997209221,2
260831,1,c,62,14,48.38488600216806,0.9773049969226122,43.026628001825884,3.9565689949085936,1
260831,1,c,63,15,54.546088009374216,1.3245159934740514,51.75248500017915,0.9869210043689236,5
260831,1,c,64,0,54.59794600028545,4.084920001332648,49.03025600651745,0.9876149997580796,15
260831,1,c,65,1,52.829894004389644,4.106170003069565,44.266944998526014,3.9582330064149573,1
260831,1,c,66,2,54.685110997525044,1.0856010048883036,52.12815399863757,0.9814350050874054,5
260831,1,c,67,3,53.86528899543919,4.51419000455644,47.84039699006826,0.9987780067604035,2
260831,1,c,68,4,54.0077189943986,4.109093992155977,48.38594299508259,0.9979200112866238,4
260831,1,c,69,5,54.173586002434604,4.048025002703071,48.598292996757664,1.0197040101047605,3
260831,1,c,70,6,60.289393994025886,4.114581999601796,54.48652998893522,1.1713069980032742,2
260831,1,c,71,7,65.84451200615149,4.284636001102626,60.04178800503723,0.9658510098233819,3
260831,1,c,72,8,53.44281700672582,4.0959510079119354,47.89493999851402,0.9609519911464304,9
260831,1,c,73,9,53.62277700623963,1.0605360002955422,51.1272489966359,0.9538930025883019,16
260831,1,c,74,10,53.83797601098195,1.0069800046039745,48.39185200398788,3.9690709963906556,8
260831,1,c,75,11,54.89505200239364,1.0567340068519115,49.35647199454252,3.9886779995867983,3
260831,1,c,76,12,55.33727700822055,1.470518996939063,52.36474900448229,1.0003470088122413,8
260831,1,c,77,13,53.42916600056924,4.096111006219871,47.86914300348144,0.9615890012355521,2
260831,1,c,78,14,53.61522200109903,4.0337500104215,48.10708700097166,0.9773150086402893,1
260831,1,c,79,15,54.24701499578077,4.3783239962067455,48.394925994216464,0.9802580025279894,5
260831,1,c,80,0,53.13169601140544,1.0214860085397959,47.77327200281434,3.8727450009901077,15
260831,1,c,81,1,49.51994300063234,0.9797899983823299,47.220883003319614,0.9305040002800524,1
260831,1,c,82,2,53.76192899711896,1.0073029989143834,48.35424500925001,3.948902987758629,5
260831,1,c,83,3,54.12722600158304,1.4514470094582066,51.25042698637117,0.9556699951644987,2
260831,1,c,84,4,54.53380598919466,1.0149139998247847,52.052065992029384,0.9892520029097795,4
260831,1,c,85,5,53.63029000000097,3.989876000559889,48.18197600252461,0.9587769891368225,3
260831,1,c,86,6,53.10651700710878,1.0344559996156022,47.743386996444315,3.8714900001650676,2
260831,1,c,87,7,48.21024699776899,0.9369199979119003,43.002013000659645,3.8909849972696975,3
260831,1,c,88,8,48.93383799935691,0.8839770016493276,46.70017000171356,0.9678350033937022,9
260831,1,c,89,9,55.7251699938206,5.8051880041603,48.390297990408726,1.0726770124165341,16
260831,1,c,90,10,53.55526300263591,0.9033560054376721,48.36944199632853,3.89284199627582,8
260831,1,c,91,11,53.980441007297486,0.8978209953056648,48.739699996076524,3.9544369938084856,3
260831,1,c,92,12,54.28728800325189,1.4305799995781854,51.513028010958806,0.9094490087591112,8
260831,1,c,93,13,53.8921620027395,0.9384629956912249,51.674474991159514,0.8899459935491905,2
260831,1,c,94,14,53.63413899613079,0.8773919980740175,48.48641199350823,3.896840993547812,1
260831,1,c,95,15,54.93806100275833,1.2808979954570532,52.24232899490744,0.9975069988286123,5
260831,1,c,96,0,55.04178500268608,4.07028901099693,49.49852099525742,0.9805250010685995,15
260831,1,c,97,1,53.82504400040489,4.08216800133232,48.29906798840966,0.9576310112606734,1
260831,1,c,98,2,54.22510199423414,4.054700999404304,48.70145099994261,0.9903399914037436,5
260831,1,c,99,3,53.93760500010103,4.508318001171574,48.00702800275758,0.9511230018688366,2
260831,1,c,100,4,54.3403909978224,3.8759730086894706,48.99023300094996,1.0045550006907433,4
260831,1,c,101,5,53.15668499679305,4.116786003578454,47.62492900772486,0.9224550012731925,3
260831,1,c,102,6,53.61129000084475,0.9351229964522645,51.41287000151351,0.8614270045654848,2
260831,1,c,103,7,53.53941099019721,0.9282850078307092,48.38636399654206,3.8689350039931014,3
260831,1,c,104,8,48.28774998895824,0.9153119899565354,43.161371009773575,3.8600120024057105,9
260831,1,c,105,9,53.30457299714908,0.8714200084796175,48.19592800049577,3.8836280000396073,16
260831,1,c,106,10,48.8826539949514,0.8814309985609725,46.77877099311445,0.8683380001457408,8
260831,1,c,107,11,53.35488299897406,0.9350460022687912,48.14169199380558,3.926908000721596,3
260831,1,c,108,12,54.52246099594049,1.3472870050463825,48.79754698777106,3.999555003247224,8
260831,1,c,109,13,55.682694001006894,1.0759300057543442,53.10912699496839,0.9966299985535443,2
260831,1,c,110,14,54.29290799656883,4.051726995385252,48.685867004678585,1.0646949958754703,1
260831,1,c,111,15,53.99113100429531,4.390927992062643,45.10179700446315,4.001865992904641,5
260831,1,c,112,0,54.8451969953021,1.049416998284869,52.33010998927057,0.9795139922061935,15
260831,1,c,113,1,53.8858009967953,4.080997998244129,48.428394002257846,0.907681998796761,1
260831,1,c,114,2,54.29509199166205,4.004214992164634,48.78095300227869,1.0756359988590702,5
260831,1,c,115,3,53.66764600330498,4.477955008042045,47.78708300727885,0.9282379905926064,2
260831,1,c,116,4,53.42547799227759,0.9660420037107542,48.100406987941824,0.9227279952028766,4
260831,1,c,117,5,53.69812500430271,0.9391689964104444,48.45819799811579,3.9061110001057386,3
260831,1,c,118,6,54.35655699693598,0.9042669989867136,49.17792799824383,3.8898960046935827,2
260831,1,c,119,7,48.86015800002497,0.9409029880771413,46.67865599913057,0.8752519934205338,3
260831,1,c,120,8,53.524508999544196,0.8788760023890063,48.411844996735454,3.874294998240657,9
260831,1,c,121,9,48.238324001431465,0.9012660011649132,43.0977389914915,3.877504001138732,16
260831,1,c,122,10,54.36649400508031,0.8831209997879341,52.122711000265554,0.9708319994388148,8
260831,1,c,123,11,54.26748699392192,1.0478040057932958,51.78027899819426,0.9701349918032065,3
260831,1,c,124,12,54.18910899606999,4.457472998183221,48.27823900268413,0.983981997705996,8
260831,1,c,125,13,54.084433999378234,4.081870007212274,48.5193570057163,1.0015890002250671,2
260831,1,c,126,14,54.14275999646634,4.081537990714423,48.587115001282655,0.9646130056353286,1
260831,1,c,127,15,53.29675998655148,4.431929992279038,47.48940600256901,0.8971489878604189,5
260831,1,c,128,0,53.65863200859167,0.9582170023350045,51.453631996992044,0.867066002683714,15
260831,1,c,129,1,53.90931099827867,0.9293280018027872,48.6951540078735,3.923377997125499,1
260831,1,c,130,2,53.916691002086736,4.043467008159496,45.532750998972915,3.926215009414591,5
260831,1,c,131,3,54.68110500078183,1.3582599931396544,52.063809998799115,0.8812430023681372,2
260831,1,c,132,4,53.60049399314448,0.948338012676686,51.40350900182966,0.8764039957895875,4
260831,1,c,133,5,53.831063996767625,0.959676006459631,51.61859099462163,0.885298999492079,3
260831,1,c,134,6,53.720729003543966,0.8967629983089864,48.56134099827614,3.8854909944348037,2
260831,1,c,135,7,54.37011600588448,0.9493109973846003,49.094428002717905,3.937540008337237,3
260831,1,c,136,8,49.375934002455324,0.9574310097377747,47.031769005116075,0.9653909946791828,9
260831,1,c,137,9,54.62379800155759,1.0296059917891398,52.09759500576183,1.0321239969925955,16
260831,1,c,138,10,53.64409799221903,4.137511990847997,48.032827995484695,0.9759690001374111,8
260831,1,c,139,11,53.6530180106638,4.0644879918545485,48.1175729946699,0.9864010062301531,3
260831,1,c,140,12,54.435717000160366,4.507887992076576,48.50485100178048,0.9591819980414584,8
260831,1,c,141,13,54.088964010588825,3.983890012023039,48.75298400293104,0.9073190012713894,2
260831,1,c,142,14,53.44556500494946,0.890038994839415,48.274559987476096,3.8962719991104677,1
260831,1,c,143,15,54.816732998006046,1.22734101023525,52.126865994068794,0.9960939933080226,5
260831,1,c,144,0,54.92492200573906,1.0849119862541556,52.31790500693023,1.0175380011787638,15
260831,1,c,145,1,53.85153999668546,4.161942008067854,48.17980500229169,1.0004659998230636,1
260831,1,c,146,2,90.45506200345699,4.131912006414495,84.01942400087137,1.7557090031914413,5
260831,1,c,147,3,95.39400100766215,2.4347970029339194,87.43827100261115,1.7005739937303588,2
260831,1,c,148,4,95.4815479926765,4.793166008312255,85.1460839912761,4.752213004394434,4
260831,1,c,149,5,90.59763800178189,4.65149299998302,83.46741399145685,1.7069669993361458,3
260831,1,c,150,6,94.55360200081486,4.675454998505302,84.34818999376148,4.7553939948556945,2
260831,1,c,151,7,90.8928749995539,4.673688003094867,80.67528500396293,4.762344993650913,3
260831,1,c,152,8,91.28090500598773,4.651693001505919,84.08411100390367,1.7499859968665987,9
260831,1,c,153,9,90.15838899358641,4.662405990529805,82.9836070042802,1.7359300109092146,16
260831,1,c,154,10,90.40313999867067,4.660945996874943,83.26843999384437,1.6992240125546232,8
260831,1,c,155,11,95.35395399143454,1.6449899994768202,87.8794129966991,2.0132580102654174,3
260831,1,c,156,12,96.72431700164452,5.168983989278786,89.62342199811246,1.0921140055870637,8
260831,1,c,157,13,58.684403004008345,1.1856789933517575,52.684235997730866,4.258156011928804,2
260831,1,c,158,14,49.606269007199444,1.2075739941792563,43.87638499611057,3.963033013860695,1
260831,1,c,159,15,32.72901599120814,1.1924680002266541,29.878934001317248,1.1489300086395815,5
260831,1,c,160,0,37.730602009105496,1.327719000983052,34.73724500508979,1.081214999430813,15
260831,1,c,161,1,53.58024399902206,4.045901994686574,48.056879997602664,0.9751210018293932,1
260831,1,c,162,2,54.09529199823737,1.0750850051408634,51.58220599696506,0.9442180016776547,5
260831,1,c,163,3,41.810315000475384,4.403044993523508,35.96920501149725,0.9489789954386652,2
260831,1,c,164,4,26.51933499146253,1.1066290026064962,23.980539001058787,0.944393003010191,4
260831,1,c,165,5,54.02603099355474,1.0010279947891831,45.61488499166444,3.9647849916946143,3
260831,1,c,166,6,54.50186500092968,1.033510998240672,51.96164800145198,1.0098709899466485,2
260831,1,c,167,7,54.070601996500045,1.0849219979718328,51.55723699135706,0.9483710018685088,3
260831,1,c,168,8,65.31654500577133,1.040406001266092,59.58886998996604,4.194228997221217,9
260831,1,c,169,9,52.215117000741884,1.163163993624039,46.166236003045924,4.310758013161831,16
260831,1,c,170,10,56.65724900609348,1.2750530004268512,53.67897200630978,1.114547994802706,8
260831,1,c,171,11,47.2058070008643,1.2365580041659996,44.18975500448141,1.2146579974796623,3
260831,1,c,172,12,55.76292800833471,1.8360610119998455,49.26339699886739,0.9910200024023652,8
260831,1,c,173,13,53.27342699456494,4.119467004784383,44.78773000300862,3.8989110034890473,2
260831,1,c,174,14,49.93310000281781,0.909246999071911,47.69289201067295,0.9316439973190427,1
260831,1,c,175,15,56.29884400696028,1.2846559984609485,50.639737004530616,0.9759840031620115,5
260831,1,c,176,0,81.37831999920309,1.0049190022982657,78.94554200174753,0.9672739979578182,15
260831,1,c,177,1,80.88389900512993,1.0776279959827662,78.3757110039005,0.9519360028207302,1
260831,1,c,178,2,81.39229900552891,1.126457005739212,78.80290699540637,0.9845429885899648,5
260831,1,c,179,3,62.90232799074147,7.533493990194984,53.85436299548019,1.0144489933736622,2
260831,1,c,180,4,55.00902800122276,4.079691003425978,49.436265995609574,0.9873859962681308,4
260831,1,c,181,5,52.556706010363996,1.1117329995613545,46.95668899512384,1.01109899696894,3
260831,1,c,182,6,53.01608699664939,0.9143510105786845,47.867910005152225,3.849151005852036,2
260831,1,c,183,7,48.48066999693401,0.9320059907622635,43.328639992978424,3.870061002089642,3
260831,1,c,184,8,49.983155011432245,0.8813460008241236,47.86932599381544,0.8590939978603274,9
260831,1,c,185,9,51.76324899366591,0.8667540096212178,43.647041005897336,3.8930970040382817,16
260831,1,c,186,10,47.82249699928798,0.8767899998929352,42.773093009600416,3.82919299590867,8
260831,1,c,187,11,47.750693003763445,0.8743219950702041,42.7219950070139,3.8209740014281124,3
260831,1,c,188,12,48.214134003501385,1.404547001584433,42.5664969952777,3.8983330014161766,8
260831,1,c,189,13,48.43547899508849,0.9664809913374484,43.12794399447739,3.9302130026044324,2
260831,1,c,190,14,53.252954996423796,0.9562850027577952,47.95147699769586,3.9021929987939075,1
260831,1,c,191,15,48.70394300087355,1.324661003309302,42.995211013476364,3.9406180003425106,5
260831,1,c,192,0,53.50902600912377,0.9910579974530265,48.14382499898784,3.9159310108516365,15
260831,1,c,193,1,48.26335700636264,1.0638879903126508,42.843594987061806,3.917238995200023,1
260831,1,c,194,2,55.78130698995665,0.976675990386866,53.34991600830108,1.012305001495406,5
260831,1,c,195,3,58.31589399895165,4.134130998863839,43.8377109967405,9.869193003396504,2
260831,1,c,196,4,77.48263099347241,0.8712220005691051,72.15956499567255,4.068970010848716,4
260831,1,c,197,5,72.66829400032293,0.9391039930051193,70.43740298831835,0.8920780092012137,3
260831,1,c,198,6,49.915775991394185,0.9052410023286939,47.79383099230472,0.8385410037590191,2
260831,1,c,199,7,53.124081998248585,0.9231369913322851,47.862528008408844,0.9574680007062852,3
260831,1,d,0,0,27.46563400432933,1.067999008228071,25.54820700606797,0.3523439954733476,13
260831,1,d,1,1,27.59911899920553,1.095696003176272,25.645715999417007,0.3593270084820688,1
260831,1,d,2,2,43.066261991043575,1.2296789936954156,41.000404991791584,0.33415999496355653,6
260831,1,d,3,3,54.40160300349817,4.319330008001998,49.34224499447737,0.3194229939254001,2
260831,1,d,4,4,53.26262100425083,0.9275640040868893,48.62581299676094,0.3154820005875081,3
260831,1,d,5,5,49.75022899452597,1.0308820055797696,47.99764900235459,0.3262329992139712,3
260831,1,d,6,6,55.040993000147864,3.950553000322543,50.30110500229057,0.35345699870958924,2
260831,1,d,7,7,54.764435000834055,1.1318179895170033,52.760303995455615,0.3636719920905307,3
260831,1,d,8,8,54.29436100530438,4.176071000983939,49.227440991671756,0.3589109983295202,8
260831,1,d,9,9,55.333695010631345,1.1586279870243743,53.26944500848185,0.37206299020908773,14
260831,1,d,10,10,55.03750100615434,1.105489005567506,53.065668005729094,0.359867000952363,7
260831,1,d,11,11,54.31436900107656,1.1056729999836534,52.33329499606043,0.3558389871614054,4
260831,1,d,12,12,55.413451002095826,4.460373995243572,50.05070200422779,0.38561099790968,9
260831,1,d,13,13,54.89486800797749,4.310612988774665,49.707122991094366,0.351680995663628,3
260831,1,d,14,14,52.9029549943516,4.065420987899415,48.03791300219018,0.32418100454378873,1
260831,1,d,15,15,54.12401299690828,1.195946999359876,52.0923410076648,0.3900050069205463,5
260831,1,d,16,0,55.353319010464475,1.1824950051959604,53.26162699202541,0.3599699994083494,13
260831,1,d,17,1,55.014509009197354,4.346870991867036,49.743940006010234,0.3815579984802753,1
260831,1,d,18,2,55.1763179973932,4.139249998843297,50.121555002988316,0.3649990103440359,6
260831,1,d,19,3,59.84185400302522,1.4819610078120604,57.4488420097623,0.3880809963447973,2
260831,1,d,20,4,53.3251390006626,1.2331430043559521,48.20091700821649,0.3560030017979443,3
260831,1,d,21,5,51.200313988374546,3.172135999193415,47.177879998344,0.34816699917428195,3
260831,1,d,22,6,51.533450998249464,1.051365994499065,49.647142994217575,0.3550889960024506,2
260831,1,d,23,7,54.61796201416291,4.153564004809596,49.58149000594858,0.37294400681275874,3
260831,1,d,24,8,75.79476499813609,4.115539995837025,70.79015899216756,0.3785519947996363,8
260831,1,d,25,9,81.4255309960572,7.205104993772693,73.34380800602958,0.362912003765814,14
260831,1,d,26,10,78.76899698749185,7.110425998689607,67.77761899866164,3.3835710055427626,7
260831,1,d,27,11,56.5379970066715,1.2377340026432648,54.20640799275134,0.564668996958062,4
260831,1,d,28,12,51.995285000884905,1.4867910067550838,46.62889800965786,0.36067199835088104,9
260831,1,d,29,13,59.96315499942284,4.104671999812126,55.024875997332856,0.3533429990056902,3
260831,1,d,30,14,82.06920100201387,9.2260360106593,71.9912850036053,0.3513429983286187,1
260831,1,d,31,15,82.74280300247483,7.353253007750027,74.48354599182494,0.3796340024564415,5
260831,1,d,32,0,105.64159399655182,6.645860994467512,98.10909800580703,0.36474299849942327,13
260831,1,d,33,1,95.32662299170624,10.193743000854738,84.27944900176954,0.3550550027284771,1
260831,1,d,34,2,81.83836200623773,1.1662299948511645,73.73886900313664,0.35420800850261003,6
260831,1,d,35,3,83.98667600704357,7.434784012730233,75.68464599899016,0.365918007446453,2
260831,1,d,36,4,94.55759399861563,7.11040900205262,83.50837900070474,3.397584005142562,3
260831,1,d,37,5,88.2012429938186,4.2353079916210845,80.00717300456017,3.420736000407487,3
260831,1,d,38,6,90.80382599495351,1.1504340072860941,88.69167299417313,0.40921800245996565,2
260831,1,d,39,7,91.8573800008744,7.6529350044438615,76.24683200265281,0.36777000059373677,3
260831,1,d,40,8,74.31207998888567,1.2522720062406734,72.18806000309996,0.34299600520171225,8
260831,1,d,41,9,82.18210699851625,0.9971109975595027,80.38359100464731,0.34248399606440216,14
260831,1,d,42,10,83.73276698694099,6.000180001137778,76.87111599079799,0.3777389938477427,7
260831,1,d,43,11,82.1504380000988,6.615081001655199,74.66170300904196,0.3536709991749376,4
260831,1,d,44,12,128.28744998842012,7.239024009322748,119.861958999536,0.6476800044765696,9
260831,1,d,45,13,137.4534149945248,7.642657001269981,119.38835500041023,9.622908997698687,3
260831,1,d,46,14,136.72261200554203,1.636054992559366,129.69070799590554,0.6101659964770079,1
260831,1,d,47,15,139.02044399583247,2.1611269912682474,135.44655599980615,0.6261599919525906,5
260831,1,d,48,0,139.90388599631842,7.6014630030840635,123.92079200071748,0.5944180011283606,13
260831,1,d,49,1,132.40589399356395,1.6893090069061145,125.68803199974354,4.250489000696689,1
260831,1,d,50,2,141.51626099192072,1.6513959999429062,129.44985600188375,0.617144993157126,6
260831,1,d,51,3,101.82814300060272,2.3199889983516186,92.43242000229657,0.34220999805256724,2
260831,1,d,52,4,78.25917699665297,8.12084499921184,69.32194599357899,0.33256399910897017,3
260831,1,d,53,5,73.754156997893,7.05249299062416,65.90010599757079,0.33677200553938746,3
260831,1,d,54,6,79.84848799242172,1.0945179965347052,71.88053100253455,0.37913600681349635,2
260831,1,d,55,7,82.19497599930037,1.1231179960304871,80.1804000075208,0.3583229990908876,3
260831,1,d,56,8,82.17122999485582,1.0668030008673668,80.24922400363721,0.35698000283446163,8
260831,1,d,57,9,82.32953200058546,1.0570540034677833,80.44426099513657,0.3485350025584921,14
260831,1,d,58,10,56.09159800224006,1.0333669924875721,54.26992999855429,0.3240490041207522,7
260831,1,d,59,11,76.2903270078823,1.0674950026441365,69.08979400759563,0.3231120062991977,4
260831,1,d,60,12,80.74301001033746,1.3468529941746965,71.57987100072205,0.3510829992592335,9
260831,1,d,61,13,82.61973700427916,1.0737419943325222,74.71041999815498,6.335889993351884,3
260831,1,d,62,14,72.8652499965392,1.0213229979854077,65.03746399539523,6.329143012408167,1
260831,1,d,63,15,74.13649100635666,1.1828590068034828,72.18611700227484,0.34768000477924943,5
260831,1,d,64,0,81.41006399819162,1.0629250027704984,79.43779299966991,0.391515000956133,13
260831,1,d,65,1,88.09966999979224,1.1338130134390667,86.06979899923317,0.3694400074891746,1
260831,1,d,66,2,80.7333650009241,7.223495005746372,72.60869799938519,0.3753469936782494,6
260831,1,d,67,3,79.23497799492907,7.540630002040416,70.83911700465251,0.3489259979687631,2
260831,1,d,68,4,79.96106598875485,7.05580301291775,72.0944079948822,0.33576600253582,3
260831,1,d,69,5,84.48986199800856,0.9582089987816289,77.70464499481022,5.381830007536337,3
260831,1,d,70,6,81.96074698935263,1.1539150000317022,73.95055099914316,6.360677987686358,2
260831,1,d,71,7,75.07012199494056,1.1293720017420128,73.09323399385903,0.35376500454731286,3
260831,1,d,72,8,84.72039499611128,1.0505679965717718,73.79279400629457,9.38338199921418,8
260831,1,d,73,9,73.48494300094899,1.1098429968114942,71.50124201143626,0.36282200017012656,14
260831,1,d,74,10,83.05640099570155,1.0734359966591,81.08394499868155,0.38332199619617313,7
260831,1,d,75,11,82.53187299123965,1.0811540123540908,80.56527300504968,0.37075999716762453,4
260831,1,d,76,12,81.22646000992972,5.010912995203398,75.3767090063775,0.3469920047791675,9
260831,1,d,77,13,78.13188200816512,7.114099003956653,70.14151000475977,0.3709699958562851,3
260831,1,d,78,14,54.860670992638916,4.0870049997465685,49.88137500185985,0.36640200414694846,1
260831,1,d,79,15,53.984919999493286,4.393719995277934,48.750452988315374,0.3446810005698353,5
260831,1,d,80,0,79.55564100120682,1.0937500046566129,71.5218560071662,6.4287689892807975,13
260831,1,d,81,1,78.31491000251845,1.1206219933228567,76.32578400080092,0.3509739908622578,1
260831,1,d,82,2,81.71463500184473,1.078196000889875,79.78821299911942,0.3533979906933382,6
260831,1,d,83,3,85.95418201002758,4.313557001296431,80.75079199625179,0.39300299249589443,2
260831,1,d,84,4,81.14397998724598,1.0836969886440784,79.16425399889704,0.38498399953823537,3
260831,1,d,85,5,80.72775299660861,7.260555008542724,72.61134999862406,0.35562500124797225,3
260831,1,d,86,6,80.62326500657946,7.10140100272838,72.66384700778872,0.3643669915618375,2
260831,1,d,87,7,81.51072000327986,7.199853993370198,73.43073000083677,0.36017398815602064,3
260831,1,d,88,8,89.50874400034081,7.2117800009436905,81.37996301229578,0.3846320032607764,8
260831,1,d,89,9,81.9759550067829,7.334964000619948,73.72611000027973,0.38701800804119557,14
260831,1,d,90,10,87.58206901256926,1.2111319956602529,73.40816300711595,6.400602011126466,7
260831,1,d,91,11,81.88744400104042,1.1517019884195179,79.83807299751788,0.36639800237026066,4
260831,1,d,92,12,99.92702299496159,7.418230001349002,91.59597200050484,0.40045300556812435,9
260831,1,d,93,13,32.83716399164405,4.32606200047303,27.560155009268783,0.41382900963071734,3
260831,1,d,94,14,30.370027001481503,1.2700709921773523,28.12074401299469,0.4086359986104071,1
260831,1,d,95,15,30.80809098901227,1.5007000038167462,28.313411006820388,0.42659199971240014,5
260831,1,d,96,0,29.45990599982906,1.260990000446327,27.256721004960127,0.3771420015254989,13
260831,1,d,97,1,28.73949200147763,1.2354039936326444,26.535250988672487,0.41771199903450906,1
260831,1,d,98,2,31.108315990422852,1.2345750001259148,28.87086899136193,0.3999410109827295,6
260831,1,d,99,3,29.838068992830813,1.571811008034274,27.32718299375847,0.3804840089287609,2
260831,1,d,100,4,28.430912992917,1.170871008071117,26.394740998512134,0.35267700150143355,3
260831,1,d,101,5,41.10515399952419,1.097896005376242,39.14645200711675,0.34678299562074244,3
260831,1,d,102,6,55.05204800283536,1.1103569995611906,53.04714299563784,0.378154989448376,2
260831,1,d,103,7,52.99263299093582,4.235026004607789,47.84463699616026,0.4021829954581335,3
260831,1,d,104,8,40.27324799972121,1.1777670006267726,35.1858290086966,3.3785249979700893,8
260831,1,d,105,9,55.35923301067669,1.138576990342699,53.324134001741186,0.3771310002775863,14
260831,1,d,106,10,53.77115799637977,4.133194001042284,48.79051199532114,0.3474380064290017,7
260831,1,d,107,11,53.729528008261696,4.02019199100323,45.92528300418053,3.330039995489642,4
260831,1,d,108,12,58.94048100162763,1.1047790030715987,55.11421200935729,2.3033899924485013,9
260831,1,d,109,13,32.79707799083553,1.3151299935998395,27.594161991146393,3.3673500001896173,3
260831,1,d,110,14,62.146255004336126,1.2266310077393427,59.963833991787396,0.407693994930014,1
260831,1,d,111,15,44.77489201235585,4.521747003309429,37.57959499489516,2.12881900370121,5
260831,1,d,112,0,75.68353498936631,1.1318160104565322,73.63342199823819,0.39294399903155863,13
260831,1,d,113,1,82.06072699977085,1.1330660054227337,80.06081399798859,0.34604300162754953,1
260831,1,d,114,2,55.847687006462365,7.1610710001550615,47.80737801047508,0.3644960088422522,6
260831,1,d,115,3,51.00294901058078,4.513662002864294,45.677061993046664,0.3224170068278909,2
260831,1,d,116,4,50.11750500125345,0.9497149876551703,48.43258399341721,0.3219470090698451,3
260831,1,d,117,5,51.940585995907895,0.9606700041331351,47.24494999391027,0.32360000477638096,3
260831,1,d,118,6,53.594490003888495,0.9062659955816343,51.93109299580101,0.341781007591635,2
260831,1,d,119,7,48.609329998726025,1.044364005792886,46.78619200421963,0.32180300331674516,3
260831,1,d,120,8,53.963960002874956,0.9604399965610355,52.263339995988645,0.32158200338017195,8
260831,1,d,121,9,53.556553000817075,0.946351996390149,51.881509003578685,0.3197600017301738,14
260831,1,d,122,10,51.77573399851099,3.9024150028126314,47.19433399441186,0.3017069975612685,7
260831,1,d,123,11,47.81871799787041,0.8682289917487651,43.29736699583009,3.3108210045611486,4
260831,1,d,124,12,48.14564899425022,1.2715699995169416,46.23182601062581,0.30028999026399106,9
260831,1,d,125,13,47.8646310075419,0.8891739998944104,43.32198500924278,3.3177059958688915,3
260831,1,d,126,14,47.96830999839585,0.9140409965766594,43.402609997428954,3.310846004751511,1
260831,1,d,127,15,48.207715997705236,1.1424519907450303,46.432823000941426,0.3029829967999831,5
260831,1,d,128,0,47.73264899267815,0.8703250059625134,43.235731005552225,3.302657001768239,13
260831,1,d,129,1,47.917055009747855,0.9453700040467083,43.355211004382,3.2981530093820766,1
260831,1,d,130,2,48.76147100003436,0.852789991768077,47.23840899532661,0.32535899663344026,6
260831,1,d,131,3,53.46659099450335,1.3496989995473996,51.33107599976938,0.32166700111702085,2
260831,1,d,132,4,48.079743995913304,0.957337993895635,46.40445199038368,0.31894199491944164,3
260831,1,d,133,5,48.359000007621944,0.9139659960055724,46.73785400518682,0.3117180021945387,3
260831,1,d,134,6,50.225793995196,0.8755259914323688,48.66813000990078,0.3103579947492108,2
260831,1,d,135,7,52.176314013195224,3.9305259997490793,44.573384991963394,3.3130670053651556,3
260831,1,d,136,8,49.871649011038244,0.8560030109947547,48.29231598705519,0.3544400096870959,8
260831,1,d,137,9,52.55438800668344,4.127559994230978,47.651544999098405,0.30471000354737043,14
260831,1,d,138,10,47.43523999059107,0.8934400102589279,42.89081798924599,3.306453989353031,7
260831,1,d,139,11,50.65645799913909,0.8742829959373921,49.06903300434351,0.3649139980552718,4
260831,1,d,140,12,63.35072900401428,1.5241229993989691,55.04506500437856,3.3650510013103485,9
260831,1,d,141,13,51.262958004372194,1.0204159916611388,49.4921549980063,0.3589280095184222,3
260831,1,d,142,14,58.112140992307104,3.98152599518653,53.30604300252162,0.41058799251914024,1
260831,1,d,143,15,61.30834600480739,1.4865569974062964,58.89011800172739,0.3993559948867187,5
260831,1,d,144,0,59.913733013672754,4.2081660067196935,54.75372000364587,0.40326300950255245,13
260831,1,d,145,1,60.43409499397967,4.200497001875192,55.28573899937328,0.40271699253935367,1
260831,1,d,146,2,58.505930996034294,4.234687003190629,53.38247500185389,0.3715960046974942,6
260831,1,d,147,3,65.7310789974872,1.4616889966418967,63.57750800088979,0.2856430073734373,2
260831,1,d,148,4,44.039804008207284,0.8341070060851052,42.589774006046355,0.29285399068612605,3
260831,1,d,149,5,48.14374200941529,3.8670600042678416,43.665705001330934,0.2893539931392297,3
260831,1,d,150,6,51.21285900531802,0.8990979986265302,43.675738997990265,3.3006459998432547,2
260831,1,d,151,7,44.78210500383284,1.121577006415464,43.040022006607614,0.2930859918706119,3
260831,1,d,152,8,48.63824800122529,0.8172280067810789,44.20347200357355,0.2918230020441115,8
260831,1,d,153,9,51.744140990194865,3.842774996883236,44.22360600437969,3.3347650023642927,14
260831,1,d,154,10,48.24557599204127,0.9887970081763342,46.4790779951727,0.3349590115249157,7
260831,1,d,155,11,50.316591004957445,1.0324250033590943,48.534428991843015,0.3074059932259843,4
260831,1,d,156,12,51.30565300351009,1.272471999982372,43.331445995136164,3.3146319910883904,9
260831,1,d,157,13,44.62352299015038,0.8921239932533354,43.09227899648249,0.30069900094531476,3
260831,1,d,158,14,51.86361700179987,0.848137991852127,47.363669000333175,0.29962099506519735,1
260831,1,d,159,15,52.446702000452206,1.1848460126202554,47.520336011075415,0.34592200245242566,5
260831,1,d,160,0,53.47522000374738,1.050242004566826,51.63785700278822,0.32742900657467544,13
260831,1,d,161,1,47.672150991274975,0.9543750056764111,42.99636199721135,3.320989999338053,1
260831,1,d,162,2,47.98704301356338,0.9004540042951703,43.38866300531663,3.315791007480584,6
260831,1,d,163,3,48.08758599392604,1.2396459933370352,46.10176300047897,0.37084799259901047,2
260831,1,d,164,4,48.19591199338902,0.8701950137037784,46.67294200044125,0.3050009981961921,3
260831,1,d,165,5,47.510578006040305,0.8691630064276978,42.98729599395301,3.3053369988920167,3
260831,1,d,166,6,48.11489599524066,0.8491219923598692,43.621935008559376,3.307502993266098,2
260831,1,d,167,7,47.87603399017826,0.9188010008074343,43.29553499701433,3.308455998194404,3
260831,1,d,168,8,47.89008399529848,0.8666119974805042,43.36801999306772,3.3046480093616992,8
260831,1,d,169,9,44.854526000563055,0.8689069945830852,43.33146401040722,0.30481998692266643,14
260831,1,d,170,10,47.96521300158929,0.8429350127698854,43.488166003953665,0.29240199364721775,7
260831,1,d,171,11,48.09928000031505,0.8552150102332234,43.594709000899456,0.3026729973498732,4
260831,1,d,172,12,53.42980200657621,4.278195992810652,48.42440799984615,0.3574959991965443,9
260831,1,d,173,13,53.925811997032724,4.12895499903243,48.97842199716251,0.3276250063208863,3
260831,1,d,174,14,53.04371699457988,0.9686460107332096,51.25693199806847,0.3328219900140539,1
260831,1,d,175,15,52.410586999030784,3.971352009102702,47.6637720130384,0.33034700027201325,5
260831,1,d,176,0,53.24091500369832,1.0168519947910681,51.41948499658611,0.333673000568524,13
260831,1,d,177,1,49.55751200031955,0.9910239896271378,47.81461801030673,0.3287049912614748,1
260831,1,d,178,2,54.00318300235085,0.9892840025713667,52.19804299122188,0.34349299676250666,6
260831,1,d,179,3,50.9039099997608,1.363646995741874,48.74405500595458,0.32969900348689407,2
260831,1,d,180,4,53.388150001410395,0.9812450007302687,48.62629099807236,3.332573003717698,3
260831,1,d,181,5,48.340616005589254,0.9859679994406179,46.61650299385656,0.3085710050072521,3
260831,1,d,182,6,51.21038299694192,0.8879119995981455,49.61535400070716,0.31986000249162316,2
260831,1,d,183,7,49.99991899239831,0.9668889979366213,48.30167499312665,0.3203570086043328,3
260831,1,d,184,8,52.86708299536258,0.9413809893885627,48.11871499987319,0.3607179969549179,8
260831,1,d,185,9,54.187097994145006,1.1728200042853132,52.161704006721266,0.32836399623192847,14
260831,1,d,186,10,53.71892599214334,0.9466569899814203,51.974780013551936,0.35934100742451847,7
260831,1,d,187,11,53.53378200379666,1.013911998597905,48.72747800254729,3.326631005620584,4
260831,1,d,188,12,48.493643989786506,1.3480130000971258,46.41254199668765,0.3202680090907961,9
260831,1,d,189,13,47.79764299746603,0.9889630018733442,43.05280999687966,0.323621992720291,3
260831,1,d,190,14,48.19154700089712,0.9218510094797239,46.543655000277795,0.313437994918786,1
260831,1,d,191,15,53.9555669965921,1.0386540088802576,52.126512993709184,0.3609100094763562,5
260831,1,d,192,0,54.452781012514606,1.1370220017852262,52.4493370030541,0.35498299985192716,13
260831,1,d,193,1,54.083137001725845,1.1250149982515723,52.11171900737099,0.34436301211826503,1
260831,1,d,194,2,53.961175988661125,1.0738290002336726,52.055210995604284,0.3485569905024022,6
260831,1,d,195,3,53.698377989348955,1.3717529946006835,51.48365300556179,0.36200300382915884,2
260831,1,d,196,4,55.070275004254654,1.0789789957925677,53.12796001089737,0.3678030043374747,3
260831,1,d,197,5,53.896091994829476,4.160281998338178,48.84282698913012,0.37132199213374406,3
260831,1,d,198,6,53.35576899233274,4.0949990070657805,48.402125990833156,0.34631899325177073,2
260831,1,d,199,7,54.06580999260768,1.0968239948851988,52.09288399782963,0.35183399450033903,3
