assign_assigner_branch,assign_assigner_candidate_gt_count,assign_assigner_candidate_positive_count,assign_assigner_conflict_anchor_count,assign_assigner_conflict_metric,assign_assigner_final_gt_count,assign_assigner_final_positive_count,assign_assigner_post_conflict_gt_count,assign_assigner_post_conflict_positive_count,assign_assigner_post_secondary_topk_gt_count,assign_assigner_post_secondary_topk_positive_count,assign_assignment_matched_iou_mean,assign_assignment_matched_iou_p50,assign_assignment_matched_iou_p90,assign_assignment_overlap_rate,assign_box_loss,assign_cls_loss,assign_dfl_loss,assign_duplicate_positive_count,assign_positive_count,assign_unique_matched_gt_count,fn_iou50,fp_conf_mean,fp_iou50,gt_count,image,large_gt,large_tp,matched_iou_mean,matched_iou_p50,matched_iou_p90,medium_gt,medium_tp,prediction_count,small_gt,small_tp,tp_conf_mean,tp_iou50
one2one,17,119,1,overlap,17,17,17,118,17,17,0.825342876069686,0.8724753856658936,0.9752479434013367,0.0,1.1411546468734741,1.100122094154358,0.008398386649787426,0,17,17,2,0.014759432320205266,285,17,000000001000.jpg,9,9,0.8321973323822022,0.872475266456604,0.9770273685455322,8,6,300,0,0,0.5935885327557723,15
one2one,2,14,0,overlap,2,2,2,14,2,2,0.93526890873909,0.93526890873909,0.9619896471500397,0.0,0.4775356948375702,1.4347927570343018,0.0030978010036051273,0,2,2,0,0.010354872682671013,38,2,000000002261.jpg,0,0,0.7749634683132172,0.7749634683132172,0.8764870822429657,2,2,40,0,0,0.3497671764343977,2
one2one,9,60,0,overlap,9,9,9,60,9,9,0.8975480861134,0.9379205703735352,0.9646795749664306,0.0,0.7189406752586365,1.4112536907196045,0.011402497068047523,0,9,9,1,0.017223638285180806,268,9,000000002431.jpg,4,4,0.9038065522909164,0.9448961019515991,0.9660153925418854,4,4,276,1,0,0.4730949311051518,8
one2one,12,63,1,overlap,12,12,12,62,12,12,0.6786111121376356,0.732988566160202,0.8554632425308227,0.0,2.0113024711608887,1.1171430349349976,0.006448615342378616,0,12,12,2,0.014719205643050372,175,12,000000007281.jpg,2,2,0.712253737449646,0.7329895496368408,0.8611270070075988,2,2,185,8,6,0.5222744219005108,10
one2one,2,14,0,overlap,2,2,2,14,2,2,0.9425913691520691,0.9425913691520691,0.980996310710907,0.0,0.41319167613983154,0.17211222648620605,0.003518747165799141,0,2,2,0,0.0063378754566656426,24,2,000000008532.jpg,1,1,0.9425913691520691,0.9425913691520691,0.980996310710907,1,1,26,0,0,0.9177980720996857,2
one2one,10,70,0,overlap,10,10,10,70,10,10,0.8181809723377228,0.8632253408432007,0.9433251142501831,0.0,1.2419679164886475,1.254292607307434,0.006375130265951157,0,10,10,0,0.016718621124197655,174,10,000000009378.jpg,1,1,0.7594401061534881,0.7333901226520538,0.9433251142501831,5,5,184,4,4,0.47925466946326195,10
one2one,1,7,0,overlap,1,1,1,7,1,1,0.9516592621803284,0.9516592621803284,0.9516592621803284,0.0,0.3453265428543091,0.3138907253742218,0.002213067142292857,0,1,1,0,0.007056205065196587,45,1,000000011122.jpg,0,0,0.9516588449478149,0.9516588449478149,0.9516588449478149,1,1,46,0,0,0.9527658820152283,1
one2one,10,69,1,overlap,10,10,10,68,10,10,0.7766165375709534,0.7453851103782654,0.9158959925174713,0.0,1.5673619508743286,1.3128657341003418,0.010991469956934452,0,10,10,0,0.012220489764145914,201,10,000000011511.jpg,1,1,0.770404052734375,0.7453851401805878,0.9158959925174713,7,7,211,2,2,0.42446663037408144,10
one2one,28,191,1,overlap,28,28,28,190,28,28,0.7660000164593969,0.8298089802265167,0.9226860523223877,0.0,1.449889898300171,1.979770541191101,0.0088209742680192,0,28,28,8,0.024498579933840248,280,28,000000012670.jpg,7,7,0.8105490803718567,0.8298089802265167,0.9297686755657196,14,12,300,7,1,0.33028966970741747,20
one2one,19,130,3,overlap,19,19,19,127,19,19,0.8167573903736315,0.8625084757804871,0.9121451616287232,0.0,1.2699106931686401,2.1825640201568604,0.006406150758266449,0,19,19,5,0.017781986333950832,286,19,000000013923.jpg,3,3,0.791821322270802,0.8543254137039185,0.9172832906246186,11,8,300,5,3,0.4511067808073546,14
one2one,3,21,0,overlap,3,3,3,21,3,3,0.9205004374186198,0.907131016254425,0.9639460682868958,0.0,0.5822829604148865,1.4364330768585205,0.004216068424284458,0,3,3,1,0.004331002789138652,68,3,000000015597.jpg,1,1,0.9426405131816864,0.9426405131816864,0.9710481107234955,2,1,70,0,0,0.9095703363418579,2
one2one,5,35,0,overlap,5,5,5,35,5,5,0.794877153635025,0.8837605714797974,0.916608726978302,0.0,1.311118721961975,2.142007827758789,0.004440745804458857,0,5,5,0,0.014630797253605925,295,5,000000016010.jpg,0,0,0.800193977355957,0.8837617039680481,0.9166078448295594,1,1,300,4,4,0.1945162764750421,5
one2one,8,56,12,overlap,8,8,8,43,8,8,0.7541107758879662,0.738667219877243,0.8866381883621216,0.0,1.7220700979232788,2.3647899627685547,0.006378896534442902,0,8,8,1,0.009448245447780286,143,8,000000017182.jpg,0,0,0.7095271604401725,0.7225252389907837,0.8785845756530762,7,6,150,1,1,0.10566409956663847,7
one2one,3,21,0,overlap,3,3,3,21,3,3,0.9161635041236877,0.9450690746307373,0.9551674365997315,0.0,0.6104294061660767,1.9320424795150757,0.004341447725892067,0,3,3,0,0.02243724123064357,52,3,000000017905.jpg,1,1,0.8704416950543722,0.9450690746307373,0.9551681518554688,2,2,55,0,0,0.3362902586037914,3
one2one,7,49,0,overlap,7,7,7,49,7,7,0.8667726687022618,0.8733728528022766,0.9478203892707825,0.0,0.9692145586013794,1.0902276039123535,0.01092576701194048,0,7,7,0,0.008643637020329303,173,7,000000018150.jpg,3,3,0.866772643157414,0.8733727335929871,0.9478203654289246,3,3,180,1,1,0.4572317922221763,7
one2one,8,56,0,overlap,8,8,8,56,8,8,0.7717499136924744,0.8155660927295685,0.9170498728752137,0.0,1.5588023662567139,1.055428385734558,0.012497805058956146,0,8,8,0,0.01078367129190263,237,8,000000018837.jpg,3,3,0.7498657330870628,0.764054924249649,0.9170499980449677,3,3,245,2,2,0.3853105523157865,8
one2one,2,14,0,overlap,2,2,2,14,2,2,0.912580132484436,0.912580132484436,0.9331423997879028,0.0,0.654110848903656,0.2736106216907501,0.006295284256339073,0,2,2,0,0.06064413762651384,5,2,000000020059.jpg,1,1,0.9125800728797913,0.9125800728797913,0.9331427216529846,1,1,7,0,0,0.8803802728652954,2
one2one,2,14,0,overlap,2,2,2,14,2,2,0.824323982000351,0.824323982000351,0.8858338534832001,0.0,1.2734102010726929,2.8926382064819336,0.013944930396974087,0,2,2,0,0.021256594656929122,298,2,000000021465.jpg,0,0,0.8243241012096405,0.8243241012096405,0.8858342111110687,2,2,300,0,0,0.5514958053827286,2
one2one,5,35,2,overlap,5,5,5,33,5,5,0.8947479963302613,0.8602604866027832,0.9649242162704468,0.0,0.765709400177002,1.4272993803024292,0.005502583924680948,0,5,5,1,0.010475563721706134,185,5,000000022705.jpg,2,2,0.8723144978284836,0.8453058004379272,0.9380754351615906,2,1,189,1,1,0.7548304498195648,4
one2one,4,22,1,overlap,4,4,4,21,4,4,0.5737087354063988,0.5661177188158035,0.844992583990097,0.0,2.308074951171875,2.132028341293335,0.011114442721009254,0,4,4,2,0.010448456864348069,192,4,000000022755.jpg,1,1,0.8317453265190125,0.8317453265190125,0.8582379221916199,1,1,194,2,0,0.20988772809505463,2
one2one,3,21,0,overlap,3,3,3,21,3,3,0.981215238571167,0.9815850853919983,0.9829535126686096,0.0,0.14096689224243164,0.1136612743139267,0.003232788760215044,0,3,3,0,0.01042812353827887,18,3,000000022935.jpg,3,3,0.9812150001525879,0.9815844893455505,0.982953155040741,0,0,21,0,0,0.9125532905260721,3
one2one,1,7,0,overlap,1,1,1,7,1,1,0.8929136395454407,0.8929136395454407,0.8929136395454407,0.0,0.7173280715942383,0.2218283712863922,0.006999568082392216,0,1,1,0,0.005296475098778804,9,1,000000023666.jpg,1,1,0.8929139971733093,0.8929139971733093,0.8929139971733093,0,0,10,0,0,0.8690657019615173,1
one2one,18,99,11,overlap,18,18,18,88,18,18,0.6899691849119134,0.7856997847557068,0.948670756816864,0.0,1.6270959377288818,1.2181819677352905,0.006089292466640472,0,18,18,5,0.019904012490430594,287,18,000000024243.jpg,3,3,0.8129031887421241,0.8529071807861328,0.9544176936149598,2,2,300,13,8,0.37464476792285073,13
one2one,2,14,0,overlap,2,2,2,14,2,2,0.8045118153095245,0.8045118153095245,0.8578608572483063,0.0,1.460724949836731,1.313924789428711,0.051047928631305695,0,2,2,0,0.004945963180785918,23,2,000000025139.jpg,2,2,0.8045118153095245,0.8045118153095245,0.8578608572483063,0,0,25,0,0,0.4775537149980664,2
one2one,3,21,0,overlap,3,3,3,21,3,3,0.9205641945203146,0.8936499357223511,0.9586130380630493,0.0,0.587073028087616,0.4952727258205414,0.004464682657271624,0,3,3,0,0.087075594592736,9,3,000000025424.jpg,2,2,0.8653989434242249,0.8931879997253418,0.9585206508636475,0,0,12,1,1,0.7522279818852743,3
one2one,13,86,0,overlap,13,13,13,86,13,13,0.8106448375261747,0.8443699479103088,0.9517926573753357,0.0,1.2588636875152588,1.3141686916351318,0.004852890968322754,0,13,13,2,0.02457017644476081,289,13,000000026204.jpg,1,1,0.8172505118630149,0.8584488034248352,0.953341007232666,6,6,300,6,4,0.6006284379823641,11
one2one,2,14,0,overlap,2,2,2,14,2,2,0.9484432339668274,0.9484432339668274,0.9643602013587952,0.0,0.3841809928417206,0.27875348925590515,0.004544545896351337,0,2,2,0,0.0074820839534431955,57,2,000000027982.jpg,1,1,0.9484433829784393,0.9484433829784393,0.9643604695796967,1,1,59,0,0,0.9111595749855042,2
one2one,2,14,0,overlap,2,2,2,14,2,2,0.790991485118866,0.790991485118866,0.8886250376701355,0.0,1.4311946630477905,0.5916936993598938,0.008754546754062176,0,2,2,0,0.022046911013920024,23,2,000000030494.jpg,1,1,0.790991485118866,0.790991485118866,0.8886250376701355,0,0,25,1,1,0.6008234322071075,2
one2one,1,7,0,overlap,1,1,1,7,1,1,0.959770143032074,0.959770143032074,0.959770143032074,0.0,0.2897323668003082,0.13010269403457642,0.005878126714378595,0,1,1,0,0.0038706701274754274,9,1,000000030675.jpg,1,1,0.959770143032074,0.959770143032074,0.959770143032074,0,0,10,0,0,0.9425727128982544,1
one2one,5,35,2,overlap,5,5,5,33,5,5,0.8599324822425842,0.8807476162910461,0.9646143913269043,0.0,0.9756695032119751,2.380439519882202,0.009672669693827629,0,5,5,1,0.011243008106641748,296,5,000000031735.jpg,2,2,0.831791952252388,0.8097171187400818,0.9418952763080597,3,2,300,0,0,0.4699031799682416,4
one2one,2,14,0,overlap,2,2,2,14,2,2,0.8686075210571289,0.8686075210571289,0.9414215564727784,0.0,0.9216403961181641,0.5513467192649841,0.004083066247403622,0,2,2,0,0.004285913653534333,183,2,000000033005.jpg,0,0,0.8686078190803528,0.8686078190803528,0.941421902179718,2,2,185,0,0,0.8503440916538239,2
one2one,2,14,0,overlap,2,2,2,14,2,2,0.9138258397579193,0.9138258397579193,0.9267724692821503,0.0,0.6473274230957031,1.166481852531433,0.011445567011833191,0,2,2,0,0.006930535634318924,117,2,000000034071.jpg,2,2,0.9138258397579193,0.9138258397579193,0.9267724692821503,0,0,119,0,0,0.18202267587184906,2
one2one,4,28,1,overlap,4,4,4,27,4,4,0.719061978161335,0.7414990365505219,0.9196837782859802,0.0,1.7185437679290771,0.699046790599823,0.0179637111723423,0,4,4,0,0.009285238225545202,140,4,000000034139.jpg,3,3,0.7314761877059937,0.7414990365505219,0.919683861732483,1,1,144,0,0,0.653585965745151,4
one2one,6,42,0,overlap,6,6,6,42,6,6,0.7981641789277395,0.8521633744239807,0.9429745078086853,0.0,1.2929182052612305,3.0674116611480713,0.011388755403459072,0,6,6,1,0.03661652074463792,295,6,000000034257.jpg,2,2,0.8013397336006165,0.785757839679718,0.935674500465393,2,2,300,2,1,0.09462296217679977,5
one2one,22,143,5,overlap,22,22,22,138,22,22,0.6991282037713311,0.7147538363933563,0.9161131501197816,0.0,1.9570707082748413,2.0777411460876465,0.010777370072901249,0,22,22,5,0.01589373523507649,283,22,000000036936.jpg,4,4,0.7146822494619033,0.713218629360199,0.8980291843414306,1,1,300,17,12,0.3180653770618579,17
one2one,15,103,11,overlap,15,15,15,83,15,15,0.7318035761515299,0.6996948719024658,0.9106085777282715,0.0,1.8973244428634644,2.131603717803955,0.009300308302044868,0,15,15,0,0.010171082572554026,285,15,000000039477.jpg,2,2,0.6740944425264994,0.6516551375389099,0.8717404365539551,4,4,300,9,9,0.19852862445016703,15
one2one,6,42,4,overlap,6,6,6,38,6,6,0.9482118288675944,0.960470050573349,0.9787144362926483,0.0,0.3755970001220703,1.094923973083496,0.0060813697054982185,0,6,6,0,0.008989101688688,75,6,000000039769.jpg,4,4,0.939676304658254,0.9539415836334229,0.9639193117618561,2,2,81,0,0,0.5284535561998686,6
one2one,11,51,0,overlap,11,11,11,51,11,11,0.7927771427414634,0.7837493419647217,0.9558311700820923,0.0,1.464021921157837,0.8253557682037354,0.0038894121535122395,0,11,11,0,0.01817337645034334,165,11,000000039914.jpg,2,2,0.7612482092597268,0.7837493419647217,0.9558311700820923,1,1,176,8,8,0.5268209143118425,11
one2one,3,21,0,overlap,3,3,3,21,3,3,0.8236724932988485,0.9268885254859924,0.9533070683479309,0.0,1.0797796249389648,1.7770428657531738,0.008947434835135937,0,3,3,1,0.009662576184263858,46,3,000000040036.jpg,2,2,0.943400114774704,0.943400114774704,0.9566093862056733,1,0,48,0,0,0.8587370216846466,2
one2one,20,100,8,overlap,19,19,19,92,19,19,0.6956783156645926,0.7208245396614075,0.8599554300308228,0.0,2.1014275550842285,2.265510320663452,0.005739704240113497,0,19,19,7,0.010859315440574667,287,20,000000040471.jpg,2,2,0.7125966227971591,0.7208256721496582,0.853197193145752,2,2,300,16,9,0.20234220104220396,13
one2one,1,7,0,overlap,1,1,1,7,1,1,0.9446138739585876,0.9446138739585876,0.9446138739585876,0.0,0.3925318717956543,0.12311224639415741,0.008877144195139408,0,1,1,0,0.0011978636030107737,2,1,000000046804.jpg,1,1,0.9446138739585876,0.9446138739585876,0.9446138739585876,0,0,3,0,0,0.950185239315033,1
one2one,6,42,0,overlap,6,6,6,42,6,6,0.8618902266025543,0.8992253839969635,0.9764295220375061,0.0,0.9130251407623291,1.6868103742599487,0.008504368364810944,0,6,6,0,0.015558367471150573,62,6,000000047740.jpg,3,3,0.7745558321475983,0.8012203276157379,0.959537535905838,1,1,68,2,2,0.3522214101006587,6
one2one,7,34,0,overlap,7,7,7,34,7,7,0.6610571529184069,0.6927506327629089,0.9345081448554993,0.0,1.7876323461532593,2.055147886276245,0.0063411640003323555,0,7,7,3,0.012856380458288186,128,7,000000047801.jpg,1,1,0.8362282961606979,0.8428527414798737,0.9558785378932952,2,1,132,4,2,0.39121877821162343,4
one2one,1,7,0,overlap,1,1,1,7,1,1,0.9507242441177368,0.9507242441177368,0.9507242441177368,0.0,0.35243356227874756,0.3510628938674927,0.002791417296975851,0,1,1,0,0.0065090239746496085,45,1,000000049259.jpg,0,0,0.9507240056991577,0.9507240056991577,0.9507240056991577,1,1,46,0,0,0.7889449596405029,1
one2one,2,14,0,overlap,2,2,2,14,2,2,0.8923589289188385,0.8923589289188385,0.9524018585681915,0.0,0.7738262414932251,0.22970861196517944,0.020030774176120758,0,2,2,0,0.046708759230872,3,2,000000049269.jpg,2,2,0.8923589289188385,0.8923589289188385,0.9524018585681915,0,0,5,0,0,0.9093234539031982,2
one2one,3,21,0,overlap,3,3,3,21,3,3,0.9381065567334493,0.9610961675643921,0.9763006925582886,0.0,0.4482865035533905,1.748793363571167,0.007443634793162346,0,3,3,0,0.008955816931350604,79,3,000000050326.jpg,2,2,0.9381065567334493,0.9610961675643921,0.9763006925582886,1,1,82,0,0,0.33013150057134527,3
one2one,4,28,0,overlap,4,4,4,28,4,4,0.8473223298788071,0.882880449295044,0.9278790473937988,0.0,1.0704355239868164,2.4388551712036133,0.017736326903104782,0,4,4,0,0.008442014665524059,257,4,000000050331.jpg,3,3,0.7622213661670685,0.773438423871994,0.9148927927017212,1,1,261,0,0,0.28022465389221907,4
one2one,16,67,0,overlap,16,16,16,67,16,16,0.6800333904102445,0.7142274975776672,0.874988466501236,0.0,2.0453505516052246,3.1653175354003906,0.0030302507802844048,0,16,16,8,0.033431772512626155,292,16,000000052412.jpg,1,1,0.691520631313324,0.662041425704956,0.8625207245349884,0,0,300,15,7,0.14160818234086037,8
one2one,3,21,0,overlap,3,3,3,21,3,3,0.8349404335021973,0.812778890132904,0.9078385233879089,0.0,1.2040964365005493,1.7394356727600098,0.021775081753730774,0,3,3,0,0.006629786961841294,72,3,000000053529.jpg,2,2,0.7396018107732137,0.7604390978813171,0.8973705649375916,1,1,75,0,0,0.49515027925372124,3
one2one,4,28,2,overlap,4,4,4,26,4,4,0.7353085279464722,0.7927065789699554,0.8351043581962585,0.0,1.8416168689727783,1.873023271560669,0.015451326966285706,0,4,4,0,0.020048974457630278,101,4,000000053994.jpg,1,1,0.7000740617513657,0.7222379148006439,0.8351041615009308,1,1,105,2,2,0.22349305340321735,4
one2one,2,14,0,overlap,2,2,2,14,2,2,0.9523087739944458,0.9523087739944458,0.9539845705032348,0.0,0.35854706168174744,0.16274459660053253,0.005617036018520594,0,2,2,0,0.00328864048882995,23,2,000000054931.jpg,2,2,0.952308714389801,0.952308714389801,0.9539845585823059,0,0,25,0,0,0.8732661008834839,2
one2one,1,7,0,overlap,1,1,1,7,1,1,0.9884706139564514,0.9884706139564514,0.9884706139564514,0.0,0.08549527078866959,0.5588852167129517,0.0026430466677993536,0,1,1,0,0.001903393742395565,4,1,000000056545.jpg,1,1,0.9884706139564514,0.9884706139564514,0.9884706139564514,0,0,5,0,0,0.33200639486312866,1
one2one,18,88,1,overlap,18,18,18,87,18,18,0.7194365097416772,0.7468867003917694,0.8596827566623688,0.0,1.9603271484375,1.3874789476394653,0.002259453758597374,0,18,18,3,0.022457330542356643,215,18,000000057760.jpg,0,0,0.7595265587170918,0.7803071141242981,0.8650631666183471,0,0,230,18,15,0.40175400575002035,15
one2one,19,129,0,overlap,19,19,19,129,19,19,0.7971695316465277,0.7957254648208618,0.9378563404083252,0.0,1.397082805633545,1.7461073398590088,0.00916862953454256,0,19,19,2,0.03170196871049439,283,19,000000059044.jpg,5,5,0.7631441915736479,0.7865492105484009,0.9423036575317383,9,8,300,5,4,0.36835223695208485,17
one2one,13,58,3,overlap,13,13,13,55,13,13,0.4879075105373676,0.5151671767234802,0.6742461562156677,0.0,3.2445056438446045,2.0198822021484375,0.003555327421054244,0,13,13,6,0.00496960407721677,35,13,000000060363.jpg,1,1,0.6411615865571159,0.6145129799842834,0.8013140797615053,1,0,42,11,6,0.15483950550800987,7
one2one,14,92,2,overlap,14,14,14,90,14,14,0.8521455866949899,0.8532711863517761,0.9399787902832031,0.0,1.0585737228393555,0.7540614008903503,0.004642068408429623,0,14,14,0,0.02388360071683081,286,14,000000060886.jpg,0,0,0.8521457144192287,0.8532709777355194,0.9399785935878754,9,9,300,5,5,0.6191302782722882,14
one2one,17,107,0,overlap,17,17,17,107,17,17,0.7379737965324346,0.7397391200065613,0.9328681826591492,0.0,1.4703030586242676,1.4142307043075562,0.007760796695947647,0,17,17,3,0.02515752331379775,286,17,000000060932.jpg,3,3,0.7602836915424892,0.7362407743930817,0.9344767093658448,9,8,300,5,3,0.4313092732003757,14
one2one,9,58,0,overlap,9,9,9,58,9,9,0.756954613659117,0.7674194574356079,0.9132599115371705,0.0,1.6765936613082886,2.591797113418579,0.016358427703380585,0,9,9,2,0.0076516959230070345,286,9,000000061108.jpg,5,4,0.7496863433292934,0.7898511290550232,0.9231005787849427,0,0,293,4,3,0.17097584600560367,7
one2one,7,49,2,overlap,7,7,7,47,7,7,0.8867908205304827,0.9465278387069702,0.96159588098526,0.0,0.7619614601135254,0.9710506200790405,0.011168678291141987,0,7,7,0,0.02102667637276075,144,7,000000061171.jpg,6,6,0.8699695553098407,0.9465278387069702,0.96159588098526,1,1,151,0,0,0.3858036366956575,7
one2one,7,49,6,overlap,7,7,7,43,7,7,0.7673142084053585,0.772088348865509,0.9451425313949585,0.0,1.5301539897918701,2.3300621509552,0.007691527716815472,0,7,7,2,0.006283754105995394,295,7,000000063047.jpg,1,1,0.7935132026672364,0.8088380098342896,0.9477515935897827,5,4,300,1,0,0.6216913297306746,5
one2one,17,119,8,overlap,17,17,17,109,17,17,0.8592793555820689,0.8924165368080139,0.960470974445343,0.0,0.959985077381134,1.5957633256912231,0.013126772828400135,0,17,17,1,0.011273239150603997,284,17,000000064084.jpg,11,11,0.7999460622668266,0.8625033497810364,0.961164116859436,6,5,300,0,0,0.2871509734541178,16
one2one,1,7,0,overlap,1,1,1,7,1,1,0.9447056651115417,0.9447056651115417,0.9447056651115417,0.0,0.3936085104942322,0.2344415783882141,0.005832429509609938,0,1,1,0,0.0030473493461613543,32,1,000000064495.jpg,1,1,0.9447055459022522,0.9447055459022522,0.9447055459022522,0,0,33,0,0,0.8971362709999084,1
one2one,6,42,0,overlap,6,6,6,42,6,6,0.7301466961701711,0.6974872350692749,0.8680131733417511,0.0,1.9257335662841797,2.557816743850708,0.028041884303092957,0,6,6,2,0.00999411473487865,196,6,000000064868.jpg,3,3,0.7782088816165924,0.7937784194946289,0.883823972940445,1,0,200,2,1,0.5453275407198817,4
one2one,17,91,0,overlap,17,17,17,91,17,17,0.6609469766125959,0.7207263708114624,0.9147876143455506,0.0,1.9313554763793945,1.929671049118042,0.0035305283963680267,0,17,17,6,0.013863868574743967,289,17,000000065798.jpg,0,0,0.767291936007413,0.7551375031471252,0.9226274490356445,3,3,300,14,8,0.3034030059352517,11
one2one,4,28,0,overlap,4,4,4,28,4,4,0.921148881316185,0.9347296953201294,0.9560252904891968,0.0,0.5806999206542969,0.7309268116950989,0.005322867073118687,0,4,4,0,0.012309075200464576,50,4,000000066635.jpg,2,2,0.9211489111185074,0.9347292482852936,0.9560248255729675,1,1,54,1,1,0.7084272662177682,4
one2one,11,77,0,overlap,11,11,11,77,11,11,0.8922776092182506,0.9335771203041077,0.9771844744682312,0.0,0.7441554069519043,1.0397231578826904,0.007200418971478939,0,11,11,0,0.01424092462223513,289,11,000000066771.jpg,4,4,0.8861981738697399,0.9335771799087524,0.9771848320960999,6,6,300,1,1,0.45446505304425955,11
one2one,1,7,0,overlap,1,1,1,7,1,1,0.942200243473053,0.942200243473053,0.942200243473053,0.0,0.4087294936180115,0.7489462494850159,0.01452728733420372,0,1,1,0,0.007928493506226101,114,1,000000066886.jpg,1,1,0.942200243473053,0.942200243473053,0.942200243473053,0,0,115,0,0,0.949714183807373,1
one2one,4,27,0,overlap,4,4,4,27,4,4,0.9472629576921463,0.9475739300251007,0.9769692122936249,0.0,0.389509916305542,0.2323710322380066,0.0012200640048831701,0,4,4,0,0.007552214232378043,89,4,000000067406.jpg,0,0,0.9472620636224747,0.9475738704204559,0.9769688606262207,2,2,93,2,2,0.8840539157390594,4
one2one,37,210,17,overlap,36,36,36,191,36,36,0.6399555106957754,0.7187573313713074,0.9170145690441132,0.0,1.8612191677093506,2.2427499294281006,0.005221797619014978,0,36,36,16,0.034856322660414656,279,37,000000067616.jpg,1,1,0.7106598502113706,0.6650803089141846,0.9633647799491882,9,7,300,27,13,0.2728462919947647,21
one2one,4,28,0,overlap,4,4,4,28,4,4,0.9203266352415085,0.9545087516307831,0.9645474791526795,0.0,0.5624758005142212,0.7460579872131348,0.004355546552687883,0,4,4,0,0.026778903605494026,24,4,000000068078.jpg,2,2,0.8051412105560303,0.8771740794181824,0.9570284605026245,2,2,28,0,0,0.6102854888886213,4
one2one,2,14,0,overlap,2,2,2,14,2,2,0.9686084389686584,0.9686084389686584,0.9734854817390441,0.0,0.2354019284248352,0.23261897265911102,0.005818226374685764,0,2,2,0,0.015019160287920386,30,2,000000068765.jpg,2,2,0.9686084389686584,0.9686084389686584,0.9734854817390441,0,0,32,0,0,0.9572932422161102,2
one2one,4,28,2,overlap,4,4,4,26,4,4,0.8310948610305786,0.8205695450305939,0.9698133945465088,0.0,1.1318262815475464,0.8303741216659546,0.018375571817159653,0,4,4,0,0.004765903857332887,32,4,000000069106.jpg,3,3,0.8111841231584549,0.8195243775844574,0.9698132514953614,1,1,36,0,0,0.6904467181302607,4
one2one,2,14,0,overlap,2,2,2,14,2,2,0.9177214503288269,0.9177214503288269,0.9326526045799255,0.0,0.6176241636276245,1.2804303169250488,0.01107825804501772,0,2,2,0,0.016291483759115905,39,2,000000071756.jpg,2,2,0.8566409647464752,0.8566409647464752,0.9204365074634552,0,0,41,0,0,0.22382992878556252,2
one2one,4,28,0,overlap,4,4,4,28,4,4,0.8519997149705887,0.8814875781536102,0.9205740034580231,0.0,1.0622133016586304,1.2995489835739136,0.017769459635019302,0,4,4,0,0.008281091261040712,191,4,000000073533.jpg,2,2,0.7857787311077118,0.7851439714431763,0.9007312178611756,2,2,195,0,0,0.5003244951367378,4
one2one,1,7,0,overlap,1,1,1,7,1,1,0.8705126047134399,0.8705126047134399,0.8705126047134399,0.0,0.8454452157020569,2.898267984390259,0.0263686440885067,0,1,1,0,0.009225022555469071,299,1,000000075456.jpg,1,1,0.8705126643180847,0.8705126643180847,0.8705126643180847,0,0,300,0,0,0.11892443150281906,1
one2one,20,131,4,overlap,20,20,20,127,20,20,0.7700249031186104,0.7857787013053894,0.9290554702281952,0.0,1.514195203781128,1.3101885318756104,0.006699294783174992,0,20,20,2,0.02172655907974757,282,20,000000075612.jpg,5,5,0.7752349641587999,0.7857786417007446,0.9311321437358856,8,8,300,7,5,0.374961872662728,18
one2one,2,14,0,overlap,2,2,2,14,2,2,0.8025571405887604,0.8025571405887604,0.8596109688282013,0.0,1.4455316066741943,1.9158430099487305,0.038215018808841705,0,2,2,0,0.0023896407287264635,43,2,000000079014.jpg,2,2,0.6624212861061096,0.6624212861061096,0.717476236820221,0,0,45,0,0,0.37146875727921724,2
one2one,2,14,0,overlap,2,2,2,14,2,2,0.9836519360542297,0.9836519360542297,0.9847089886665344,0.0,0.12266698479652405,0.05542450770735741,0.002550844568759203,0,2,2,0,,0,2,000000079031.jpg,2,2,0.9836518466472626,0.9836518466472626,0.9847088277339935,0,0,2,0,0,0.9484037756919861,2
one2one,6,39,0,overlap,6,6,6,39,6,6,0.7795646886030833,0.8030818998813629,0.843580424785614,0.0,1.5956106185913086,1.007023572921753,0.0030325292609632015,0,6,6,0,0.01059008752830674,193,6,000000079588.jpg,0,0,0.7795647084712982,0.8030832409858704,0.8435804545879364,1,1,199,5,5,0.5423156749845172,6
one2one,1,7,0,overlap,1,1,1,7,1,1,0.9173138737678528,0.9173138737678528,0.9173138737678528,0.0,0.5718724727630615,1.8416306972503662,0.017751313745975494,0,1,1,0,0.014077122648418679,92,1,000000080057.jpg,1,1,0.7872470021247864,0.7872470021247864,0.7872470021247864,0,0,93,0,0,0.6250193119049072,1
one2one,20,138,5,overlap,20,20,20,133,20,20,0.7799117028713226,0.8487047553062439,0.9432125627994538,0.0,1.4274927377700806,1.4460805654525757,0.008572092279791832,0,20,20,2,0.01816035418833956,282,20,000000080340.jpg,6,6,0.7952418790923225,0.8487049639225006,0.9443153381347656,5,5,300,9,7,0.3619811768747038,18
one2one,5,35,0,overlap,5,5,5,35,5,5,0.8783577680587769,0.9366828799247742,0.9741418361663818,0.0,0.7571276426315308,1.1546573638916016,0.013124881312251091,0,5,5,1,0.011874663936733096,81,5,000000081738.jpg,4,3,0.944553941488266,0.9531610608100891,0.9748923540115356,1,1,85,0,0,0.4640196505934,4
one2one,3,21,0,overlap,3,3,3,21,3,3,0.9478015104929606,0.9384651780128479,0.962265694141388,0.0,0.3904051184654236,1.4394055604934692,0.006205548532307148,0,3,3,0,0.03186653233498481,51,3,000000082180.jpg,1,1,0.9478016893068949,0.9384652972221375,0.9622657179832459,2,2,54,0,0,0.5683792304868499,3
one2one,4,28,0,overlap,4,4,4,28,4,4,0.9370081871747971,0.9442713558673859,0.9677157938480377,0.0,0.4656756818294525,0.9428328275680542,0.009211482480168343,0,4,4,0,0.00798819944029674,180,4,000000082807.jpg,4,4,0.8995974361896515,0.9082518815994263,0.9577468633651733,0,0,184,0,0,0.5782976662740111,4
one2one,7,49,0,overlap,7,7,7,49,7,7,0.8070120556013924,0.8601333498954773,0.9380900502204895,0.0,1.322945237159729,2.0117690563201904,0.009137523360550404,0,7,7,1,0.013199814109294305,252,7,000000084492.jpg,2,1,0.8041442732016245,0.8709376752376556,0.9460884034633636,2,2,258,3,3,0.39684798968179774,6
one2one,3,21,0,overlap,3,3,3,21,3,3,0.9320989847183228,0.9194561243057251,0.9666313886642456,0.0,0.5012009739875793,0.282018780708313,0.011014156974852085,0,3,3,0,0.007766091410303488,32,3,000000085195.jpg,3,3,0.9320990443229675,0.9194561243057251,0.9666315317153931,0,0,35,0,0,0.7669569452603658,3
one2one,6,37,4,overlap,6,6,6,33,6,6,0.8907035291194916,0.9161134958267212,0.9738613069057465,0.0,0.7651138305664062,2.193959951400757,0.0044103581458330154,0,6,6,0,0.005858048986298063,186,6,000000086220.jpg,3,3,0.8854595621426901,0.9502802789211273,0.9738614559173584,0,0,192,3,3,0.19578810579453906,6
one2one,5,35,2,overlap,5,5,5,33,5,5,0.6723000407218933,0.6944568157196045,0.8209740519523621,0.0,2.2915055751800537,2.0580766201019287,0.011180069297552109,0,5,5,2,0.014936511159508623,56,5,000000086755.jpg,0,0,0.7231204311052958,0.6944568157196045,0.8137203693389893,3,2,59,2,1,0.42553702741861343,3
one2one,13,91,0,overlap,13,13,13,91,13,13,0.8465176958304185,0.8818646669387817,0.9508681774139405,0.0,1.030476689338684,1.257774829864502,0.00958546157926321,0,13,13,2,0.017001799940998475,289,13,000000088040.jpg,1,1,0.8723788315599615,0.8818648457527161,0.9515783190727234,12,10,300,0,0,0.47402376258237794,11
one2one,16,83,6,overlap,16,16,16,77,16,16,0.7368080839514732,0.8179141581058502,0.9124849438667297,0.0,1.5805548429489136,1.456703543663025,0.003199193626642227,0,16,16,4,0.02062288372447559,288,16,000000088462.jpg,1,1,0.7568251440922419,0.7629870474338531,0.904293441772461,2,2,300,13,9,0.46318717256266,12
one2one,3,21,0,overlap,3,3,3,21,3,3,0.7892291049162546,0.9169692993164062,0.9642128467559814,0.0,1.1084433794021606,3.817404270172119,0.006147518754005432,0,3,3,1,0.020118513826847723,115,3,000000089670.jpg,1,1,0.8038109838962555,0.8038109838962555,0.9415811836719513,2,1,117,0,0,0.10597442125435919,2
one2one,1,7,0,overlap,1,1,1,7,1,1,0.9631669521331787,0.9631669521331787,0.9631669521331787,0.0,0.26639702916145325,0.143995001912117,0.005945269018411636,0,1,1,0,0.004313953500241041,5,1,000000089761.jpg,1,1,0.9631665945053101,0.9631665945053101,0.9631665945053101,0,0,6,0,0,0.826100766658783,1
one2one,2,14,0,overlap,2,2,2,14,2,2,0.9504108130931854,0.9504108130931854,0.9798431813716888,0.0,0.361619770526886,0.11766582727432251,0.004681902006268501,0,2,2,0,0.011030486590849856,3,2,000000090284.jpg,2,2,0.9504106640815735,0.9504106640815735,0.9798431515693664,0,0,5,0,0,0.9390330910682678,2
one2one,13,75,1,overlap,12,12,12,74,12,12,0.6766116494933764,0.7377631962299347,0.9277942657470704,0.0,1.8457075357437134,1.8413411378860474,0.007736352737993002,0,12,12,4,0.020686748790429886,291,13,000000093437.jpg,2,2,0.7973417242368063,0.7618314623832703,0.9376928329467773,3,3,300,8,4,0.3237447254359722,9
one2one,9,63,0,overlap,9,9,9,63,9,9,0.862832698557112,0.9077585339546204,0.9692578792572022,0.0,0.9136509895324707,1.6094121932983398,0.009030615910887718,0,9,9,1,0.01531389486626722,176,9,000000095707.jpg,4,4,0.8458257541060448,0.8655334115028381,0.9708009958267212,4,4,184,1,0,0.20679322024807334,8
one2one,17,104,7,overlap,17,17,17,97,17,17,0.7204556009348702,0.858168363571167,0.9251500368118286,0.0,1.4435007572174072,1.1650855541229248,0.005387523211538792,0,17,17,3,0.016896176425466588,286,17,000000095862.jpg,2,2,0.7953119022505624,0.8413245379924774,0.9302078545093536,6,6,300,9,6,0.5139220357606453,14
one2one,6,42,0,overlap,6,6,6,42,6,6,0.8121761878331503,0.8018254935741425,0.9084793031215668,0.0,1.3625497817993164,2.0248265266418457,0.006549825891852379,0,6,6,1,0.013261186372551878,295,6,000000097022.jpg,0,0,0.8198418736457824,0.8298001289367676,0.9090514063835144,4,4,300,2,1,0.4615568327717483,5
one2one,5,35,0,overlap,5,5,5,35,5,5,0.8095372200012207,0.8181384801864624,0.8596507430076599,0.0,1.416664481163025,2.0421831607818604,0.011160452850162983,0,5,5,1,0.009865591635352514,149,5,000000097679.jpg,2,2,0.728115051984787,0.7164739370346069,0.8614010632038116,2,1,153,1,1,0.4890539553016424,4
one2one,3,21,0,overlap,3,3,3,21,3,3,0.9170723756154379,0.9483310580253601,0.9541731715202332,0.0,0.6076396703720093,1.7149074077606201,0.008798840455710888,0,3,3,0,0.013532870740164071,44,3,000000099024.jpg,2,2,0.9170724550882975,0.9483310580253601,0.9541733622550964,1,1,47,0,0,0.31543232190112275,3
one2one,13,90,4,overlap,13,13,13,86,13,13,0.7421597036031576,0.7700831890106201,0.9325266480445862,0.0,1.6564350128173828,2.733081817626953,0.014790315181016922,0,13,13,6,0.022593609139612485,293,13,000000099039.jpg,4,2,0.7675661018916539,0.8299018740653992,0.9105620145797729,5,4,300,4,1,0.31073120169873747,7
one2one,2,14,0,overlap,2,2,2,14,2,2,0.9686948657035828,0.9686948657035828,0.9726122736930847,0.0,0.2349977195262909,0.6183621287345886,0.003847415093332529,0,2,2,0,0.017340832657472632,67,2,000000101068.jpg,1,1,0.9686952233314514,0.9686952233314514,0.9726126313209533,1,1,69,0,0,0.6934857815504074,2
one2one,2,14,0,overlap,2,2,2,14,2,2,0.956716001033783,0.956716001033783,0.9624434828758239,0.0,0.3247574269771576,0.3670715093612671,0.006424245424568653,0,2,2,0,0.023020952180515798,21,2,000000101420.jpg,2,2,0.9567160904407501,0.9567160904407501,0.9624435007572174,0,0,23,0,0,0.7354304492473602,2
one2one,10,70,0,overlap,10,10,10,70,10,10,0.7882583856582641,0.7477251291275024,0.9392947435379028,0.0,1.4624274969100952,1.908195972442627,0.007994551211595535,0,10,10,2,0.009553226265704371,217,10,000000102805.jpg,3,3,0.8093198761343956,0.801880806684494,0.9480507373809814,3,2,225,4,3,0.44862693769391626,8
one2one,3,21,0,overlap,3,3,3,21,3,3,0.7657227516174316,0.7234432101249695,0.8990138888359069,0.0,1.599499225616455,2.6486873626708984,0.0197521410882473,0,3,3,1,0.013956380439922214,25,3,000000104119.jpg,2,2,0.7868624627590179,0.7868624627590179,0.9116977393627167,1,0,27,0,0,0.3030289629823528,2
one2one,1,7,0,overlap,1,1,1,7,1,1,0.9547069668769836,0.9547069668769836,0.9547069668769836,0.0,0.32522597908973694,0.13293969631195068,0.0067548807710409164,0,1,1,0,0.0018490370479412378,10,1,000000104198.jpg,1,1,0.9547067284584045,0.9547067284584045,0.9547067284584045,0,0,11,0,0,0.9744711518287659,1
one2one,2,14,0,overlap,2,2,2,14,2,2,0.8679549694061279,0.8679549694061279,0.9190795421600342,0.0,0.9558256268501282,0.8774012327194214,0.011558578349649906,0,2,2,0,0.005910724080226655,237,2,000000106281.jpg,2,2,0.8679549694061279,0.8679549694061279,0.9190795421600342,0,0,239,0,0,0.6475475430488586,2
one2one,18,126,5,overlap,18,18,18,121,18,18,0.769897331794103,0.8248985707759857,0.9060122251510621,0.0,1.573555827140808,1.520033359527588,0.013475644402205944,0,18,18,0,0.02110776728174339,282,18,000000107226.jpg,7,7,0.70898680223359,0.665710061788559,0.9060121178627014,11,11,300,0,0,0.3120865740088953,18
one2one,3,21,0,overlap,3,3,3,21,3,3,0.8238254388173422,0.813227117061615,0.8950631976127624,0.0,1.2962535619735718,2.0616512298583984,0.023952914401888847,0,3,3,0,0.03993702165982021,77,3,000000111609.jpg,2,2,0.8238252003987631,0.8132271766662598,0.8950625896453858,1,1,80,0,0,0.17870584999521574,3
one2one,4,28,0,overlap,4,4,4,28,4,4,0.7681635245680809,0.8820612728595734,0.9471143960952759,0.0,1.1508010625839233,0.681589663028717,0.006408114917576313,0,4,4,1,0.00735722783514682,153,4,000000111951.jpg,1,1,0.9066149195035299,0.9270294904708862,0.9499836683273315,3,2,156,0,0,0.7412462830543518,3
one2one,17,79,3,overlap,17,17,17,76,17,17,0.7019086725571576,0.7265204787254333,0.9239609718322754,0.0,1.9261466264724731,1.459087610244751,0.003508461406454444,0,17,17,3,0.017995846508253182,286,17,000000115946.jpg,0,0,0.7105875824178968,0.6747710406780243,0.901259583234787,2,2,300,15,12,0.3863000074135406,14
one2one,4,28,0,overlap,4,4,4,28,4,4,0.9180643409490585,0.9142067134380341,0.9362234532833099,0.0,0.6135907173156738,0.41767430305480957,0.008984903804957867,0,4,4,0,0.017863909561020224,67,4,000000116068.jpg,4,4,0.9180643856525421,0.9142068028450012,0.9362234532833099,0,0,71,0,0,0.8156428784132004,4
one2one,6,42,0,overlap,6,6,6,42,6,6,0.9072362979253134,0.9416464269161224,0.9652925431728363,0.0,0.6597838401794434,0.5235366821289062,0.007704520598053932,0,6,6,0,0.020744140717146944,69,6,000000119452.jpg,4,4,0.907236268122991,0.9416464567184448,0.9652925431728363,2,2,75,0,0,0.5870584646860758,6
one2one,6,42,0,overlap,6,6,6,42,6,6,0.8924588263034821,0.8913109302520752,0.9815136194229126,0.0,0.7672010660171509,0.7263833284378052,0.004961112514138222,0,6,6,0,0.030158391819127554,103,6,000000119995.jpg,2,2,0.8572189410527548,0.8513749837875366,0.9815136194229126,1,1,109,3,3,0.6782467563947042,6
one2one,1,7,0,overlap,1,1,1,7,1,1,0.9370284080505371,0.9370284080505371,0.9370284080505371,0.0,0.44459378719329834,0.5271428227424622,0.0026441565714776516,0,1,1,0,0.011479665609923277,55,1,000000120584.jpg,0,0,0.937028706073761,0.937028706073761,0.937028706073761,1,1,56,0,0,0.9031896591186523,1
one2one,6,42,0,overlap,6,6,6,42,6,6,0.7641416589419047,0.7401794195175171,0.8707606494426727,0.0,1.7094422578811646,2.3460500240325928,0.022025328129529953,0,6,6,0,0.01505021283602608,294,6,000000121497.jpg,5,5,0.6762755115826925,0.657758891582489,0.8449929356575012,1,1,300,0,0,0.27271122485399246,6
one2one,16,111,4,overlap,16,16,16,107,16,16,0.7753394152969122,0.8167561590671539,0.9684040248394012,0.0,1.4374903440475464,1.150816798210144,0.004750302992761135,0,16,16,2,0.011136320198176208,286,16,000000124798.jpg,1,1,0.8097532561847142,0.8227182924747467,0.9713115692138672,5,5,300,10,8,0.4773039854564039,14
one2one,15,98,11,overlap,15,15,15,87,15,15,0.7519064565499624,0.7911820411682129,0.9215014815330506,0.0,1.565197229385376,2.333432912826538,0.0052198017947375774,0,15,15,4,0.01220916369426269,282,15,000000125778.jpg,2,2,0.791578471660614,0.7911826372146606,0.9504030346870422,4,4,293,9,5,0.3210078812077303,11
one2one,2,14,0,overlap,2,2,2,14,2,2,0.7426954805850983,0.7426954805850983,0.7719074070453644,0.0,1.940406084060669,2.0784554481506348,0.010814333334565163,0,2,2,0,0.11246624375053216,8,2,000000130465.jpg,0,0,0.7426949739456177,0.7426949739456177,0.7719064950942993,2,2,10,0,0,0.05963326618075371,2
one2one,2,14,0,overlap,2,2,2,14,2,2,0.9572635889053345,0.9572635889053345,0.9825073480606079,0.0,0.3130761682987213,0.15288400650024414,0.005311214365065098,0,2,2,0,0.0076157987779496535,19,2,000000130586.jpg,2,2,0.9572636783123016,0.9572636783123016,0.9825075089931488,0,0,21,0,0,0.9144592583179474,2
one2one,2,14,0,overlap,2,2,2,14,2,2,0.8912930190563202,0.8912930190563202,0.9470007359981537,0.0,0.7762550115585327,0.27697837352752686,0.015292193740606308,0,2,2,0,0.021554091227396082,12,2,000000131444.jpg,2,2,0.8912930190563202,0.8912930190563202,0.9470007359981537,0,0,14,0,0,0.931071549654007,2
one2one,7,46,2,overlap,7,7,7,44,7,7,0.775883001940591,0.76167231798172,0.8914414763450622,0.0,1.5991427898406982,1.7414484024047852,0.008314134553074837,0,7,7,0,0.013303748081614561,206,7,000000132375.jpg,2,2,0.7564033184732709,0.7616725564002991,0.8914415717124939,1,1,213,4,4,0.24496374345783675,7
one2one,10,62,0,overlap,10,10,10,62,10,10,0.8557829439640046,0.8925105035305023,0.9649438619613647,0.0,0.9420964121818542,1.7425785064697266,0.0040865810588002205,0,10,10,1,0.011412578888151064,291,10,000000132587.jpg,2,2,0.8441474967532687,0.9052727818489075,0.9677378892898559,4,4,300,4,3,0.3750361789845758,9
one2one,13,87,2,overlap,13,13,13,85,13,13,0.5865007730630728,0.5558733940124512,0.6920327186584473,0.0,3.054746389389038,2.9234275817871094,0.010325130075216293,0,13,13,5,0.024500739097289028,292,13,000000133233.jpg,0,0,0.601211316883564,0.6224658489227295,0.6693031549453735,4,3,300,9,5,0.023159947944805026,8
one2one,2,14,0,overlap,2,2,2,14,2,2,0.90962815284729,0.90962815284729,0.9419972419738769,0.0,0.6704094409942627,0.5947327017784119,0.014102425426244736,0,2,2,0,0.058751827251398936,8,2,000000133418.jpg,2,2,0.8334659337997437,0.8334659337997437,0.9267647981643676,0,0,10,0,0,0.8140120804309845,2
one2one,1,7,0,overlap,1,1,1,7,1,1,0.9506558775901794,0.9506558775901794,0.9506558775901794,0.0,0.3523328900337219,0.10628744214773178,0.011022282764315605,0,1,1,0,0.001289275474846363,1,1,000000133631.jpg,1,1,0.9506558775901794,0.9506558775901794,0.9506558775901794,0,0,2,0,0,0.9583134055137634,1
one2one,2,14,0,overlap,2,2,2,14,2,2,0.9363185465335846,0.9363185465335846,0.9480595886707306,0.0,0.47890061140060425,1.0195696353912354,0.017497599124908447,0,2,2,0,0.006888573816656296,29,2,000000137106.jpg,2,2,0.7928450405597687,0.7928450405597687,0.8958828032016755,0,0,31,0,0,0.7180642187595367,2
one2one,3,21,0,overlap,3,3,3,21,3,3,0.904355545838674,0.9010978937149048,0.9471524000167847,0.0,0.7067376375198364,1.0725364685058594,0.012095458805561066,0,3,3,0,0.0074891082980944445,224,3,000000137294.jpg,2,2,0.9043557246526083,0.9010984897613525,0.9471526145935059,1,1,227,0,0,0.41655582934617996,3
one2one,9,63,4,overlap,9,9,9,59,9,9,0.792932821644677,0.7912383079528809,0.9131536245346069,0.0,1.4477745294570923,1.9584667682647705,0.013296857476234436,0,9,9,1,0.008056510781618552,130,9,000000137576.jpg,3,3,0.7029272392392159,0.686228334903717,0.9148806214332581,6,5,138,0,0,0.3903035701951012,8
one2one,8,56,1,overlap,8,8,8,55,8,8,0.7627348452806473,0.7512043118476868,0.9413024544715881,0.0,1.6475474834442139,2.2410006523132324,0.012039806693792343,0,8,8,1,0.012964146752101162,293,8,000000140203.jpg,3,3,0.745267927646637,0.7633621096611023,0.9442644000053406,2,1,300,3,3,0.25715500944560127,7
one2one,5,35,0,overlap,5,5,5,35,5,5,0.9453123450279236,0.9478033185005188,0.9669854164123535,0.0,0.4076685309410095,1.1416164636611938,0.005300089251250029,0,5,5,0,0.017796991866907343,211,5,000000141821.jpg,3,3,0.9063282370567322,0.9478031396865845,0.9669853687286377,2,2,216,0,0,0.49522297382354735,5
one2one,4,28,1,overlap,4,4,4,27,4,4,0.8580076098442078,0.8748989999294281,0.9026344358921051,0.0,1.0524230003356934,1.8689433336257935,0.011411148123443127,0,4,4,0,0.0314968272918699,82,4,000000142790.jpg,3,3,0.6922957003116608,0.6913763880729675,0.8787688076496124,1,1,86,0,0,0.29186318814754486,4
one2one,2,14,0,overlap,2,2,2,14,2,2,0.8597902953624725,0.8597902953624725,0.9041773736476898,0.0,1.0293177366256714,0.6760247349739075,0.008072753436863422,0,2,2,0,0.03593765115365386,35,2,000000144114.jpg,1,1,0.8597908020019531,0.8597908020019531,0.9041776657104492,0,0,37,1,1,0.7242192029953003,2
one2one,7,49,6,overlap,7,7,7,43,7,7,0.7453236665044513,0.7396842837333679,0.8684359312057495,0.0,1.8255283832550049,1.7844734191894531,0.005679931957274675,0,7,7,0,0.010818167936069567,293,7,000000144706.jpg,0,0,0.70139627797263,0.6807619333267212,0.8684365153312683,3,3,300,4,4,0.2798011125996709,7
one2one,11,76,0,overlap,11,11,11,76,11,11,0.7887841571461071,0.787484884262085,0.9666023254394531,0.0,1.3955199718475342,2.058948516845703,0.008421072736382484,0,11,11,4,0.009853857372536879,178,11,000000146358.jpg,4,4,0.7992802858352661,0.864339292049408,0.9677005290985108,5,3,185,2,0,0.5437366691018853,7
one2one,13,85,0,overlap,13,13,13,85,13,13,0.8658774265876183,0.8777296543121338,0.9692699074745178,0.0,0.9281262755393982,1.2285417318344116,0.006103971973061562,0,13,13,1,0.016322063634611875,288,13,000000146457.jpg,3,3,0.8344007134437561,0.8617056310176849,0.9704480648040772,7,7,300,3,2,0.5141533591474096,12
one2one,2,14,0,overlap,2,2,2,14,2,2,0.964301198720932,0.964301198720932,0.9654403865337372,0.0,0.2680281698703766,1.0324699878692627,0.006105337291955948,0,2,2,0,0.010877751190924928,147,2,000000147205.jpg,1,1,0.9643012881278992,0.9643012881278992,0.965440547466278,1,1,149,0,0,0.3723418861627579,2
one2one,2,14,0,overlap,2,2,2,14,2,2,0.7308888137340546,0.7308888137340546,0.8866148889064789,0.0,1.661646842956543,0.4365866184234619,0.007380339317023754,0,2,2,0,0.013284006497997325,16,2,000000148739.jpg,0,0,0.730889081954956,0.730889081954956,0.8866149425506592,1,1,18,1,1,0.7260426878929138,2
one2one,6,42,0,overlap,6,6,6,42,6,6,0.9616834819316864,0.9644211530685425,0.9809343218803406,0.0,0.2855038344860077,0.10769351571798325,0.004294337704777718,0,6,6,0,0.005634874940606887,23,6,000000148957.jpg,6,6,0.9616834918657938,0.964421421289444,0.9809342622756958,0,0,29,0,0,0.9291673302650452,6
one2one,9,62,0,overlap,9,9,9,62,9,9,0.8627024160491096,0.8802032470703125,0.9592925310134888,0.0,0.9527326226234436,2.544978141784668,0.0038744613993912935,0,9,9,2,0.013139741124286414,268,9,000000149222.jpg,3,3,0.8495713131768363,0.8802021145820618,0.9665013074874879,2,2,275,4,2,0.3442397254652211,7
one2one,14,98,9,overlap,14,14,14,89,14,14,0.8585064198289599,0.8898183405399323,0.916131603717804,0.0,1.0252165794372559,1.4499062299728394,0.00695262523368001,0,14,14,0,0.021585696144029498,286,14,000000150224.jpg,2,2,0.8193029633590153,0.8511561155319214,0.9161317765712738,11,11,300,1,1,0.3208015135356358,14
one2one,1,7,0,overlap,1,1,1,7,1,1,0.6640043258666992,0.6640043258666992,0.6640043258666992,0.0,1.7165924310684204,1.0042693614959717,0.028820466250181198,0,1,1,0,0.17379052273463458,4,1,000000150930.jpg,1,1,0.6640041470527649,0.6640041470527649,0.6640041470527649,0,0,5,0,0,0.34605059027671814,1
one2one,1,7,0,overlap,1,1,1,7,1,1,0.9389433264732361,0.9389433264732361,0.9389433264732361,0.0,0.430540531873703,0.655514121055603,0.00344996340572834,0,1,1,0,0.021410109340929642,13,1,000000151516.jpg,1,1,0.9389433264732361,0.9389433264732361,0.9389433264732361,0,0,14,0,0,0.3620182275772095,1
one2one,25,170,4,overlap,25,25,25,166,25,25,0.7597729659080505,0.8030003905296326,0.9108424663543702,0.0,1.5524221658706665,1.6172912120819092,0.009108887054026127,0,25,25,5,0.015840272810809047,280,25,000000153011.jpg,4,4,0.7777477204799652,0.8013034462928772,0.9183623135089874,15,11,300,6,5,0.4460912314592861,20
one2one,6,42,0,overlap,6,6,6,42,6,6,0.7114212512969971,0.7159983217716217,0.8157181143760681,0.0,2.106938362121582,2.109293222427368,0.018027853220701218,0,6,6,0,0.01763983421838608,294,6,000000153510.jpg,2,2,0.6504052877426147,0.6135209500789642,0.793176531791687,4,4,300,0,0,0.0859970369686683,6
one2one,4,28,0,overlap,4,4,4,28,4,4,0.9066171497106552,0.9707117974758148,0.9756838262081147,0.0,0.5940660238265991,0.5618550181388855,0.005273321643471718,0,4,4,0,0.0090690661042269,144,4,000000153632.jpg,2,2,0.906617283821106,0.9707119166851044,0.9756838262081147,2,2,148,0,0,0.6351369619369507,4
one2one,2,13,0,overlap,2,2,2,13,2,2,0.6251681298017502,0.6251681298017502,0.8443460077047348,0.0,1.910616159439087,1.0161457061767578,0.007307354360818863,0,2,2,0,0.01891915751621127,35,2,000000153782.jpg,0,0,0.7303149998188019,0.7303149998188019,0.8653753817081451,1,1,37,1,1,0.4485679437639192,2
one2one,9,58,0,overlap,9,9,9,58,9,9,0.836380316151513,0.8786686062812805,0.9729609370231629,0.0,1.1032721996307373,1.106803059577942,0.0035457266494631767,0,9,9,0,0.012360168218576504,206,9,000000155341.jpg,3,3,0.7983271479606628,0.867565393447876,0.9105363368988038,0,0,215,6,6,0.40622658991358346,9
one2one,16,112,0,overlap,16,16,16,112,16,16,0.7510649804025888,0.7776287198066711,0.9145156443119049,0.0,1.6650890111923218,1.5193763971328735,0.009615397080779076,0,16,16,2,0.01604591459328947,286,16,000000156071.jpg,1,1,0.7389975615910122,0.7410052716732025,0.9062777400016785,12,10,300,3,3,0.39117510596822413,14
one2one,28,163,13,overlap,28,28,28,147,28,28,0.5201914134834494,0.5121855437755585,0.8687082529067993,0.0,2.3295645713806152,2.8505914211273193,0.0067125894129276276,0,28,28,17,0.025849670850088543,289,28,000000156278.jpg,0,0,0.7801463333043185,0.8006171584129333,0.9057223200798035,8,8,300,20,3,0.28097566505047405,11
one2one,8,56,0,overlap,8,8,8,56,8,8,0.8621970042586327,0.9106365740299225,0.9501402735710144,0.0,0.9195067286491394,0.8944025635719299,0.006167527288198471,0,8,8,0,0.017249066987015466,94,8,000000156292.jpg,2,2,0.8456833809614182,0.9106368124485016,0.9501404404640198,6,6,102,0,0,0.41948141856119037,8
one2one,1,7,0,overlap,1,1,1,7,1,1,0.8538461923599243,0.8538461923599243,0.8538461923599243,0.0,0.9455623626708984,1.2168749570846558,0.022510329261422157,0,1,1,0,0.007364830137528662,203,1,000000157124.jpg,1,1,0.8538463115692139,0.8538463115692139,0.8538463115692139,0,0,204,0,0,0.6520575284957886,1
one2one,9,61,0,overlap,9,9,9,61,9,9,0.8017716606458029,0.8453754782676697,0.9298020839691162,0.0,1.3146108388900757,1.3501540422439575,0.007787974085658789,0,9,9,1,0.01878397392451071,113,9,000000157365.jpg,2,2,0.7954297959804535,0.8389151096343994,0.9237406134605408,4,4,121,3,2,0.6064243477303535,8
one2one,3,21,0,overlap,3,3,3,21,3,3,0.9477927088737488,0.9471453428268433,0.9583751440048218,0.0,0.39149901270866394,0.562464714050293,0.005632213316857815,0,3,3,0,0.030892862917556028,28,3,000000157807.jpg,2,2,0.947792649269104,0.9471453428268433,0.9583752870559692,1,1,31,0,0,0.6408890783786774,3
one2one,1,7,0,overlap,1,1,1,7,1,1,0.9694315195083618,0.9694315195083618,0.9694315195083618,0.0,0.2225583791732788,0.528328537940979,0.0059513202868402,0,1,1,0,0.014178512860477591,48,1,000000160666.jpg,1,1,0.9694315195083618,0.9694315195083618,0.9694315195083618,0,0,49,0,0,0.8866462707519531,1
one2one,11,26,0,overlap,11,11,11,26,11,11,0.5737315118312836,0.545607328414917,0.6845763325691223,0.0,3.0102150440216064,1.8089489936828613,0.004680344834923744,0,11,11,1,0.017608007604863044,132,11,000000160772.jpg,1,1,0.5969232797622681,0.592843621969223,0.6621493458747864,0,0,142,10,9,0.12762808904517442,10
one2one,8,43,0,overlap,8,8,8,43,8,8,0.5631162077188492,0.5163468420505524,0.8559983015060425,0.0,2.5219411849975586,1.2123585939407349,0.010226712562143803,0,8,8,4,0.008583639005664737,150,8,000000161799.jpg,1,1,0.7695096284151077,0.8049839735031128,0.8938580453395844,2,2,154,5,1,0.6020264613907784,4
one2one,2,14,0,overlap,2,2,2,14,2,2,0.8316212594509125,0.8316212594509125,0.9455806910991669,0.0,1.0863032341003418,0.5465255379676819,0.011589848436415195,0,2,2,0,0.01290487343849579,53,2,000000161879.jpg,2,2,0.8316209316253662,0.8316209316253662,0.9455806255340576,0,0,55,0,0,0.6489222347736359,2
one2one,3,21,0,overlap,3,3,3,21,3,3,0.9207417964935303,0.9470014572143555,0.9472616672515869,0.0,0.5846249461174011,0.798477828502655,0.007010725326836109,0,3,3,0,0.007729029097133363,297,3,000000161925.jpg,2,2,0.9207417964935303,0.9470014572143555,0.9472616672515869,1,1,300,0,0,0.7395273248354594,3
one2one,6,42,1,overlap,6,6,6,41,6,6,0.9115783274173737,0.9305616915225983,0.9740475118160248,0.0,0.6342765092849731,0.31716635823249817,0.007184837479144335,0,6,6,0,0.013115036050574137,52,6,000000162732.jpg,5,5,0.9115783274173737,0.9305616915225983,0.9740475118160248,1,1,58,0,0,0.7759584387143453,6
one2one,16,108,0,overlap,16,16,16,108,16,16,0.844777375459671,0.8494707345962524,0.936007022857666,0.0,1.1184531450271606,0.6370375156402588,0.0033634447026997805,0,16,16,0,0.01975936050119344,200,16,000000166287.jpg,1,1,0.826014619320631,0.8494702875614166,0.9360065758228302,2,2,216,13,13,0.5348911872133613,16
one2one,27,151,14,overlap,27,27,27,137,27,27,0.8026608758502536,0.8190010190010071,0.9133190512657166,0.0,1.310143232345581,1.2323696613311768,0.0022552332375198603,0,27,27,1,0.027867069571571302,274,27,000000166391.jpg,0,0,0.8103897777887491,0.8179426193237305,0.9126485288143158,4,4,300,23,22,0.4481532679727444,26
one2one,3,21,0,overlap,3,3,3,21,3,3,0.8973121047019958,0.9404110312461853,0.9512497782707214,0.0,0.7306258678436279,0.28505733609199524,0.0049850535579025745,0,3,3,0,0.006030656463012864,39,3,000000167898.jpg,2,2,0.8973125418027242,0.9404110312461853,0.9512497782707214,1,1,42,0,0,0.726493755976359,3
one2one,3,21,0,overlap,3,3,3,21,3,3,0.895128071308136,0.9344186186790466,0.9717656016349793,0.0,0.7216329574584961,1.5049389600753784,0.01049355324357748,0,3,3,0,0.012842811794521717,65,3,000000168974.jpg,1,1,0.895128071308136,0.9344186186790466,0.9717656016349793,2,2,68,0,0,0.45779677845227223,3
one2one,2,14,0,overlap,2,2,2,14,2,2,0.8528928160667419,0.8528928160667419,0.958610475063324,0.0,0.9523178339004517,0.53266841173172,0.0036491299979388714,0,2,2,0,0.0050136342114355005,36,2,000000170955.jpg,1,1,0.8528927266597748,0.8528927266597748,0.9586103141307831,1,1,38,0,0,0.5462354570627213,2
one2one,3,21,0,overlap,3,3,3,21,3,3,0.922100841999054,0.9542469382286072,0.9554152369499207,0.0,0.5693359375,0.25099244713783264,0.013503623194992542,0,3,3,0,0.005000382496387158,57,3,000000171298.jpg,3,3,0.9221009016036987,0.9542471170425415,0.9554152727127075,0,0,60,0,0,0.8521285057067871,3
one2one,3,21,0,overlap,3,3,3,21,3,3,0.9136665463447571,0.89487624168396,0.9511377811431885,0.0,0.6396613121032715,1.3639625310897827,0.0035744719207286835,0,3,3,0,0.009663127940101079,297,3,000000171740.jpg,1,1,0.9136665463447571,0.89487624168396,0.9511377811431885,0,0,300,2,2,0.4726799875497818,3
one2one,4,28,0,overlap,4,4,4,28,4,4,0.8359553664922714,0.8814445734024048,0.9214433133602142,0.0,1.1295092105865479,0.7343250513076782,0.008756183087825775,0,4,4,0,0.008795436890099324,234,4,000000172648.jpg,2,2,0.8359550684690475,0.8814443945884705,0.9214428663253784,1,1,238,1,1,0.6945853382349014,4
one2one,1,7,0,overlap,1,1,1,7,1,1,0.9476673007011414,0.9476673007011414,0.9476673007011414,0.0,0.3720661699771881,0.15872469544410706,0.0051789493300020695,0,1,1,0,0.004158834961708635,10,1,000000172856.jpg,1,1,0.9476673007011414,0.9476673007011414,0.9476673007011414,0,0,11,0,0,0.9690580368041992,1
one2one,5,35,0,overlap,5,5,5,35,5,5,0.7774214148521423,0.7177126407623291,0.9109307289123535,0.0,1.5787978172302246,3.1122026443481445,0.01240481249988079,0,5,5,2,0.005420622068126441,76,5,000000172935.jpg,0,0,0.8406808972358704,0.8946681022644043,0.9163521289825439,5,3,79,0,0,0.2850924003869295,3
one2one,10,70,0,overlap,10,10,10,70,10,10,0.9271965563297272,0.9360461831092834,0.9668761968612671,0.0,0.5313364267349243,0.5539096593856812,0.007393614389002323,0,10,10,0,0.014194164798914432,242,10,000000173371.jpg,8,8,0.8881338953971862,0.9360461831092834,0.9668770015239716,2,2,252,0,0,0.6552728205919266,10
one2one,6,42,2,overlap,6,6,6,40,6,6,0.9303423861662546,0.9236714839935303,0.96880242228508,0.0,0.5164366364479065,1.169310212135315,0.009429050609469414,0,6,6,0,0.0070192884403066,130,6,000000174123.jpg,3,3,0.8553163210550944,0.9106031358242035,0.9522480666637421,3,3,136,0,0,0.5524531960254535,6
one2one,2,14,0,overlap,2,2,2,14,2,2,0.9395363628864288,0.9395363628864288,0.9433534204959869,0.0,0.4539496898651123,1.2677537202835083,0.00622252281755209,0,2,2,0,0.007295617116191848,55,2,000000175443.jpg,1,1,0.8081653118133545,0.8081653118133545,0.9094452857971191,1,1,57,0,0,0.5090491995215416,2
one2one,15,90,10,overlap,15,15,15,78,15,15,0.5962067931890488,0.602159857749939,0.8771794438362122,0.0,2.365724563598633,2.0831902027130127,0.005619019735604525,0,15,15,7,0.02455639779529445,292,15,000000176037.jpg,1,1,0.7197786420583725,0.6794763803482056,0.9272443950176239,0,0,300,14,7,0.28781296813394874,8
one2one,4,23,0,overlap,4,4,4,23,4,4,0.7297107800841331,0.8632508218288422,0.9486916899681092,0.0,0.9946531653404236,1.7682758569717407,0.010749874636530876,0,4,4,1,0.0071308247473401325,66,4,000000176606.jpg,1,1,0.7881326278050741,0.8787633776664734,0.9586812853813171,2,2,69,1,0,0.5670808166420708,3
one2one,1,7,0,overlap,1,1,1,7,1,1,0.824354350566864,0.824354350566864,0.824354350566864,0.0,1.1056768894195557,0.6881536245346069,0.05144871398806572,0,1,1,0,0.014046989509370177,50,1,000000176634.jpg,1,1,0.824354350566864,0.824354350566864,0.824354350566864,0,0,51,0,0,0.912133514881134,1
one2one,1,7,0,overlap,1,1,1,7,1,1,0.9125624895095825,0.9125624895095825,0.9125624895095825,0.0,0.6040213704109192,0.23561327159404755,0.025332514196634293,0,1,1,0,0.0025697106029838324,23,1,000000180188.jpg,1,1,0.9125626683235168,0.9125626683235168,0.9125626683235168,0,0,24,0,0,0.9230747818946838,1
one2one,14,98,4,overlap,14,14,14,94,14,14,0.8492720808301654,0.8608894348144531,0.9284236013889313,0.0,1.0911643505096436,1.470037579536438,0.007250970229506493,0,14,14,1,0.021075116762102872,287,14,000000183049.jpg,2,2,0.8338140616050134,0.8572595715522766,0.9283767580986023,12,11,300,0,0,0.26301601414497083,13
one2one,2,14,0,overlap,2,2,2,14,2,2,0.9004473984241486,0.9004473984241486,0.9415519297122955,0.0,0.7260721921920776,1.4637044668197632,0.00429772213101387,0,2,2,0,0.011361630714457968,46,2,000000184978.jpg,1,1,0.7787076234817505,0.7787076234817505,0.9172038316726685,0,0,48,1,1,0.475945015437901,2
one2one,6,42,5,overlap,6,6,6,37,6,6,0.921875794728597,0.9314071536064148,0.9774874746799469,0.0,0.5624390840530396,1.5020198822021484,0.012864975258708,0,6,6,0,0.021735124067024533,59,6,000000185599.jpg,6,6,0.9299918015797933,0.953694760799408,0.9774874746799469,0,0,65,0,0,0.34408115906020004,6
one2one,8,42,1,overlap,8,8,8,41,8,8,0.8013136945664883,0.8719400465488434,0.9460410296916961,0.0,1.263014793395996,1.7073760032653809,0.0026855566538870335,0,8,8,2,0.027562908123765793,97,8,000000186345.jpg,0,0,0.8787409961223602,0.8973108530044556,0.9466414451599121,4,4,103,4,2,0.5553638455846036,6
one2one,7,49,0,overlap,7,7,7,49,7,7,0.7887571368898664,0.8337774872779846,0.8769172430038452,0.0,1.446904182434082,3.1513051986694336,0.005387887358665466,0,7,7,2,0.01924079273338035,295,7,000000186632.jpg,1,1,0.7108453273773193,0.6611822247505188,0.8853026032447815,2,2,300,4,2,0.21505039259791375,5
one2one,6,42,1,overlap,6,6,6,41,6,6,0.8913111885388693,0.8820106089115143,0.9464460015296936,0.0,0.8029048442840576,1.5049524307250977,0.0124286450445652,0,6,6,0,0.014990864230248218,130,6,000000187055.jpg,4,4,0.7984424928824106,0.8459586799144745,0.9191854000091553,0,0,136,2,2,0.46940651107191417,6
one2one,1,7,0,overlap,1,1,1,7,1,1,0.9536986351013184,0.9536986351013184,0.9536986351013184,0.0,0.3311889171600342,0.09760981053113937,0.002231037709861994,0,1,1,0,0.001126498798839748,1,1,000000187745.jpg,0,0,0.9536986351013184,0.9536986351013184,0.9536986351013184,1,1,2,0,0,0.9511158466339111,1
one2one,2,14,0,overlap,2,2,2,14,2,2,0.9306790828704834,0.9306790828704834,0.9433215618133545,0.0,0.5186399817466736,0.22979216277599335,0.004905504174530506,0,2,2,0,0.006071386185636663,23,2,000000187990.jpg,1,1,0.930678516626358,0.930678516626358,0.9433214485645294,1,1,25,0,0,0.8288756012916565,2
one2one,2,14,0,overlap,2,2,2,14,2,2,0.8804872334003448,0.8804872334003448,0.9422956526279449,0.0,0.8532446622848511,0.7307276725769043,0.008915435522794724,0,2,2,0,0.012562010411599303,118,2,000000188592.jpg,1,1,0.8804872334003448,0.8804872334003448,0.9422956526279449,1,1,120,0,0,0.731619656085968,2
one2one,1,7,0,overlap,1,1,1,7,1,1,0.9886690378189087,0.9886690378189087,0.9886690378189087,0.0,0.08401971310377121,5.918691158294678,0.0032085708808153868,0,1,1,1,0.047511305165244266,36,1,000000188906.jpg,1,0,,,,0,0,36,0,0,,0
one2one,2,14,0,overlap,2,2,2,14,2,2,0.899793803691864,0.899793803691864,0.9457765936851501,0.0,0.7299060225486755,0.5254988670349121,0.019196847453713417,0,2,2,0,0.007307774076521721,115,2,000000191288.jpg,2,2,0.899793803691864,0.899793803691864,0.9457765936851501,0,0,117,0,0,0.8473242521286011,2
one2one,4,28,0,overlap,4,4,4,28,4,4,0.8980152457952499,0.9292804300785065,0.9604003667831421,0.0,0.7196077704429626,0.8955243825912476,0.0040354011580348015,0,4,4,0,0.006288192700594664,74,4,000000192716.jpg,1,1,0.8624150156974792,0.9292804896831512,0.9604003667831421,2,2,78,1,1,0.6767612411640584,4
one2one,5,35,0,overlap,5,5,5,35,5,5,0.8653444290161133,0.8468931913375854,0.9631940841674804,0.0,0.948992908000946,0.7244860529899597,0.00592974666506052,0,5,5,0,0.019431104905939158,78,5,000000193743.jpg,1,1,0.8653446197509765,0.8468934893608093,0.9631942272186279,4,4,83,0,0,0.4364294707775116,5
one2one,9,58,0,overlap,9,9,9,58,9,9,0.8267476426230537,0.8978590369224548,0.9770511627197266,0.0,1.0452595949172974,1.0987274646759033,0.005617473740130663,0,9,9,0,0.013240749742899769,291,9,000000195842.jpg,2,2,0.8267470333311293,0.8978568911552429,0.9770508408546448,5,5,300,2,2,0.43762595889468986,9
one2one,6,42,0,overlap,6,6,6,42,6,6,0.9332846403121948,0.9490455090999603,0.9663030505180359,0.0,0.4885669946670532,0.5039031505584717,0.0031042916234582663,0,6,6,0,0.021027327966833213,108,6,000000195918.jpg,3,3,0.9332847197850546,0.9490461945533752,0.9663030505180359,2,2,114,1,1,0.7913868327935537,6
one2one,2,14,0,overlap,2,2,2,14,2,2,0.9500434994697571,0.9500434994697571,0.9544750332832337,0.0,0.3750748932361603,0.15994563698768616,0.00874137319624424,0,2,2,0,0.008789960527792573,16,2,000000197022.jpg,2,2,0.9500435292720795,0.9500435292720795,0.9544750392436981,0,0,18,0,0,0.9384630918502808,2
one2one,9,63,0,overlap,9,9,9,63,9,9,0.7789222432507409,0.8220113515853882,0.9471153378486633,0.0,1.3441076278686523,1.0288058519363403,0.015043865889310837,0,9,9,1,0.01958158970404783,132,9,000000197388.jpg,5,4,0.7909597530961037,0.8202705681324005,0.9491908609867096,4,4,140,0,0,0.6245389967225492,8
one2one,1,7,0,overlap,1,1,1,7,1,1,0.9449236392974854,0.9449236392974854,0.9449236392974854,0.0,0.3908611238002777,0.8071637153625488,0.011010193265974522,0,1,1,0,0.009804012554443695,110,1,000000197528.jpg,1,1,0.9449236392974854,0.9449236392974854,0.9449236392974854,0,0,111,0,0,0.8643819093704224,1
one2one,4,28,0,overlap,4,4,4,28,4,4,0.9367289245128632,0.9356465041637421,0.9666783273220062,0.0,0.469756156206131,0.3899024426937103,0.005907590501010418,0,4,4,0,0.00788004347895348,196,4,000000198489.jpg,4,4,0.9367289394140244,0.9356464147567749,0.9666783273220062,0,0,200,0,0,0.9056554287672043,4
one2one,13,56,4,overlap,13,13,13,51,13,13,0.6231412239945852,0.667724609375,0.8423853754997254,0.0,2.2895333766937256,1.0009891986846924,0.002581279259175062,0,13,13,3,0.022494613728125022,129,13,000000199395.jpg,0,0,0.7008729159832001,0.6824469268321991,0.8214849412441253,1,1,139,12,9,0.4070095710456371,10
one2one,2,14,0,overlap,2,2,2,14,2,2,0.9581058621406555,0.9581058621406555,0.9690705418586731,0.0,0.31303438544273376,0.2893049120903015,0.005354660097509623,0,2,2,0,0.014183378742018249,32,2,000000199551.jpg,2,2,0.9581058323383331,0.9581058323383331,0.9690706789493561,0,0,34,0,0,0.8284825384616852,2
one2one,1,7,0,overlap,1,1,1,7,1,1,0.8916990756988525,0.8916990756988525,0.8916990756988525,0.0,0.724382221698761,0.1788642257452011,0.008865738287568092,0,1,1,0,0.001761650899425149,1,1,000000199977.jpg,1,1,0.8916990756988525,0.8916990756988525,0.8916990756988525,0,0,2,0,0,0.8938400149345398,1
one2one,9,63,5,overlap,9,9,9,58,9,9,0.8841833803388808,0.8888417482376099,0.9634236335754395,0.0,0.8414270877838135,0.8979552984237671,0.008452196605503559,0,9,9,1,0.0046135507882498795,189,9,000000201426.jpg,5,5,0.8526511192321777,0.8881057798862457,0.9663507401943207,4,3,197,0,0,0.6734537769807503,8
one2one,19,123,2,overlap,18,18,18,121,18,18,0.7417653186453713,0.7580500543117523,0.9075112819671631,0.0,1.7325955629348755,1.9095338582992554,0.012322797439992428,0,18,18,4,0.02571523158500592,285,19,000000204186.jpg,4,4,0.7772007862726847,0.8320695161819458,0.9194578766822815,8,8,300,7,3,0.2893269675783813,15
one2one,2,14,0,overlap,2,2,2,14,2,2,0.9339429438114166,0.9339429438114166,0.9593824684619904,0.0,0.4878956079483032,0.31974294781684875,0.008645324967801571,0,2,2,0,0.014906427473761141,15,2,000000206411.jpg,2,2,0.9339432716369629,0.9339432716369629,0.9593827247619628,0,0,17,0,0,0.6846273094415665,2
one2one,2,14,0,overlap,2,2,2,14,2,2,0.8745324611663818,0.8745324611663818,0.9498781681060791,0.0,0.8720271587371826,0.7992315888404846,0.005134048871695995,0,2,2,0,0.009255372507429523,82,2,000000206994.jpg,1,1,0.8226446509361267,0.8226446509361267,0.9395004630088806,1,1,84,0,0,0.5252742022275925,2
one2one,13,91,0,overlap,13,13,13,91,13,13,0.7649292326890506,0.759293258190155,0.9108607411384583,0.0,1.6334903240203857,2.1247119903564453,0.01878773421049118,0,13,13,2,0.031510397894984714,289,13,000000209142.jpg,5,4,0.7999132438139482,0.7797367572784424,0.9213998913764954,6,5,300,2,2,0.23859194695780223,11
one2one,5,33,0,overlap,5,5,5,33,5,5,0.7885079741477966,0.750032365322113,0.8813483834266662,0.0,1.5438385009765625,1.1618378162384033,0.004143747501075268,0,5,5,0,0.008865900667397862,137,5,000000210855.jpg,0,0,0.7885071277618408,0.7500317096710205,0.8813478827476502,2,2,142,3,3,0.3247305255383253,5
one2one,16,99,5,overlap,16,16,16,94,16,16,0.6774389604106545,0.6712168455123901,0.870900422334671,0.0,2.108905076980591,1.8427659273147583,0.0065623498521745205,0,16,16,2,0.021801823579992812,286,16,000000211674.jpg,1,1,0.6941706665924617,0.6712170839309692,0.8768801033496857,3,3,300,12,10,0.2481998280355973,14
one2one,14,95,4,overlap,14,14,14,91,14,14,0.7735372866903033,0.7243191599845886,0.9383777797222138,0.0,1.5435633659362793,1.5567114353179932,0.008458415046334267,0,14,14,0,0.015804960178309024,286,14,000000213445.jpg,5,5,0.7547086179256439,0.697916567325592,0.9383780121803285,3,3,300,6,6,0.20116835225573076,14
one2one,1,7,0,overlap,1,1,1,7,1,1,0.9760507941246033,0.9760507941246033,0.9760507941246033,0.0,0.17534327507019043,0.7678178548812866,0.006291765719652176,0,1,1,0,0.010335278936323867,113,1,000000213816.jpg,1,1,0.9760507941246033,0.9760507941246033,0.9760507941246033,0,0,114,0,0,0.9257957935333252,1
one2one,9,62,12,overlap,9,9,9,45,9,9,0.6536614795525869,0.5697622895240784,0.9015307664871216,0.0,2.0640807151794434,3.615720748901367,0.008533315733075142,0,9,9,7,0.006787307619823505,298,9,000000215644.jpg,1,1,0.7793068885803223,0.7793068885803223,0.9469423294067383,5,1,300,3,0,0.4534514229744673,2
one2one,4,28,4,overlap,4,4,4,24,4,4,0.7828976064920425,0.8169565498828888,0.9336915791034699,0.0,1.3782731294631958,1.95487380027771,0.005371211562305689,0,4,4,1,0.002306748297996819,7,4,000000216739.jpg,1,1,0.8700382510821024,0.8345018029212952,0.9478615880012512,1,1,10,2,1,0.3267800365574658,3
one2one,13,85,4,overlap,13,13,13,81,13,13,0.7362604634119914,0.7595435976982117,0.9396077632904053,0.0,1.5948433876037598,2.451125383377075,0.009866992942988873,0,13,13,3,0.010379304029529208,290,13,000000218439.jpg,3,3,0.733177900314331,0.7376198470592499,0.9549156129360199,2,2,300,8,5,0.21352046371903272,10
one2one,3,21,0,overlap,3,3,3,21,3,3,0.9264444510142008,0.9321557283401489,0.9355864286422729,0.0,0.5525113344192505,0.7987857460975647,0.00998747255653143,0,3,3,0,0.012854749127291143,90,3,000000221281.jpg,2,2,0.7869685888290405,0.9107337594032288,0.9278713345527649,1,1,93,0,0,0.6876102387905121,3
one2one,9,63,0,overlap,9,9,9,63,9,9,0.7615989943345388,0.7555640339851379,0.9668725252151489,0.0,1.3193581104278564,1.3782243728637695,0.007658080197870731,0,9,9,2,0.012636969097146242,278,9,000000221708.jpg,5,5,0.8317670907293048,0.9432390928268433,0.9705938696861267,1,0,285,3,2,0.5330204607120582,7
one2one,15,87,11,overlap,15,15,15,76,15,15,0.7004468421141307,0.7491422891616821,0.8831911683082581,0.0,2.0004544258117676,1.5347259044647217,0.0037932463455945253,0,15,15,2,0.021165325988622752,287,15,000000221754.jpg,0,0,0.7080856561660767,0.7126724123954773,0.829287302494049,2,2,300,13,11,0.26617212829968107,13
one2one,7,49,0,overlap,7,7,7,49,7,7,0.7981255991118295,0.762374997138977,0.913410747051239,0.0,1.4417444467544556,0.9505930542945862,0.013142614625394344,0,7,7,0,0.010737859776813243,291,7,000000223738.jpg,4,4,0.7092842544828143,0.7279942035675049,0.913410997390747,2,2,298,1,1,0.47525852067129953,7
one2one,9,63,0,overlap,9,9,9,63,9,9,0.874662803279029,0.8904436826705933,0.9506967067718506,0.0,0.8717220425605774,1.0951669216156006,0.006375693716108799,0,9,9,1,0.01805613218069387,180,9,000000225757.jpg,3,3,0.8812173828482628,0.9077337980270386,0.9531838178634644,4,3,188,2,2,0.7071407688781619,8
one2one,2,14,0,overlap,2,2,2,14,2,2,0.88865527510643,0.88865527510643,0.9469262778759002,0.0,0.795527458190918,0.9252073168754578,0.004222244955599308,0,2,2,0,0.0038480424052834803,51,2,000000225946.jpg,1,1,0.8886553347110748,0.8886553347110748,0.9469262897968292,1,1,53,0,0,0.47866627015173435,2
one2one,2,14,0,overlap,2,2,2,14,2,2,0.900204598903656,0.900204598903656,0.947999370098114,0.0,0.7293816804885864,0.27788111567497253,0.019282139837741852,0,2,2,0,0.020304401861861922,13,2,000000227482.jpg,1,1,0.9002042710781097,0.9002042710781097,0.9479987800121308,1,1,15,0,0,0.9404463768005371,2
one2one,8,54,0,overlap,8,8,8,54,8,8,0.8442750796675682,0.8769018650054932,0.9276289761066436,0.0,1.0835747718811035,1.1456271409988403,0.00556268310174346,0,8,8,1,0.008906764574682677,293,8,000000227898.jpg,1,1,0.8206950340952192,0.8412677049636841,0.9285128235816956,6,5,300,1,1,0.5607515105179378,7
one2one,2,14,0,overlap,2,2,2,14,2,2,0.8969579637050629,0.8969579637050629,0.950923603773117,0.0,0.7355964779853821,0.3334314525127411,0.011326116509735584,0,2,2,0,0.020723733038175852,20,2,000000228981.jpg,2,2,0.8969578742980957,0.8969578742980957,0.9509235858917237,0,0,22,0,0,0.8927322924137115,2
one2one,2,14,0,overlap,2,2,2,14,2,2,0.9105189144611359,0.9105189144611359,0.9295898020267487,0.0,0.6681860089302063,0.6030488610267639,0.008790021762251854,0,2,2,0,0.01152526733825322,66,2,000000229221.jpg,1,1,0.9105183780193329,0.9105183780193329,0.929589694738388,1,1,68,0,0,0.6224220991134644,2
one2one,11,77,5,overlap,11,11,11,72,11,11,0.8647321950305592,0.8978291749954224,0.9355565309524536,0.0,0.9826740026473999,1.2785143852233887,0.010355917736887932,0,11,11,0,0.014352520916105014,289,11,000000231097.jpg,5,5,0.8465130220759999,0.897828996181488,0.9355563521385193,6,6,300,0,0,0.38299025866118347,11
one2one,1,7,0,overlap,1,1,1,7,1,1,0.8256033062934875,0.8256033062934875,0.8256033062934875,0.0,1.080029010772705,0.5329037308692932,0.028118792921304703,0,1,1,0,0.007160054708153687,55,1,000000231169.jpg,1,1,0.8256033062934875,0.8256033062934875,0.8256033062934875,0,0,56,0,0,0.878367006778717,1
one2one,1,7,0,overlap,1,1,1,7,1,1,0.966014564037323,0.966014564037323,0.966014564037323,0.0,0.24675314128398895,1.5819766521453857,0.011659123003482819,0,1,1,0,0.024405251373536885,96,1,000000232489.jpg,1,1,0.966014564037323,0.966014564037323,0.966014564037323,0,0,97,0,0,0.7964959740638733,1
one2one,2,14,0,overlap,2,2,2,14,2,2,0.8607028126716614,0.8607028126716614,0.9218253254890442,0.0,1.0058753490447998,0.60576331615448,0.029005765914916992,0,2,2,0,0.008756327153241728,80,2,000000232684.jpg,2,2,0.8607029020786285,0.8607029020786285,0.9218254864215851,0,0,82,0,0,0.6768215149641037,2
one2one,17,119,1,overlap,17,17,17,118,17,17,0.8191899692311007,0.8307591676712036,0.9063321709632873,0.0,1.2909642457962036,1.2821085453033447,0.011478859931230545,0,17,17,2,0.0171224464257983,285,17,000000233771.jpg,10,10,0.7982631325721741,0.824177086353302,0.9081162571907043,5,4,300,2,1,0.5289712924820681,15
one2one,2,14,0,overlap,2,2,2,14,2,2,0.9349556863307953,0.9349556863307953,0.9370288074016571,0.0,0.48864981532096863,0.8203780055046082,0.016183827072381973,0,2,2,0,0.028415282310119697,35,2,000000234660.jpg,2,2,0.9349557161331177,0.9349557161331177,0.9370286703109741,0,0,37,0,0,0.4325820505619049,2
one2one,2,14,0,overlap,2,2,2,14,2,2,0.9476907849311829,0.9476907849311829,0.9654192090034485,0.0,0.3893652558326721,0.8005399703979492,0.0125855952501297,0,2,2,0,0.031374300859170035,24,2,000000236592.jpg,2,2,0.9476908445358276,0.9476908445358276,0.9654192209243775,0,0,26,0,0,0.45341887325048447,2
one2one,4,28,0,overlap,4,4,4,28,4,4,0.8851310461759567,0.892583966255188,0.9208245158195496,0.0,0.8573963046073914,0.9245660901069641,0.011315192095935345,0,4,4,0,0.012790194981229993,78,4,000000237928.jpg,2,2,0.8851311504840851,0.8925841748714447,0.9208245873451233,2,2,82,0,0,0.43284374475479126,4
one2one,14,85,6,overlap,14,14,14,79,14,14,0.7133874595165253,0.7627554535865784,0.8999388515949249,0.0,1.6730530261993408,1.402113676071167,0.0048210471868515015,0,14,14,1,0.022228327973255763,287,14,000000239274.jpg,1,1,0.7046280686671917,0.6637887954711914,0.8664812684059143,0,0,300,13,12,0.2839923402867638,13
one2one,1,7,0,overlap,1,1,1,7,1,1,0.9421988725662231,0.9421988725662231,0.9421988725662231,0.0,0.4090556204319,0.17273780703544617,0.009162073954939842,0,1,1,0,0.0027973399652789035,21,1,000000241297.jpg,1,1,0.942198634147644,0.942198634147644,0.942198634147644,0,0,22,0,0,0.950398862361908,1
one2one,1,7,0,overlap,1,1,1,7,1,1,0.9681284427642822,0.9681284427642822,0.9681284427642822,0.0,0.2318877875804901,0.2828623056411743,0.005784357897937298,0,1,1,0,0.014418493272387423,24,1,000000243495.jpg,1,1,0.9681284427642822,0.9681284427642822,0.9681284427642822,0,0,25,0,0,0.9026237726211548,1
one2one,10,51,0,overlap,10,10,10,51,10,10,0.7630445510149002,0.7851133048534393,0.9638733983039856,0.0,1.4697461128234863,0.8595153093338013,0.00227956660091877,0,10,10,1,0.006581765379397069,101,10,000000244411.jpg,2,2,0.8083681994014316,0.8288819789886475,0.9646501183509827,0,0,110,8,7,0.4323316766983933,9
one2one,1,7,0,overlap,1,1,1,7,1,1,0.9572286605834961,0.9572286605834961,0.9572286605834961,0.0,0.30708998441696167,0.687092661857605,0.010901862755417824,0,1,1,0,0.015698807436803526,55,1,000000245651.jpg,1,1,0.9572286605834961,0.9572286605834961,0.9572286605834961,0,0,56,0,0,0.8230828642845154,1
one2one,22,147,13,overlap,22,22,22,133,22,22,0.7224314131520011,0.7399323284626007,0.8670061647891999,0.0,1.8350396156311035,2.5330798625946045,0.0067735519260168076,0,22,22,7,0.029943512365418045,285,22,000000246968.jpg,1,1,0.6952108065287272,0.6591516137123108,0.9058130025863647,6,6,300,15,8,0.2742129351943731,15
one2one,4,28,0,overlap,4,4,4,28,4,4,0.9147568047046661,0.9061014950275421,0.9664914548397064,0.0,0.6206365823745728,0.7065483927726746,0.007503360975533724,0,4,4,0,0.010190990680607585,139,4,000000248400.jpg,1,1,0.914756566286087,0.9061013162136078,0.9664914548397064,3,3,143,0,0,0.6662928480654955,4
one2one,17,110,2,overlap,17,17,17,108,17,17,0.7078790756709435,0.7916684150695801,0.9184940457344055,0.0,1.618984580039978,1.4459080696105957,0.012754445895552635,0,17,17,4,0.02155101690960574,287,17,000000249129.jpg,1,1,0.7601250547629136,0.778867244720459,0.9164143800735474,13,12,300,3,0,0.5182677782498873,13
one2one,5,35,4,overlap,5,5,5,31,5,5,0.8583765387535095,0.8784458637237549,0.89725741147995,0.0,1.0554733276367188,1.6793475151062012,0.03066343069076538,0,5,5,0,0.01186926817933384,130,5,000000250766.jpg,4,4,0.779286789894104,0.8219435214996338,0.89725741147995,0,0,135,1,1,0.2605592753738165,5
one2one,5,35,0,overlap,5,5,5,35,5,5,0.8750826716423035,0.8910326957702637,0.9156303644180298,0.0,0.9155737161636353,1.5642353296279907,0.012653984129428864,0,5,5,0,0.011195097062800538,73,5,000000251140.jpg,3,3,0.8147229552268982,0.8869759440422058,0.9130062103271485,2,2,78,0,0,0.41485562520101665,5
one2one,1,7,0,overlap,1,1,1,7,1,1,0.980969250202179,0.980969250202179,0.980969250202179,0.0,0.1400620937347412,0.06335805356502533,0.004993839655071497,0,1,1,0,,0,1,000000252332.jpg,1,1,0.9809695482254028,0.9809695482254028,0.9809695482254028,0,0,1,0,0,0.9310325384140015,1
one2one,3,21,0,overlap,3,3,3,21,3,3,0.8471283117930094,0.8272870779037476,0.8825212240219116,0.0,1.1517831087112427,1.4609026908874512,0.028893984854221344,0,3,3,0,0.04802889894180668,39,3,000000253386.jpg,3,3,0.7980765302975973,0.8272875547409058,0.8825213193893433,0,0,42,0,0,0.4295673072338104,3
one2one,28,195,4,overlap,28,28,28,191,28,28,0.8068507574498653,0.8481608927249908,0.9540379464626312,0.0,1.1606285572052002,1.4666393995285034,0.006590943317860365,0,28,28,4,0.04807286188040145,276,28,000000253742.jpg,2,2,0.8282780200242996,0.8638738691806793,0.9584232628345489,19,17,300,7,5,0.44363986285558593,24
one2one,8,56,5,overlap,8,8,8,51,8,8,0.816031776368618,0.8720645606517792,0.9494269728660584,0.0,1.1935033798217773,1.5644413232803345,0.0076879048720002174,0,8,8,0,0.012594271051924231,193,8,000000255536.jpg,1,1,0.7132835164666176,0.6195182800292969,0.9494266450405121,5,5,201,2,2,0.3466088979039341,8
one2one,13,91,0,overlap,13,13,13,91,13,13,0.7126568945554587,0.676462709903717,0.8923567771911621,0.0,1.9904268980026245,2.1930429935455322,0.009300891309976578,0,13,13,1,0.016021727776306862,288,13,000000256407.jpg,1,0,0.6715987871090571,0.6371850967407227,0.8424254596233368,12,12,300,0,0,0.19112802252251035,12
one2one,1,7,0,overlap,1,1,1,7,1,1,0.7406935691833496,0.7406935691833496,0.7406935691833496,0.0,1.468733787536621,0.4857974052429199,0.025877270847558975,0,1,1,0,0.002626463999040425,25,1,000000259625.jpg,1,1,0.7406937479972839,0.7406937479972839,0.7406937479972839,0,0,26,0,0,0.9284216165542603,1
one2one,8,52,0,overlap,8,8,8,52,8,8,0.7546581476926804,0.797631025314331,0.8936893522739411,0.0,1.4171264171600342,1.1593629121780396,0.005072806961834431,0,8,8,1,0.023440476829654156,193,8,000000260266.jpg,0,0,0.7931206822395325,0.7871989011764526,0.8981248617172242,4,4,200,4,3,0.5992826484143734,7
one2one,3,21,0,overlap,3,3,3,21,3,3,0.7973771492640177,0.8009340167045593,0.8080160975456238,0.0,1.5438997745513916,1.220873236656189,0.005111965350806713,0,3,3,0,0.011150189803644888,177,3,000000262440.jpg,0,0,0.7073989113171896,0.8009340167045593,0.8080159068107605,1,1,180,2,2,0.44141798714796704,3
one2one,13,68,0,overlap,13,13,13,68,13,13,0.7113083555148199,0.7339228987693787,0.8846624493598938,0.0,1.9278203248977661,3.353433847427368,0.0071043530479073524,0,13,13,6,0.006912640386698989,168,13,000000262631.jpg,2,2,0.6403158392224994,0.6076101064682007,0.769221067428589,1,1,175,10,4,0.15510143713826047,7
one2one,2,14,0,overlap,2,2,2,14,2,2,0.9509046971797943,0.9509046971797943,0.9647244155406952,0.0,0.36613786220550537,0.23463165760040283,0.001947615877725184,0,2,2,0,0.004139854655867177,14,2,000000263403.jpg,0,0,0.9509040713310242,0.9509040713310242,0.9647240042686462,2,2,16,0,0,0.7347259819507599,2
one2one,7,33,0,overlap,7,7,7,33,7,7,0.6771422156265804,0.680013120174408,0.9506379842758179,0.0,1.7387323379516602,1.6462681293487549,0.006451073102653027,0,7,7,2,0.021590412160286964,295,7,000000263679.jpg,1,1,0.8116866230964661,0.898310124874115,0.95559743642807,2,2,300,4,2,0.6113111540675163,5
one2one,1,7,0,overlap,1,1,1,7,1,1,0.922288715839386,0.922288715839386,0.922288715839386,0.0,0.5394526720046997,0.30730873346328735,0.007688302081078291,0,1,1,0,0.004278239208935319,38,1,000000263796.jpg,1,1,0.9222885966300964,0.9222885966300964,0.9222885966300964,0,0,39,0,0,0.854095458984375,1
one2one,11,77,0,overlap,11,11,11,77,11,11,0.8271800117059187,0.8345845937728882,0.9301625490188599,0.0,1.249908447265625,2.7116973400115967,0.004354570526629686,0,11,11,1,0.03144603737043859,290,11,000000267933.jpg,0,0,0.8104703724384308,0.8106098175048828,0.930687689781189,0,0,300,11,10,0.03285048906691372,10
one2one,2,14,0,overlap,2,2,2,14,2,2,0.6684078574180603,0.6684078574180603,0.7698222041130066,0.0,2.3601012229919434,4.714958190917969,0.0322861410677433,0,2,2,1,0.004376197682826647,56,2,000000269314.jpg,1,1,0.541640043258667,0.541640043258667,0.541640043258667,1,0,57,0,0,0.001569691812619567,1
one2one,5,35,0,overlap,5,5,5,35,5,5,0.9216015815734864,0.9555206298828125,0.9789837598800659,0.0,0.5349408984184265,0.24668148159980774,0.005665804725140333,0,5,5,0,0.015407582678432976,35,5,000000269316.jpg,4,4,0.9216016411781311,0.955520510673523,0.9789839506149292,0,0,40,1,1,0.8595096349716187,5
one2one,2,14,0,overlap,2,2,2,14,2,2,0.9632646441459656,0.9632646441459656,0.9704797148704529,0.0,0.27589312195777893,0.36531710624694824,0.010811002925038338,0,2,2,0,0.006108178558910417,74,2,000000273642.jpg,2,2,0.9632645845413208,0.9632645845413208,0.9704796075820923,0,0,76,0,0,0.6925083696842194,2
one2one,2,14,0,overlap,2,2,2,14,2,2,0.9391220510005951,0.9391220510005951,0.9654463469982147,0.0,0.449277400970459,0.6237481236457825,0.006142369005829096,0,2,2,0,0.047607101616449654,17,2,000000274219.jpg,1,1,0.9193025231361389,0.9193025231361389,0.9614824414253235,1,1,19,0,0,0.8844534754753113,2
one2one,2,14,2,overlap,2,2,2,12,2,2,0.6877540946006775,0.6877540946006775,0.8225870490074157,0.0,2.0572407245635986,0.6215560436248779,0.04085908085107803,0,2,2,0,0.002826959037015008,9,2,000000275392.jpg,2,2,0.6877540946006775,0.6877540946006775,0.8225870490074157,0,0,11,0,0,0.8638009428977966,2
one2one,2,14,0,overlap,2,2,2,14,2,2,0.9554620087146759,0.9554620087146759,0.9647094786167145,0.0,0.333261638879776,0.17993292212486267,0.006364954635500908,0,2,2,0,0.008872338839864824,16,2,000000276921.jpg,2,2,0.9554619491100311,0.9554619491100311,0.9647094666957855,0,0,18,0,0,0.8738940060138702,2
one2one,2,14,0,overlap,2,2,2,14,2,2,0.6678986549377441,0.6678986549377441,0.6859940528869629,0.0,2.5359878540039062,2.450399160385132,0.06526743620634079,0,2,2,0,0.05332184198223764,21,2,000000277584.jpg,2,2,0.5747058093547821,0.5747058093547821,0.631164687871933,0,0,23,0,0,0.09080780483782291,2
one2one,6,42,0,overlap,6,6,6,42,6,6,0.912401000658671,0.9171647727489471,0.9770327806472778,0.0,0.6279143691062927,0.7020187973976135,0.0048522562719881535,0,6,6,0,0.01957049565456915,104,6,000000278705.jpg,4,4,0.9124010900656382,0.9171653091907501,0.9770327806472778,2,2,110,0,0,0.5427704825997353,6
one2one,7,49,1,overlap,7,7,7,48,7,7,0.9177726677485875,0.9432248473167419,0.9562346935272217,0.0,0.5926920175552368,1.2246317863464355,0.007949111983180046,0,7,7,0,0.012564319964801863,181,7,000000279730.jpg,4,4,0.8629022325788226,0.9432247281074524,0.9562347173690796,3,3,188,0,0,0.41945034744484083,7
one2one,21,132,2,overlap,21,21,21,130,21,21,0.7509532111386458,0.775327205657959,0.9357134103775024,0.0,1.4199345111846924,1.512376308441162,0.005425841547548771,0,21,21,5,0.024048524435655652,283,22,000000280710.jpg,4,4,0.7551797908895156,0.7299087643623352,0.9386168360710144,8,7,300,10,6,0.46540570683667765,17
one2one,23,161,0,overlap,23,23,23,161,23,23,0.8487362226714259,0.8865840435028076,0.9444543123245239,0.0,1.0160924196243286,1.036129117012024,0.009107410907745361,0,23,23,1,0.01199018925121858,278,23,000000280891.jpg,3,3,0.8257080560380762,0.8605756163597107,0.9416765332221985,20,19,300,0,0,0.29230350255966187,22
one2one,4,28,0,overlap,4,4,4,28,4,4,0.8724971562623978,0.8907816410064697,0.9246685862541199,0.0,0.9296958446502686,1.4614769220352173,0.005699231289327145,0,4,4,0,0.015159648185705437,102,4,000000283520.jpg,2,2,0.8078314512968063,0.8907815515995026,0.9246687114238739,0,0,106,2,2,0.6146334267687052,4
one2one,3,21,4,overlap,3,3,3,17,3,3,0.945724626382192,0.9452228546142578,0.9694924354553223,0.0,0.40310055017471313,2.9635424613952637,0.007056457921862602,0,3,3,0,0.007617177976147922,259,3,000000283717.jpg,3,3,0.8411637345949808,0.9183741807937622,0.9398531675338745,0,0,262,0,0,0.27267709622780484,3
one2one,4,28,0,overlap,4,4,4,28,4,4,0.9100367724895477,0.9227067828178406,0.9495956838130951,0.0,0.6624234318733215,1.1120686531066895,0.007964661344885826,0,4,4,0,0.015280875184260934,167,4,000000284106.jpg,2,2,0.9100368171930313,0.9227068722248077,0.9495956838130951,2,2,171,0,0,0.5504685277119279,4
one2one,13,77,2,overlap,13,13,13,75,13,13,0.7618160568750821,0.742535412311554,0.963622510433197,0.0,1.6053972244262695,1.459613561630249,0.0037347194738686085,0,13,13,1,0.014158735404230861,288,13,000000284725.jpg,2,2,0.7449400921662649,0.718130350112915,0.9655189633369445,1,1,300,10,9,0.3310905145481229,12
one2one,3,21,0,overlap,3,3,3,21,3,3,0.9042787353197733,0.8700010776519775,0.9656400203704834,0.0,0.6904357671737671,1.0080935955047607,0.004312077537178993,0,3,3,0,0.016130442419633656,154,3,000000285047.jpg,1,1,0.866307814915975,0.8700012564659119,0.9656400561332703,2,2,157,0,0,0.6386639177799225,3
one2one,4,28,0,overlap,4,4,4,28,4,4,0.8408918231725693,0.8326487839221954,0.9415862202644348,0.0,1.1295247077941895,2.636418342590332,0.006236792542040348,0,4,4,1,0.014827111871131966,31,4,000000285788.jpg,0,0,0.8636865615844727,0.8927899599075317,0.9485571146011352,3,3,34,1,0,0.35504820162896067,3
one2one,2,14,0,overlap,2,2,2,14,2,2,0.841440349817276,0.841440349817276,0.924055939912796,0.0,1.1096552610397339,1.1191304922103882,0.03986305743455887,0,2,2,0,0.012581213331681542,28,2,000000286660.jpg,2,2,0.748799592256546,0.748799592256546,0.9055279314517974,0,0,30,0,0,0.8387134671211243,2
one2one,4,28,0,overlap,4,4,4,28,4,4,0.9285053163766861,0.9482837617397308,0.9737580776214599,0.0,0.5156354904174805,0.3200076222419739,0.006101988255977631,0,4,4,0,0.012002108045163806,27,4,000000286849.jpg,3,3,0.9285050630569458,0.9482835233211517,0.9737576842308044,1,1,31,0,0,0.6697457879781723,4
one2one,19,127,11,overlap,19,19,19,116,19,19,0.7541479115423403,0.8588277697563171,0.9032342553138732,0.0,1.3820148706436157,1.6070289611816406,0.00796814076602459,0,19,19,6,0.01499439076275503,287,19,000000288584.jpg,3,3,0.8539664057584909,0.8848357796669006,0.9108738422393798,12,10,300,4,0,0.5898392538163955,13
one2one,22,150,2,overlap,22,22,22,148,22,22,0.7781133313070644,0.779635101556778,0.9243510901927948,0.0,1.5397543907165527,1.570600152015686,0.010215719230473042,0,22,22,3,0.026604363472313618,281,22,000000288685.jpg,4,4,0.7906484541140104,0.8024170994758606,0.9270874500274658,15,14,300,3,1,0.42217654231813195,19
one2one,15,105,0,overlap,15,15,15,105,15,15,0.7493674635887146,0.7435752153396606,0.8919759154319763,0.0,1.7100236415863037,1.9570772647857666,0.01065115351229906,0,15,15,2,0.016326917453834508,287,15,000000288762.jpg,2,1,0.7217769439403827,0.6831832528114319,0.9033538341522217,10,9,300,3,3,0.17037495834609637,13
one2one,38,236,7,overlap,38,38,38,229,38,38,0.7084421774274424,0.6984359920024872,0.9277361512184144,0.0,1.9213212728500366,1.7559365034103394,0.00742501113563776,0,38,38,12,0.03230110831885007,274,38,000000289741.jpg,3,3,0.7380863680289342,0.7246489226818085,0.9300260841846466,9,9,300,26,14,0.32096604422594494,26
one2one,13,91,2,overlap,13,13,13,89,13,13,0.8052720931860117,0.7750323414802551,0.926926326751709,0.0,1.4130011796951294,1.5196595191955566,0.020217904821038246,0,13,13,0,0.02429854020781374,287,13,000000290163.jpg,7,7,0.7244863005784842,0.7693038582801819,0.9028356432914734,4,4,300,2,2,0.3029421831911,13
one2one,7,49,5,overlap,7,7,7,44,7,7,0.6904621975762504,0.6739413738250732,0.854132616519928,0.0,2.143812894821167,1.3946092128753662,0.019123002886772156,0,7,7,0,0.011093626287459446,76,7,000000291551.jpg,2,2,0.6904623763901847,0.6739413738250732,0.8541332602500915,0,0,83,5,5,0.39353188446589876,7
one2one,13,76,3,overlap,13,13,13,73,13,13,0.7229781093505713,0.829848051071167,0.9440884590148926,0.0,1.5173368453979492,1.2204008102416992,0.0051587773486971855,0,13,13,2,0.02229434070435182,289,13,000000292997.jpg,3,3,0.7839531790126454,0.829848051071167,0.9504725337028503,3,3,300,7,5,0.4260213124481114,11
one2one,4,28,0,overlap,4,4,4,28,4,4,0.9638840854167938,0.9627737998962402,0.9825457632541656,0.0,0.26978209614753723,0.14334696531295776,0.0026453754398971796,0,4,4,0,0.0037303962744772434,61,4,000000293071.jpg,2,2,0.9638840705156326,0.9627737104892731,0.9825455963611602,2,2,65,0,0,0.8978976458311081,4
one2one,8,45,0,overlap,8,8,8,45,8,8,0.817888543009758,0.818986713886261,0.9575343668460846,0.0,1.239972710609436,0.7643163204193115,0.004329747520387173,0,8,8,1,0.014168275340798323,292,9,000000294695.jpg,1,1,0.8178887367248535,0.8189869225025177,0.9575338304042816,4,4,300,4,3,0.635775612667203,8
one2one,4,28,0,overlap,4,4,4,28,4,4,0.7909222915768623,0.8959197402000427,0.9664706766605378,0.0,1.0471264123916626,1.7935283184051514,0.010487368330359459,0,4,4,1,0.014519010736317985,145,4,000000295138.jpg,1,1,0.9182882706324259,0.919316828250885,0.9675296902656555,2,1,148,1,1,0.5559333752219876,3
one2one,8,56,0,overlap,8,8,8,56,8,8,0.8590740263462067,0.8938141465187073,0.9451206982135772,0.0,0.9924527406692505,1.5716067552566528,0.00808926485478878,0,8,8,1,0.009922633415065971,253,8,000000296222.jpg,2,2,0.8160726513181414,0.8963263034820557,0.9451226234436035,5,4,260,1,1,0.43985647761396,7
one2one,1,7,0,overlap,1,1,1,7,1,1,0.9338883757591248,0.9338883757591248,0.9338883757591248,0.0,0.4646826982498169,0.8899118304252625,0.017736859619617462,0,1,1,0,0.008817619047369118,135,1,000000298904.jpg,1,1,0.9338880777359009,0.9338880777359009,0.9338880777359009,0,0,136,0,0,0.8919270038604736,1
one2one,6,40,0,overlap,6,6,6,40,6,6,0.8522158861160278,0.8740670680999756,0.944016844034195,0.0,1.0433218479156494,2.0116360187530518,0.00505160354077816,0,6,6,0,0.00801799994470575,239,6,000000303908.jpg,2,2,0.7620718479156494,0.7789384126663208,0.9328153729438782,1,1,245,3,3,0.1926588729644815,6
one2one,2,14,0,overlap,2,2,2,14,2,2,0.818874716758728,0.818874716758728,0.925731110572815,0.0,1.1970583200454712,6.314159870147705,0.025773262605071068,0,2,2,1,0.14906284068890202,13,2,000000305343.jpg,2,1,0.9524452090263367,0.9524452090263367,0.9524452090263367,0,0,14,0,0,0.004991674795746803,1
one2one,7,49,1,overlap,7,7,7,48,7,7,0.7599079098020282,0.7795791625976562,0.8537262916564942,0.0,1.73978590965271,1.5407263040542603,0.008717617951333523,0,7,7,0,0.020029098806106416,138,7,000000306437.jpg,1,1,0.7471879805837359,0.7795791625976562,0.8537242531776429,4,4,145,2,2,0.32601129789171474,7
one2one,1,7,0,overlap,1,1,1,7,1,1,0.870392918586731,0.870392918586731,0.870392918586731,0.0,0.8495248556137085,0.23086249828338623,0.006573651451617479,0,1,1,0,0.0014863739876697462,9,1,000000308193.jpg,0,0,0.870392918586731,0.870392918586731,0.870392918586731,1,1,10,0,0,0.9340206980705261,1
one2one,20,139,0,overlap,20,20,20,139,20,20,0.8163206234574318,0.8146854341030121,0.954817271232605,0.0,1.2202423810958862,1.5808137655258179,0.007577157579362392,0,20,20,3,0.0117382328108269,283,20,000000308328.jpg,6,6,0.8219566730891957,0.9083742499351501,0.9577118754386902,10,9,300,4,2,0.3013447299736607,17
one2one,35,221,9,overlap,35,35,35,212,35,35,0.6858053997159004,0.6971829533576965,0.8827704668045044,0.0,2.0054941177368164,1.3748610019683838,0.004846076015383005,0,35,35,7,0.03251152051277185,272,35,000000309391.jpg,0,0,0.7215904678617205,0.7043232023715973,0.8975965440273285,5,5,300,30,23,0.34667695413476657,28
one2one,3,21,0,overlap,3,3,3,21,3,3,0.9379390676816305,0.9582921862602234,0.964724338054657,0.0,0.4601449966430664,1.3756260871887207,0.016679737716913223,0,3,3,0,0.010567709349083064,73,3,000000309678.jpg,3,3,0.9379390875498453,0.9582921862602234,0.964724338054657,0,0,76,0,0,0.29645829151074093,3
one2one,3,21,0,overlap,3,3,3,21,3,3,0.8836753765741984,0.9034454226493835,0.9301106333732605,0.0,0.849517285823822,1.7922813892364502,0.01370092760771513,0,3,3,0,0.003942342551954843,109,3,000000310862.jpg,2,2,0.7890426317850748,0.9034454822540283,0.9301106452941894,1,1,112,0,0,0.6196780065074563,3
one2one,1,7,0,overlap,1,1,1,7,1,1,0.8535768389701843,0.8535768389701843,0.8535768389701843,0.0,0.9506157636642456,0.5964994430541992,0.03115733712911606,0,1,1,0,0.007435328027765665,77,1,000000318908.jpg,1,1,0.8535768389701843,0.8535768389701843,0.8535768389701843,0,0,78,0,0,0.9376311302185059,1
one2one,10,65,0,overlap,10,10,10,65,10,10,0.7369515717029571,0.7473387718200684,0.8522603452205658,0.0,1.8701903820037842,2.607811689376831,0.009110900573432446,0,10,10,3,0.014331497410121581,293,10,000000319607.jpg,1,1,0.7350532753126962,0.7946323752403259,0.865975844860077,6,4,300,3,2,0.29144503003252403,7
one2one,5,35,0,overlap,5,5,5,35,5,5,0.8931664943695068,0.8630319833755493,0.9681237220764161,0.0,0.7748842835426331,1.943584680557251,0.004721782170236111,0,5,5,1,0.009354790246093285,134,5,000000319696.jpg,1,1,0.9007001370191574,0.9056183099746704,0.9703975141048431,3,3,138,1,0,0.3957875017076731,4
one2one,4,28,0,overlap,4,4,4,28,4,4,0.8716123104095459,0.9482080042362213,0.9637300670146942,0.0,0.783703088760376,0.6818555593490601,0.007063042372465134,0,4,4,0,0.011697093385108118,74,4,000000319721.jpg,2,2,0.8097096979618073,0.8244027495384216,0.9637301385402679,2,2,78,0,0,0.5972187705338001,4
one2one,6,42,5,overlap,6,6,6,37,6,6,0.8793834745883942,0.8782265782356262,0.9476990699768066,0.0,0.8762771487236023,1.713390827178955,0.019059155136346817,0,6,6,0,0.027081183111295103,90,6,000000320632.jpg,3,3,0.7931478321552277,0.8133922517299652,0.9476990103721619,3,3,96,0,0,0.34489592133710784,6
one2one,13,91,0,overlap,13,13,13,91,13,13,0.927884056017949,0.9446380138397217,0.9713706135749817,0.0,0.5228623747825623,0.8195455074310303,0.010069020092487335,0,13,13,0,0.005441291658527694,131,13,000000322211.jpg,12,12,0.8981323563135587,0.944637656211853,0.9713704228401184,1,1,144,0,0,0.3449568614506951,13
one2one,1,7,0,overlap,1,1,1,7,1,1,0.945590615272522,0.945590615272522,0.945590615272522,0.0,0.38674065470695496,0.7997725009918213,0.010164251551032066,0,1,1,0,0.045373284054221585,16,1,000000322829.jpg,1,1,0.945590615272522,0.945590615272522,0.945590615272522,0,0,17,0,0,0.9071431159973145,1
one2one,2,14,0,overlap,2,2,2,14,2,2,0.7418358325958252,0.7418358325958252,0.8576081752777099,0.0,1.7497881650924683,2.0441620349884033,0.039991773664951324,0,2,2,0,0.020277954864086234,69,2,000000322844.jpg,2,2,0.7041390240192413,0.7041390240192413,0.8500686705112457,0,0,71,0,0,0.2476647354196757,2
one2one,9,63,1,overlap,9,9,9,62,9,9,0.859657711452908,0.8968479633331299,0.9403105020523072,0.0,0.9774807691574097,2.0282464027404785,0.012756124138832092,0,9,9,1,0.01681161055688897,272,9,000000322959.jpg,8,8,0.7945186793804169,0.9044212400913239,0.9429131388664246,1,0,280,0,0,0.2466352638148237,8
one2one,5,35,1,overlap,5,5,5,34,5,5,0.8533811807632447,0.8803279399871826,0.9399292945861817,0.0,1.041768193244934,1.6214932203292847,0.00505842175334692,0,5,5,0,0.015070827413749483,175,5,000000323571.jpg,0,0,0.7136951327323914,0.7145735025405884,0.8388046145439148,5,5,180,0,0,0.3846455454826355,5
one2one,16,112,5,overlap,16,16,16,107,16,16,0.8290082439780235,0.833622395992279,0.9683176279067993,0.0,1.1469497680664062,0.8531056046485901,0.008614598773419857,0,16,16,2,0.016789598692146062,164,16,000000323799.jpg,9,9,0.8601805482591901,0.8528145551681519,0.9684840679168701,4,2,178,3,3,0.7132323724882943,14
one2one,2,14,0,overlap,2,2,2,14,2,2,0.8911552131175995,0.8911552131175995,0.9524846494197845,0.0,0.7748508453369141,0.3898991048336029,0.005774587392807007,0,2,2,0,0.021417036635318288,27,2,000000325991.jpg,1,1,0.8911543786525726,0.8911543786525726,0.9524843871593476,0,0,29,1,1,0.8264735639095306,2
one2one,2,14,0,overlap,2,2,2,14,2,2,0.8541748225688934,0.8541748225688934,0.9416506707668304,0.0,1.008771538734436,1.1228028535842896,0.02961651049554348,0,2,2,0,0.013451521105996175,41,2,000000326462.jpg,2,2,0.8541750311851501,0.8541750311851501,0.9416507124900818,0,0,43,0,0,0.3741026818752289,2
one2one,2,14,0,overlap,2,2,2,14,2,2,0.8439673781394958,0.8439673781394958,0.8554082751274109,0.0,1.1719831228256226,0.3486393094062805,0.019110368564724922,0,2,2,0,0.00954478172670034,22,2,000000327617.jpg,2,2,0.8439670205116272,0.8439670205116272,0.855407965183258,0,0,24,0,0,0.8638729155063629,2
one2one,3,21,0,overlap,3,3,3,21,3,3,0.9412450989087423,0.9624249339103699,0.9737335085868836,0.0,0.42802977561950684,0.16931234300136566,0.004011592362076044,0,3,3,0,0.005717256828896044,34,3,000000328601.jpg,1,1,0.9412451783816019,0.9624249339103699,0.9737336993217468,2,2,37,0,0,0.8963967760403951,3
one2one,9,63,8,overlap,9,9,9,55,9,9,0.851212826040056,0.9281341433525085,0.962485671043396,0.0,0.9535239934921265,1.5048847198486328,0.010905059054493904,0,9,9,1,0.011775877325335495,251,9,000000329456.jpg,4,4,0.7875562608242035,0.9032432734966278,0.9634784281253814,5,4,259,0,0,0.5014478289522231,8
one2one,2,14,0,overlap,2,2,2,14,2,2,0.8673054575920105,0.8673054575920105,0.9095197081565857,0.0,0.9842035174369812,2.3367319107055664,0.023757394403219223,0,2,2,0,0.025574199249967934,20,2,000000331352.jpg,2,2,0.7263225018978119,0.7263225018978119,0.881323117017746,0,0,22,0,0,0.4674106054008007,2
one2one,9,63,0,overlap,9,9,9,63,9,9,0.8337000277307298,0.8245357871055603,0.9307918071746826,0.0,1.1958342790603638,2.4374704360961914,0.004937281832098961,0,9,9,0,0.015401292574684746,291,9,000000332901.jpg,2,2,0.8200790815883212,0.8245350122451782,0.9307918071746826,2,2,300,5,5,0.17362664844323364,9
one2one,2,14,0,overlap,2,2,2,14,2,2,0.7727508544921875,0.7727508544921875,0.8053665637969971,0.0,1.7103837728500366,0.43701794743537903,0.031056320294737816,0,2,2,0,0.004669270791614858,13,2,000000333069.jpg,2,2,0.7727508246898651,0.7727508246898651,0.8053665578365325,0,0,15,0,0,0.8797299563884735,2
one2one,1,7,0,overlap,1,1,1,7,1,1,0.9399804472923279,0.9399804472923279,0.9399804472923279,0.0,0.4234224855899811,0.610020101070404,0.006507136858999729,0,1,1,0,0.0074040816243117055,45,1,000000335800.jpg,1,1,0.9399804472923279,0.9399804472923279,0.9399804472923279,0,0,46,0,0,0.45717933773994446,1
one2one,3,21,0,overlap,3,3,3,21,3,3,0.9054524898529053,0.9617266058921814,0.9656596541404724,0.0,0.6572475433349609,1.9955894947052002,0.019443150609731674,0,3,3,1,0.009144545416932683,199,3,000000335954.jpg,3,2,0.9641847610473633,0.9641847610473633,0.9661512851715088,0,0,201,0,0,0.8424280881881714,2
one2one,25,163,18,overlap,25,25,25,145,25,25,0.7718076699972153,0.8670811653137207,0.9455855488777161,0.0,1.2825976610183716,2.106981039047241,0.008493711240589619,0,25,25,4,0.03539067763654936,279,25,000000336053.jpg,6,6,0.7775606654939198,0.7889059782028198,0.9579748511314392,12,12,300,7,3,0.39833557911749395,21
one2one,2,12,0,overlap,2,2,2,12,2,2,0.8084177076816559,0.8084177076816559,0.901768809556961,0.0,1.3146964311599731,0.4876679480075836,0.003061666153371334,0,2,2,0,0.006520939929495481,55,2,000000336265.jpg,0,0,0.8084183037281036,0.8084183037281036,0.9017693102359772,1,1,57,1,1,0.8737258911132812,2
one2one,13,91,11,overlap,13,13,13,80,13,13,0.8816489806542029,0.9019516110420227,0.9474656581878662,0.0,0.8527364134788513,1.4795557260513306,0.008879395201802254,0,13,13,1,0.01334159020367046,143,13,000000341469.jpg,6,5,0.8627641995747884,0.9005306661128998,0.943979024887085,7,7,155,0,0,0.42955720719570917,12
one2one,11,77,4,overlap,11,11,11,73,11,11,0.8124385150996122,0.822304368019104,0.9238386154174805,0.0,1.3250242471694946,2.727001905441284,0.014731298200786114,0,11,11,2,0.01650400580142231,291,11,000000345361.jpg,3,2,0.7529464099142287,0.7998623847961426,0.9305359959602356,1,0,300,7,7,0.3147145272491293,9
one2one,2,14,0,overlap,2,2,2,14,2,2,0.9649734795093536,0.9649734795093536,0.9720682680606842,0.0,0.2621472477912903,0.3807593286037445,0.0031484670471400023,0,2,2,0,0.005350761767775298,156,2,000000349302.jpg,2,2,0.9649738371372223,0.9649738371372223,0.9720683395862579,0,0,158,0,0,0.951768159866333,2
one2one,6,34,2,overlap,6,6,6,32,6,6,0.7104259307185808,0.7145922183990479,0.9596067368984222,0.0,1.5432112216949463,2.1081414222717285,0.003716333769261837,0,6,6,2,0.016806852001334645,180,6,000000350003.jpg,0,0,0.8275800049304962,0.825580894947052,0.9662146449089051,2,2,184,4,2,0.4865514738485217,4
one2one,1,7,0,overlap,1,1,1,7,1,1,0.8844321370124817,0.8844321370124817,0.8844321370124817,0.0,0.7684615850448608,2.121471405029297,0.008307816460728645,0,1,1,0,0.01961679116959266,58,1,000000355677.jpg,1,1,0.7413457036018372,0.7413457036018372,0.7413457036018372,0,0,59,0,0,0.08092447370290756,1
one2one,14,87,2,overlap,14,14,14,85,14,14,0.7797860481909343,0.8359371721744537,0.9665774166584015,0.0,1.3795408010482788,1.5670453310012817,0.004969246685504913,0,14,14,4,0.008620338546963216,290,14,000000357978.jpg,2,2,0.8044679462909698,0.8481341898441315,0.9672871232032776,4,4,300,8,4,0.44252682887017725,10
one2one,2,14,0,overlap,2,2,2,14,2,2,0.9538253247737885,0.9538253247737885,0.9570161521434783,0.0,0.3467163145542145,0.14846396446228027,0.0045741586945950985,0,2,2,0,0.004826263537526959,9,2,000000358195.jpg,1,1,0.9538252651691437,0.9538252651691437,0.9570161402225494,1,1,11,0,0,0.8893144726753235,2
one2one,3,21,0,overlap,3,3,3,21,3,3,0.6101293166478475,0.4858701527118683,0.8627783358097076,0.0,2.2014122009277344,0.6055498719215393,0.05163195729255676,0,3,3,0,0.0156243158653524,64,3,000000358427.jpg,3,3,0.6804617842038473,0.5468016266822815,0.8749647736549377,0,0,67,0,0,0.2929108931372563,3
one2one,6,42,1,overlap,6,6,6,41,6,6,0.7571633557478586,0.8355672955513,0.9067651629447937,0.0,1.571984887123108,2.34002947807312,0.030859043821692467,0,6,6,1,0.019801855593982894,295,6,000000358923.jpg,5,4,0.7538765907287598,0.8535022139549255,0.9108417868614197,1,1,300,0,0,0.4004387910477817,5
one2one,2,14,0,overlap,2,2,2,14,2,2,0.7858872711658478,0.7858872711658478,0.789147573709488,0.0,1.647852897644043,0.7858229875564575,0.06255386024713516,0,2,2,0,0.008561498764902354,10,2,000000359135.jpg,2,2,0.7858872413635254,0.7858872413635254,0.7891475677490234,0,0,12,0,0,0.4940653182566166,2
one2one,2,14,0,overlap,2,2,2,14,2,2,0.8886244595050812,0.8886244595050812,0.8944454252719879,0.0,0.8397806882858276,0.8081400990486145,0.0025478247553110123,0,2,2,0,0.006737636111211032,80,2,000000359677.jpg,0,0,0.8752513825893402,0.8752513825893402,0.8801293075084686,1,1,82,1,1,0.49137159436941147,2
one2one,10,70,1,overlap,10,10,10,69,10,10,0.726577752828598,0.7195391058921814,0.892967939376831,0.0,1.903656005859375,1.9375622272491455,0.03376338630914688,0,10,10,0,0.00933339517103576,247,10,000000361238.jpg,5,5,0.7121732056140899,0.719539225101471,0.8813507795333863,5,5,257,0,0,0.38871137941023337,10
one2one,15,105,0,overlap,15,15,15,105,15,15,0.87886088291804,0.904779314994812,0.9601811766624451,0.0,0.840179979801178,0.6659108996391296,0.00905651692301035,0,15,15,0,0.02565230370433008,197,15,000000364322.jpg,7,7,0.8575930714607238,0.9047793745994568,0.9601811051368714,8,8,212,0,0,0.647314541041851,15
one2one,2,14,0,overlap,2,2,2,14,2,2,0.8126944303512573,0.8126944303512573,0.9105671644210815,0.0,1.2746589183807373,0.35587242245674133,0.019429035484790802,0,2,2,0,0.0029352541647053192,7,2,000000367818.jpg,2,2,0.8126944303512573,0.8126944303512573,0.9105671644210815,0,0,9,0,0,0.9303823709487915,2
one2one,11,77,4,overlap,11,11,11,73,11,11,0.8004531047560952,0.827522873878479,0.9711438417434692,0.0,1.3069510459899902,1.9866012334823608,0.007533174939453602,0,11,11,0,0.015712835711981316,289,11,000000368684.jpg,5,5,0.7768312584270131,0.7481711506843567,0.9711434245109558,2,2,300,4,4,0.2901763829656623,11
one2one,7,49,3,overlap,7,7,7,46,7,7,0.8299336859158107,0.8001353144645691,0.9285803079605103,0.0,1.2270768880844116,1.456428050994873,0.017690084874629974,0,7,7,0,0.011344031285261735,152,7,000000369370.jpg,4,4,0.8299336688859122,0.8001353144645691,0.9285804867744446,3,3,159,0,0,0.40240144027796176,7
one2one,5,35,0,overlap,5,5,5,35,5,5,0.9309147357940674,0.9405319690704346,0.9496068954467773,0.0,0.5125597715377808,1.713537573814392,0.005338299088180065,0,5,5,0,0.01886088089355123,251,5,000000369757.jpg,2,2,0.877753758430481,0.9404088258743286,0.9496068954467773,3,3,256,0,0,0.5790758488001302,5
one2one,19,133,2,overlap,19,19,19,131,19,19,0.8184581398963928,0.8321788311004639,0.9501221776008606,0.0,1.2361918687820435,1.7282283306121826,0.008840816095471382,0,19,19,4,0.018920257010317423,285,19,000000370486.jpg,9,9,0.8218205809593201,0.8321788311004639,0.9597644448280335,5,4,300,5,2,0.4311956960087021,15
one2one,2,14,0,overlap,2,2,2,14,2,2,0.8287781178951263,0.8287781178951263,0.8887814700603485,0.0,1.250034213066101,1.1355576515197754,0.02005266770720482,0,2,2,0,0.01154302979022803,83,2,000000370813.jpg,2,2,0.8287781178951263,0.8287781178951263,0.8887814700603485,0,0,85,0,0,0.33114130049943924,2
one2one,1,7,0,overlap,1,1,1,7,1,1,0.9869177341461182,0.9869177341461182,0.9869177341461182,0.0,0.09692613035440445,0.6635834574699402,0.0014861924573779106,0,1,1,0,0.025769230372344073,26,1,000000372718.jpg,1,1,0.9869178533554077,0.9869178533554077,0.9869178533554077,0,0,27,0,0,0.7017699480056763,1
one2one,7,47,0,overlap,7,7,7,47,7,7,0.8656606078147888,0.9064411520957947,0.9571368813514709,0.0,0.8865954279899597,0.49219322204589844,0.004155402071774006,0,7,7,0,0.00972816457623522,139,7,000000373705.jpg,1,1,0.8577040689332145,0.9064411520957947,0.9571370005607605,4,4,146,2,2,0.7227110798869815,7
one2one,8,56,3,overlap,8,8,8,53,8,8,0.7970521152019501,0.7901034355163574,0.9136037707328797,0.0,1.4517265558242798,1.8078587055206299,0.021366378292441368,0,8,8,1,0.005475174900516145,258,8,000000374083.jpg,5,4,0.7160223126411438,0.7640530467033386,0.9144218325614929,2,2,265,1,1,0.4460323473571667,7
one2one,4,28,0,overlap,4,4,4,28,4,4,0.8185336738824844,0.8726441562175751,0.94198037981987,0.0,1.1910778284072876,1.4000290632247925,0.010563823394477367,0,4,4,1,0.006676539033651352,15,4,000000375469.jpg,0,0,0.8979970812797546,0.9262941479682922,0.9442211747169494,3,3,18,1,0,0.6921412348747253,3
one2one,7,47,0,overlap,7,7,7,47,7,7,0.7620103274072919,0.8049236536026001,0.8583253026008606,0.0,1.687117338180542,2.4015541076660156,0.010082252323627472,0,7,7,1,0.017092740345767445,88,7,000000375493.jpg,2,2,0.7104161580403646,0.7557624578475952,0.8584533631801605,2,2,94,3,2,0.3002592314345141,6
one2one,3,21,0,overlap,3,3,3,21,3,3,0.8700587352116903,0.90626460313797,0.9373626351356507,0.0,0.9409724473953247,0.5005754828453064,0.02552364021539688,0,3,3,0,0.016065774263221432,22,3,000000376278.jpg,2,2,0.870058000087738,0.9062623977661133,0.9373621940612793,1,1,25,0,0,0.6607737342516581,3
one2one,1,7,0,overlap,1,1,1,7,1,1,0.8883880972862244,0.8883880972862244,0.8883880972862244,0.0,0.7480239272117615,0.3647367060184479,0.031167417764663696,0,1,1,0,0.006170412081431736,27,1,000000377000.jpg,1,1,0.8883880972862244,0.8883880972862244,0.8883880972862244,0,0,28,0,0,0.7212485671043396,1
one2one,2,14,0,overlap,2,2,2,14,2,2,0.9223411977291107,0.9223411977291107,0.9351011931896209,0.0,0.5807992815971375,0.9647922515869141,0.013736499473452568,0,2,2,0,0.0235146694825604,26,2,000000377575.jpg,2,2,0.9223413169384003,0.9223413169384003,0.9351014077663422,0,0,28,0,0,0.261640727519989,2
one2one,6,42,0,overlap,6,6,6,42,6,6,0.940872977177302,0.9377857148647308,0.9778248071670532,0.0,0.43700242042541504,0.2000809907913208,0.006900620646774769,0,6,6,0,0.009653909400535317,26,6,000000377814.jpg,6,6,0.9408728778362274,0.9377856254577637,0.9778245985507965,0,0,32,0,0,0.842223733663559,6
one2one,2,14,0,overlap,2,2,2,14,2,2,0.9714930057525635,0.9714930057525635,0.9758454322814941,0.0,0.21368028223514557,0.15798626840114594,0.0018964398186653852,0,2,2,0,0.012643403611550837,23,2,000000378454.jpg,1,1,0.9714925587177277,0.9714925587177277,0.975845342874527,1,1,25,0,0,0.9429901838302612,2
one2one,19,125,1,overlap,19,19,19,124,19,19,0.7274450722493624,0.7632012367248535,0.9275176644325256,0.0,1.7500816583633423,1.832481861114502,0.003965815994888544,0,19,19,2,0.028360937003790016,283,19,000000378673.jpg,1,1,0.7087414475048289,0.6839555501937866,0.9021374106407166,1,1,300,17,15,0.20665240548003247,17
one2one,1,7,0,overlap,1,1,1,7,1,1,0.9823212623596191,0.9823212623596191,0.9823212623596191,0.0,0.13031893968582153,0.08381851017475128,0.0040293666534125805,0,1,1,0,0.003950564237311482,5,1,000000380203.jpg,1,1,0.9823215007781982,0.9823215007781982,0.9823215007781982,0,0,6,0,0,0.9159824252128601,1
one2one,4,28,0,overlap,4,4,4,28,4,4,0.8868391215801239,0.9240528047084808,0.9425659596920013,0.0,0.8095047473907471,1.3750826120376587,0.0038307001814246178,0,4,4,0,0.014492452217248875,109,4,000000383606.jpg,1,1,0.8868387043476105,0.924051433801651,0.9425660312175751,1,1,113,2,2,0.37114583305083215,4
one2one,1,7,0,overlap,1,1,1,7,1,1,0.9740900993347168,0.9740900993347168,0.9740900993347168,0.0,0.18932026624679565,1.0007190704345703,0.00399694312363863,0,1,1,0,0.035128070574225574,33,1,000000386277.jpg,1,1,0.9740900993347168,0.9740900993347168,0.9740900993347168,0,0,34,0,0,0.5871288776397705,1
one2one,4,28,0,overlap,4,4,4,28,4,4,0.8200665265321732,0.9169451594352722,0.9252181708812713,0.0,1.0850791931152344,1.6056476831436157,0.013046883046627045,0,4,4,1,0.013318681760368444,127,4,000000389812.jpg,2,2,0.7862561742464701,0.9123927354812622,0.9239287137985229,2,1,130,0,0,0.6219799170891444,3
one2one,1,7,0,overlap,1,1,1,7,1,1,0.9537581205368042,0.9537581205368042,0.9537581205368042,0.0,0.3322758376598358,0.1486547291278839,0.006618322804570198,0,1,1,0,0.003087464518929747,11,1,000000394328.jpg,1,1,0.9537581205368042,0.9537581205368042,0.9537581205368042,0,0,12,0,0,0.9392054080963135,1
one2one,12,84,0,overlap,12,12,12,84,12,12,0.8291768034299215,0.8667868077754974,0.9663510978221893,0.0,1.1633294820785522,1.5415030717849731,0.016988802701234818,0,12,12,0,0.00994189124159877,288,12,000000394677.jpg,5,5,0.7933220962683359,0.8667868971824646,0.9663515269756318,6,6,300,1,1,0.32545074389781803,12
one2one,14,92,0,overlap,14,14,14,92,14,14,0.8015769464629037,0.8269193470478058,0.9101430892944337,0.0,1.4046728610992432,1.5789161920547485,0.004541896283626556,0,14,14,1,0.019445807481580497,287,14,000000396200.jpg,2,2,0.7762954464325538,0.8255591988563538,0.8732152223587036,1,1,300,11,10,0.3839700435503171,13
one2one,3,18,0,overlap,3,3,3,18,3,3,0.8208104372024536,0.8732947707176208,0.9660513758659363,0.0,1.1115913391113281,3.4052350521087646,0.00365841924212873,0,3,3,2,0.15349799450874949,6,3,000000397279.jpg,1,1,0.989240288734436,0.989240288734436,0.989240288734436,1,0,7,1,0,0.9544272422790527,1
one2one,5,35,0,overlap,5,5,5,35,5,5,0.8154633998870849,0.8831260800361633,0.9455355525016784,0.0,1.178304672241211,4.142073154449463,0.022473761811852455,0,5,5,3,0.026226253544895405,57,5,000000398237.jpg,2,1,0.833820253610611,0.833820253610611,0.8732649147510528,3,1,59,0,0,0.46150041732471436,2
one2one,16,99,4,overlap,16,16,16,95,16,16,0.7627348778769374,0.8514981865882874,0.93707674741745,0.0,1.3548362255096436,0.9406164288520813,0.007387535646557808,0,16,16,1,0.017262508856590118,285,16,000000399205.jpg,5,5,0.7959873239199321,0.8740598559379578,0.9371273994445801,4,4,300,7,6,0.5183407865775128,15
one2one,2,14,0,overlap,2,2,2,14,2,2,0.944703072309494,0.944703072309494,0.9668754994869232,0.0,0.40997081995010376,0.13236881792545319,0.0033431281335651875,0,2,2,0,0.005384068423882127,5,2,000000401244.jpg,1,1,0.9447032511234283,0.9447032511234283,0.96687553524971,1,1,7,0,0,0.900970846414566,2
one2one,2,14,1,overlap,2,2,2,13,2,2,0.9190489947795868,0.9190489947795868,0.930822366476059,0.0,0.6097362041473389,0.2861390709877014,0.01927138864994049,0,2,2,0,0.007695251819677651,15,2,000000402473.jpg,2,2,0.9190489649772644,0.9190489649772644,0.9308223128318787,0,0,17,0,0,0.6913586556911469,2
one2one,2,14,0,overlap,2,2,2,14,2,2,0.9430018365383148,0.9430018365383148,0.9539272964000702,0.0,0.4278724491596222,0.18637880682945251,0.010092036798596382,0,2,2,0,0.0051392052814157475,27,2,000000403353.jpg,2,2,0.9430020749568939,0.9430020749568939,0.9539275825023651,0,0,29,0,0,0.8942131400108337,2
one2one,3,21,0,overlap,3,3,3,21,3,3,0.801521897315979,0.8185969591140747,0.9389812231063843,0.0,1.3067163228988647,1.7060567140579224,0.017307812348008156,0,3,3,1,0.007148814753715047,76,3,000000403565.jpg,2,2,0.8938371241092682,0.8938371241092682,0.954029256105423,1,0,78,0,0,0.8167121410369873,2
one2one,1,7,0,overlap,1,1,1,7,1,1,0.5598941445350647,0.5598941445350647,0.5598941445350647,0.0,1.862321376800537,1.0382262468338013,0.003962988033890724,0,1,1,0,0.009234557144327072,111,1,000000404534.jpg,0,0,0.5598941445350647,0.5598941445350647,0.5598941445350647,0,0,112,1,1,0.28056225180625916,1
one2one,5,35,1,overlap,5,5,5,34,5,5,0.8360813856124878,0.8528586030006409,0.933190643787384,0.0,1.1670020818710327,1.739878535270691,0.011721134185791016,0,5,5,0,0.01037398473856876,295,5,000000404839.jpg,2,2,0.8360815167427063,0.8528586030006409,0.933190643787384,2,2,300,1,1,0.3698821091093123,5
one2one,1,7,0,overlap,1,1,1,7,1,1,0.8718958497047424,0.8718958497047424,0.8718958497047424,0.0,0.8427065014839172,0.2672591507434845,0.015700535848736763,0,1,1,0,0.003031932562589645,30,1,000000407518.jpg,1,1,0.8718964457511902,0.8718964457511902,0.8718964457511902,0,0,31,0,0,0.8964533805847168,1
one2one,2,14,0,overlap,2,2,2,14,2,2,0.8546156287193298,0.8546156287193298,0.9060529112815857,0.0,1.0704809427261353,1.1098909378051758,0.019217774271965027,0,2,2,0,0.008129130068342559,26,2,000000409358.jpg,2,2,0.8546153903007507,0.8546153903007507,0.9060524821281433,0,0,28,0,0,0.4336822498589754,2
one2one,1,7,0,overlap,1,1,1,7,1,1,0.8696693181991577,0.8696693181991577,0.8696693181991577,0.0,0.8596771359443665,0.6217674016952515,0.027678146958351135,0,1,1,0,0.01170878703016098,54,1,000000410487.jpg,1,1,0.869669497013092,0.869669497013092,0.869669497013092,0,0,55,0,0,0.7545292377471924,1
one2one,17,114,3,overlap,17,17,17,111,17,17,0.7730916107402128,0.8215910792350769,0.9356086730957032,0.0,1.4792684316635132,1.2840583324432373,0.009083667770028114,0,17,17,3,0.020030831019870344,176,17,000000410496.jpg,2,2,0.8150438581194196,0.8627683818340302,0.9360685646533966,12,11,190,3,1,0.4633978152082169,14
one2one,7,41,0,overlap,7,7,7,41,7,7,0.7145580053329468,0.7543948292732239,0.9391508817672729,0.0,1.709428071975708,1.0214825868606567,0.004835724830627441,0,7,7,2,0.01121976547498977,155,7,000000414133.jpg,1,1,0.8325323104858399,0.8558955192565918,0.9413965940475464,2,2,160,4,2,0.6548591911792755,5
one2one,6,42,0,overlap,6,6,6,42,6,6,0.9207971096038818,0.9226061403751373,0.9763226211071014,0.0,0.5742837190628052,0.3512677550315857,0.0076771629974246025,0,6,6,0,0.013722699792276177,92,6,000000414638.jpg,6,6,0.9207973678906759,0.9226066470146179,0.9763226211071014,0,0,98,0,0,0.7423026959101359,6
one2one,20,140,0,overlap,20,20,20,140,20,20,0.8937307327985764,0.926342248916626,0.9614192366600036,0.0,0.7554329633712769,0.9965382218360901,0.004595225676894188,0,20,20,0,0.04829107169685553,280,20,000000414795.jpg,6,6,0.8918234795331955,0.9263423383235931,0.9614195168018341,11,11,300,3,3,0.5507536843419075,20
one2one,3,21,0,overlap,3,3,3,21,3,3,0.8004460533459982,0.7956061363220215,0.8703643321990967,0.0,1.4657312631607056,1.2313112020492554,0.02050471492111683,0,3,3,0,0.012584341827234061,145,3,000000416256.jpg,2,2,0.8004461725552877,0.7956064939498901,0.8703644037246704,1,1,148,0,0,0.4813949366410573,3
one2one,38,235,13,overlap,38,38,38,221,38,38,0.49250737263968114,0.5028565227985382,0.8398465871810913,0.0,2.774219036102295,2.2114298343658447,0.008016375824809074,0,38,38,20,0.0457982692788256,282,38,000000416991.jpg,0,0,0.6804229882028368,0.6781751811504364,0.8398476481437683,5,5,300,33,13,0.12702378878990808,18
one2one,1,7,0,overlap,1,1,1,7,1,1,0.9920595288276672,0.9920595288276672,0.9920595288276672,0.0,0.0590885691344738,0.04123587906360626,0.002199506852775812,0,1,1,0,,0,1,000000420230.jpg,1,1,0.9920595288276672,0.9920595288276672,0.9920595288276672,0,0,1,0,0,0.9573017954826355,1
one2one,4,28,0,overlap,4,4,4,28,4,4,0.9295105785131454,0.939501166343689,0.9580237448215485,0.0,0.5218281745910645,0.7542245984077454,0.007161066867411137,0,4,4,0,0.013227302842584533,69,4,000000420281.jpg,2,2,0.8818652480840683,0.9395010471343994,0.9580237448215485,2,2,73,0,0,0.5033018607646227,4
one2one,5,35,1,overlap,5,5,5,34,5,5,0.8256863117218017,0.8816550374031067,0.9270991444587707,0.0,1.2176358699798584,1.8890315294265747,0.025039365515112877,0,5,5,0,0.013127514132284523,133,5,000000421455.jpg,4,4,0.8256865501403808,0.881655216217041,0.9270994305610657,0,0,138,1,1,0.06388738714158534,5
one2one,6,36,4,overlap,6,6,6,32,6,6,0.7033216605583826,0.8256026804447174,0.9594496786594391,0.0,1.3465269804000854,2.1455328464508057,0.012979269027709961,0,6,6,2,0.01764030327272772,142,6,000000422706.jpg,4,4,0.8076183050870895,0.8348122835159302,0.9707279026508331,1,0,146,1,0,0.22415369655936956,4
one2one,2,14,0,overlap,2,2,2,14,2,2,0.932926207780838,0.932926207780838,0.9485216677188874,0.0,0.5004132986068726,0.7731921076774597,0.0028553905431181192,0,2,2,0,0.008403079215699591,181,2,000000423104.jpg,1,1,0.9329254627227783,0.9329254627227783,0.9485211849212647,0,0,183,1,1,0.6641872078180313,2
one2one,1,7,0,overlap,1,1,1,7,1,1,0.9726834893226624,0.9726834893226624,0.9726834893226624,0.0,0.1995905339717865,0.2096354365348816,0.006439839489758015,0,1,1,0,0.01720181104194905,14,1,000000424776.jpg,1,1,0.9726834893226624,0.9726834893226624,0.9726834893226624,0,0,15,0,0,0.9450638890266418,1
one2one,4,28,0,overlap,4,4,4,28,4,4,0.7839671969413757,0.7782948613166809,0.8947213351726532,0.0,1.529667615890503,2.380106210708618,0.005868046544492245,0,4,4,1,0.003888503296884319,158,4,000000424975.jpg,0,0,0.6945311427116394,0.6726497411727905,0.8598334074020386,3,2,161,1,1,0.5794833501180013,3
one2one,2,14,0,overlap,2,2,2,14,2,2,0.8446327447891235,0.8446327447891235,0.9009590864181518,0.0,1.1239832639694214,0.31133827567100525,0.006134040653705597,0,2,2,0,0.007924740351477845,18,2,000000425702.jpg,0,0,0.8446328043937683,0.8446328043937683,0.9009591937065125,2,2,20,0,0,0.8839549124240875,2
one2one,14,98,0,overlap,14,14,14,98,14,14,0.7610562316008976,0.777752697467804,0.8772809386253357,0.0,1.7203549146652222,1.5322309732437134,0.009914220310747623,0,14,14,0,0.01708463261065145,286,14,000000425906.jpg,1,1,0.7139063264642443,0.7129471600055695,0.8772811472415925,9,9,300,4,4,0.2664910113006564,14
one2one,2,14,0,overlap,2,2,2,14,2,2,0.9353747963905334,0.9353747963905334,0.9616379857063293,0.0,0.47683635354042053,0.9325674176216125,0.005528748966753483,0,2,2,0,0.014931490021159075,98,2,000000426253.jpg,1,1,0.9353754222393036,0.9353754222393036,0.9616381108760834,1,1,100,0,0,0.6271174997091293,2
one2one,5,35,2,overlap,5,5,5,33,5,5,0.8539332628250123,0.8756661415100098,0.8917853474617005,0.0,1.084720492362976,2.443039894104004,0.018490314483642578,0,5,5,1,0.015389918803170421,153,5,000000427034.jpg,3,3,0.876767173409462,0.8773956596851349,0.8938954293727874,1,1,157,1,0,0.26199942064704373,4
one2one,2,14,0,overlap,2,2,2,14,2,2,0.6880681067705154,0.6880681067705154,0.9155010133981705,0.0,1.4574817419052124,0.9586498141288757,0.016574088484048843,0,2,2,1,0.010174798662774265,42,2,000000427077.jpg,1,1,0.9723588824272156,0.9723588824272156,0.9723588824272156,1,0,43,0,0,0.9371107816696167,1
one2one,4,25,0,overlap,4,4,4,25,4,4,0.6659553218632936,0.7932612001895905,0.9576090693473815,0.0,1.0735150575637817,2.057194471359253,0.005426211282610893,0,4,4,2,0.01367594560745621,139,4,000000429011.jpg,2,2,0.9530044198036194,0.9530044198036194,0.9622137188911438,0,0,141,2,0,0.3858901262283325,2
one2one,18,119,7,overlap,18,18,18,112,18,18,0.7391139583455192,0.770020067691803,0.8544785797595977,0.0,1.7651642560958862,3.186450481414795,0.009194200858473778,0,18,18,5,0.022721737295467056,287,18,000000429281.jpg,2,2,0.7091953204228327,0.7337822914123535,0.8776591897010804,3,2,300,13,9,0.11176267284183548,13
one2one,4,28,0,overlap,4,4,4,28,4,4,0.9479575157165527,0.9562111496925354,0.9779365122318268,0.0,0.3826640844345093,1.1367390155792236,0.006627365481108427,0,4,4,0,0.022765479690860957,28,4,000000429623.jpg,4,4,0.9479573965072632,0.9562111496925354,0.9779363453388215,0,0,32,0,0,0.41326110158115625,4
one2one,3,21,0,overlap,3,3,3,21,3,3,0.7150083978970846,0.7311410307884216,0.8719696402549744,0.0,1.8708587884902954,0.8382515907287598,0.037978991866111755,0,3,3,0,0.01848607170758406,77,3,000000430056.jpg,3,3,0.7150085171063741,0.7311410307884216,0.8719696402549744,0,0,80,0,0,0.5301073888937632,3
one2one,5,35,1,overlap,5,5,5,33,5,5,0.8646204471588135,0.8426125645637512,0.9582407712936402,0.0,0.9615457653999329,3.087425470352173,0.022164978086948395,0,5,5,1,0.006880360178738123,42,5,000000431568.jpg,5,4,0.7804870754480362,0.7854032814502716,0.9319287121295929,0,0,46,0,0,0.3406470569316298,4
one2one,5,35,0,overlap,5,5,5,35,5,5,0.8674265384674072,0.9101071953773499,0.9611823916435241,0.0,0.8743637800216675,2.028245210647583,0.012147998437285423,0,5,5,1,0.011814272104114851,174,5,000000432553.jpg,4,3,0.8294144570827484,0.9064088463783264,0.9644639313220977,1,1,178,0,0,0.4933434668928385,4
one2one,5,35,0,overlap,5,5,5,35,5,5,0.8355317115783691,0.8076324462890625,0.9581697940826416,0.0,1.1320384740829468,0.5159691572189331,0.011129575781524181,0,5,5,0,0.009798727745267874,36,5,000000438304.jpg,3,3,0.8355316519737244,0.8076321482658386,0.9581697583198547,1,1,41,1,1,0.5965987086296082,5
one2one,8,56,4,overlap,8,8,8,52,8,8,0.6995992138981819,0.7453746199607849,0.8146391749382019,0.0,2.1261720657348633,2.8778929710388184,0.00750622758641839,0,8,8,2,0.011216133205359266,174,8,000000439290.jpg,0,0,0.7320440908273061,0.7453754246234894,0.7904146909713745,3,3,180,5,3,0.00949709303677082,6
one2one,1,7,0,overlap,1,1,1,7,1,1,0.974027693271637,0.974027693271637,0.974027693271637,0.0,0.1902242749929428,0.39336520433425903,0.008047899231314659,0,1,1,0,0.008782358836227407,60,1,000000439522.jpg,1,1,0.974027693271637,0.974027693271637,0.974027693271637,0,0,61,0,0,0.9569726586341858,1
one2one,24,145,11,overlap,24,24,24,134,24,24,0.7510385745360205,0.8784960210323334,0.9465168237686157,0.0,1.2873988151550293,2.400300979614258,0.0075395600870251656,0,24,24,8,0.017962286188136,284,24,000000441247.jpg,5,4,0.7894697263836861,0.8569755852222443,0.9494828283786774,9,7,300,10,5,0.30185882427031174,16
one2one,8,56,0,overlap,8,8,8,56,8,8,0.8972517624497414,0.92448490858078,0.9500525593757629,0.0,0.7441428303718567,1.7400329113006592,0.007630571722984314,0,8,8,1,0.012166977984792594,293,8,000000442161.jpg,4,4,0.7882524984223502,0.8616763949394226,0.9512447118759155,4,3,300,0,0,0.5748859239476067,7
one2one,2,14,0,overlap,2,2,2,14,2,2,0.9248336255550385,0.9248336255550385,0.9441151320934296,0.0,0.5592812299728394,0.17381919920444489,0.004904227796941996,0,2,2,0,0.0020168622270123,18,2,000000442463.jpg,1,1,0.9248333275318146,0.9248333275318146,0.9441149294376373,1,1,20,0,0,0.9276522099971771,2
one2one,4,28,0,overlap,4,4,4,28,4,4,0.7204223424196243,0.6759845316410065,0.883531141281128,0.0,1.8824659585952759,2.2748937606811523,0.009737248532474041,0,4,4,0,0.015067871239168468,296,4,000000447169.jpg,1,1,0.6465724110603333,0.6708156168460846,0.680886709690094,1,1,300,2,2,0.20247404649853706,4
one2one,6,42,0,overlap,6,6,6,42,6,6,0.8228884339332581,0.9399615824222565,0.9721341133117676,0.0,0.8330272436141968,1.9782832860946655,0.010644964873790741,0,6,6,2,0.02308445372676224,81,6,000000447611.jpg,3,3,0.9116052538156509,0.9399614632129669,0.9669038712978363,3,1,85,0,0,0.36446163430809975,4
one2one,3,21,0,overlap,3,3,3,21,3,3,0.8815191189448038,0.9501382112503052,0.9828810930252075,0.0,0.7580229043960571,1.0832793712615967,0.00347229209728539,0,3,3,0,0.019913878166911807,41,3,000000448365.jpg,2,2,0.8815191388130188,0.9501380324363708,0.9828812479972839,0,0,44,1,1,0.6236368179476509,3
one2one,5,35,5,overlap,5,5,5,30,5,5,0.7314849913120269,0.7801492810249329,0.9528267025947571,0.0,1.5824424028396606,1.6697450876235962,0.0207812562584877,0,5,5,1,0.008811705516349962,272,5,000000449190.jpg,4,4,0.8065294623374939,0.8515912890434265,0.9577923953533173,1,0,276,0,0,0.4797179694287479,4
one2one,11,67,0,overlap,11,11,11,67,11,11,0.7948494282635775,0.8233612179756165,0.9349575042724609,0.0,1.4103758335113525,1.4652389287948608,0.00460744509473443,0,11,11,1,0.009181349777118784,290,11,000000449996.jpg,0,0,0.7565413355827332,0.784387081861496,0.9352459132671356,5,5,300,6,5,0.31552692903205753,10
one2one,30,209,4,overlap,30,30,30,205,30,30,0.7524975895881653,0.7639961540699005,0.8919694066047669,0.0,1.7687997817993164,1.4197685718536377,0.010068214498460293,0,30,30,4,0.027293868738491715,274,30,000000450399.jpg,4,4,0.7413235788161938,0.7610534727573395,0.8920548856258392,19,17,300,7,5,0.37052852821608,26
one2one,7,49,2,overlap,7,7,7,47,7,7,0.861661400113787,0.8945598602294922,0.9306089282035828,0.0,0.9990860819816589,0.3140762746334076,0.0050010960549116135,0,7,7,0,0.003931870823987665,89,7,000000450758.jpg,0,0,0.8616615108081273,0.8945602178573608,0.9306089282035828,7,7,96,0,0,0.8143865891865322,7
one2one,2,14,0,overlap,2,2,2,14,2,2,0.9503346681594849,0.9503346681594849,0.9530895948410034,0.0,0.3742987811565399,0.4133881628513336,0.015322508290410042,0,2,2,0,0.018810244223389488,26,2,000000452891.jpg,2,2,0.9503346681594849,0.9503346681594849,0.9530895948410034,0,0,28,0,0,0.683942124247551,2
one2one,2,14,0,overlap,2,2,2,14,2,2,0.6052803099155426,0.6052803099155426,0.7380989372730256,0.0,2.650101900100708,3.2165794372558594,0.0727744922041893,0,2,2,1,0.007719931227348147,299,2,000000453040.jpg,2,1,0.7713037729263306,0.7713037729263306,0.7713037729263306,0,0,300,0,0,0.28183239698410034,1
one2one,7,49,0,overlap,7,7,7,49,7,7,0.8648958291326251,0.8813809156417847,0.9301567316055298,0.0,0.9815289974212646,2.2611172199249268,0.011021888814866543,0,7,7,1,0.01499458160813657,294,7,000000453302.jpg,2,1,0.8795868456363678,0.8928170204162598,0.9363116025924683,2,2,300,3,3,0.4808739858369033,6
one2one,7,48,1,overlap,7,7,7,47,7,7,0.7255366998059409,0.794907808303833,0.8746152758598328,0.0,1.745146632194519,2.9579083919525146,0.009499113075435162,0,7,7,3,0.007409021403683118,153,7,000000453584.jpg,1,1,0.7593853175640106,0.7681049108505249,0.8600366115570068,3,1,157,3,2,0.19312540674582124,4
one2one,14,96,0,overlap,14,14,14,96,14,14,0.8556606897286007,0.8616801798343658,0.9379724621772767,0.0,1.0515170097351074,1.0541822910308838,0.007407328113913536,0,14,14,0,0.01173983543290646,286,14,000000453708.jpg,4,4,0.8556605662618365,0.8616799414157867,0.9379724621772767,8,8,300,2,2,0.47784724056587685,14
one2one,15,86,0,overlap,15,15,15,86,15,15,0.7720976730187734,0.8337143659591675,0.9341327667236328,0.0,1.479015827178955,0.9686859250068665,0.005055470857769251,0,15,15,1,0.014002323442080116,286,15,000000453841.jpg,2,2,0.7960273027420044,0.8406442999839783,0.937812751531601,2,2,300,11,10,0.4458380732020097,14
one2one,8,56,0,overlap,8,8,8,56,8,8,0.786603644490242,0.8399559259414673,0.9471055030822754,0.0,1.3911993503570557,1.5241087675094604,0.012205176055431366,0,8,8,1,0.012507177226614118,293,8,000000456143.jpg,3,3,0.7675931538854327,0.8351003527641296,0.9505229473114014,3,2,300,2,2,0.3580749104065554,7
one2one,2,14,0,overlap,2,2,2,14,2,2,0.9559147953987122,0.9559147953987122,0.9749382615089417,0.0,0.32732468843460083,0.3958521783351898,0.011722084134817123,0,2,2,0,0.01478233820328243,53,2,000000456662.jpg,2,2,0.9559147953987122,0.9559147953987122,0.9749382615089417,0,0,55,0,0,0.8089419007301331,2
one2one,5,32,0,overlap,5,5,5,32,5,5,0.8390113115310669,0.7584454417228699,0.9693488359451294,0.0,1.1157114505767822,2.534809112548828,0.003862244775518775,0,5,5,2,0.006603219273249404,26,5,000000458109.jpg,1,1,0.8841901222864786,0.9289141297340393,0.9684023022651672,1,1,29,3,1,0.3037998314636449,3
one2one,33,189,13,overlap,33,33,33,176,33,33,0.7578802307446798,0.7674640417098999,0.9454840540885925,0.0,1.5678879022598267,1.2498955726623535,0.004925183951854706,0,33,33,7,0.027237788982170844,273,34,000000458325.jpg,7,7,0.7787618637084961,0.7732657194137573,0.9469964981079102,8,7,300,19,13,0.468224508377413,27
one2one,5,35,0,overlap,5,5,5,35,5,5,0.9364198923110962,0.9543430805206299,0.9582315444946289,0.0,0.47386273741722107,1.354416847229004,0.009873524308204651,0,5,5,0,0.008228052668843647,147,5,000000459662.jpg,4,4,0.8672483325004577,0.954343318939209,0.9582315444946289,1,1,152,0,0,0.4399031431414187,5
one2one,8,47,0,overlap,8,8,8,47,8,8,0.7746380940079689,0.7635612487792969,0.920201712846756,0.0,1.587768316268921,1.2562000751495361,0.0033484676387161016,0,8,8,0,0.00769231208513565,113,8,000000459809.jpg,1,1,0.6817995756864548,0.6502134501934052,0.8318046927452087,0,0,121,7,7,0.3987479656934738,8
one2one,3,21,0,overlap,3,3,3,21,3,3,0.8832485874493917,0.9066054224967957,0.9338157057762146,0.0,0.8519511818885803,0.8789638876914978,0.012474961578845978,0,3,3,0,0.027681356796748796,53,3,000000462031.jpg,3,3,0.883248527844747,0.9066054821014404,0.9338157176971436,0,0,56,0,0,0.5848070854942004,3
one2one,7,49,1,overlap,7,7,7,48,7,7,0.7948191804545266,0.8406616449356079,0.9438889265060425,0.0,1.3186826705932617,2.3533942699432373,0.011047152802348137,0,7,7,2,0.015438076480252978,120,7,000000462576.jpg,2,2,0.7916919350624084,0.8406619429588318,0.948793625831604,2,2,125,3,1,0.5608702190220356,5
one2one,21,108,15,overlap,20,20,20,91,20,20,0.6041052132844925,0.6020510494709015,0.8711320757865906,0.0,2.546849489212036,2.095637083053589,0.009113868698477745,0,20,20,8,0.02375920477667207,287,21,000000463522.jpg,2,2,0.6577701385204608,0.6505130529403687,0.7590772390365601,2,1,300,17,10,0.24999728292011872,13
one2one,3,21,0,overlap,3,3,3,21,3,3,0.7612874110539755,0.8583399653434753,0.9044858336448669,0.0,1.482661247253418,1.2836475372314453,0.019318118691444397,0,3,3,0,0.005365266849543148,258,3,000000464358.jpg,1,1,0.7612875501314799,0.8583399653434753,0.9044861674308777,2,2,261,0,0,0.544640865875408,3
one2one,3,21,0,overlap,3,3,3,21,3,3,0.8947446544965109,0.8741223216056824,0.9529765486717224,0.0,0.7735652923583984,2.2818186283111572,0.008838877081871033,0,3,3,1,0.008447099559998606,80,3,000000464824.jpg,1,1,0.9050557613372803,0.9050557613372803,0.9591631412506103,2,1,82,0,0,0.4660677353385836,2
one2one,3,21,0,overlap,3,3,3,21,3,3,0.825641135374705,0.7799449563026428,0.9264420628547668,0.0,1.2243934869766235,2.0298047065734863,0.008232435211539268,0,3,3,0,0.013343115590567537,102,3,000000465675.jpg,2,2,0.7422753572463989,0.7339117527008057,0.7707387447357178,1,1,105,0,0,0.11940198593462507,3
one2one,14,98,10,overlap,14,14,14,88,14,14,0.8381427100726536,0.8399153351783752,0.9414169609546662,0.0,1.1312745809555054,1.771768569946289,0.00847511738538742,0,14,14,0,0.01337307608577299,286,14,000000465806.jpg,3,3,0.796783230134419,0.8119355738162994,0.9421031713485718,10,10,300,1,1,0.33095970921151874,14
one2one,9,63,1,overlap,9,9,9,62,9,9,0.8406684796015421,0.8918042182922363,0.9501470804214478,0.0,1.0911824703216553,2.458770751953125,0.010361664928495884,0,9,9,2,0.009351354718446822,246,9,000000466125.jpg,4,4,0.7878202710832868,0.7963270545005798,0.936938202381134,5,3,253,0,0,0.31407157527948065,7
one2one,9,45,3,overlap,9,9,9,42,9,9,0.65977583742804,0.6742504835128784,0.9197543263435364,0.0,1.6319975852966309,1.0476703643798828,0.005314193200320005,0,9,9,2,0.010702788098344365,113,9,000000469246.jpg,1,1,0.741237963948931,0.6742504835128784,0.9004221558570862,1,1,120,7,5,0.36622218255485806,7
one2one,10,70,1,overlap,10,10,10,69,10,10,0.7638836443424225,0.8086124062538147,0.9088245093822479,0.0,1.646951675415039,1.4932892322540283,0.020631901919841766,0,10,10,1,0.010201470383932603,291,10,000000470779.jpg,7,7,0.7045603593190511,0.7100400328636169,0.840046501159668,2,2,300,1,0,0.5384041302733951,9
one2one,11,73,0,overlap,11,11,11,73,11,11,0.7456014264713634,0.8021884560585022,0.9036884903907776,0.0,1.6508020162582397,2.7890703678131104,0.010444552637636662,0,11,11,3,0.01168989624639922,292,11,000000473869.jpg,2,1,0.7598449140787125,0.8092769980430603,0.9180834949016571,6,6,300,3,1,0.2317187051230576,8
one2one,4,28,0,overlap,4,4,4,28,4,4,0.8670172989368439,0.860518753528595,0.9449220716953277,0.0,0.9636645913124084,1.980973243713379,0.011629700660705566,0,4,4,1,0.015729902403765036,61,4,000000474854.jpg,2,2,0.8183413147926331,0.9256333708763123,0.9476776003837586,2,1,64,0,0,0.35222944989800453,3
one2one,4,28,0,overlap,4,4,4,28,4,4,0.9014935940504074,0.9082441627979279,0.9484161674976349,0.0,0.7226467132568359,1.23599374294281,0.00384130934253335,0,4,4,0,0.015753967918606254,68,4,000000475064.jpg,2,2,0.8076662421226501,0.8855697214603424,0.9484159708023071,2,2,72,0,0,0.38598350062966347,4
one2one,9,58,0,overlap,9,9,9,58,9,9,0.7800239986843533,0.8403006196022034,0.9056750535964966,0.0,1.5138646364212036,0.6612271666526794,0.02057783678174019,0,9,9,0,0.00722089308885157,234,9,000000480021.jpg,6,6,0.7800240384207832,0.8403007984161377,0.9056749939918518,2,2,243,1,1,0.6646940393580331,9
one2one,4,28,1,overlap,4,4,4,27,4,4,0.8893749713897705,0.9422565400600433,0.9640620291233063,0.0,0.7437546253204346,0.9595316052436829,0.009892766363918781,0,4,4,0,0.008875526773876378,105,4,000000481582.jpg,4,4,0.8055267333984375,0.8627544343471527,0.9640620648860931,0,0,109,0,0,0.6879544705152512,4
one2one,19,133,4,overlap,19,19,19,129,19,19,0.8081746540571514,0.8152945041656494,0.890249741077423,0.0,1.3650444746017456,1.621108055114746,0.00694122351706028,0,19,19,3,0.015753844259372374,284,19,000000482275.jpg,2,2,0.7741193994879723,0.8047588169574738,0.8827577829360962,5,3,300,12,11,0.3232489445945248,16
one2one,1,7,0,overlap,1,1,1,7,1,1,0.9495267271995544,0.9495267271995544,0.9495267271995544,0.0,0.35973870754241943,0.1291903704404831,0.010130207985639572,0,1,1,0,0.0012925853952765465,1,1,000000482477.jpg,1,1,0.9495267271995544,0.9495267271995544,0.9495267271995544,0,0,2,0,0,0.8604981899261475,1
one2one,2,14,0,overlap,2,2,2,14,2,2,0.8945121169090271,0.8945121169090271,0.914357316493988,0.0,0.7878599166870117,0.6406139135360718,0.004543360788375139,0,2,2,0,0.008476371145610449,71,2,000000482487.jpg,1,1,0.8945122957229614,0.8945122957229614,0.9143577337265014,1,1,73,0,0,0.5758570283651352,2
one2one,5,35,0,overlap,5,5,5,35,5,5,0.8941005825996399,0.902337372303009,0.9572777152061462,0.0,0.7682799100875854,1.320675253868103,0.015419181436300278,0,5,5,0,0.010589801506669359,123,5,000000482917.jpg,3,3,0.8828285932540894,0.9023372530937195,0.9572775721549988,2,2,128,0,0,0.48576800832524897,5
one2one,2,14,0,overlap,2,2,2,14,2,2,0.9479161202907562,0.9479161202907562,0.9677730739116669,0.0,0.3873063325881958,0.18782715499401093,0.011621690355241299,0,2,2,0,0.009548622632532247,7,2,000000486479.jpg,2,2,0.9479161202907562,0.9479161202907562,0.9677730739116669,0,0,9,0,0,0.7821163535118103,2
one2one,2,14,0,overlap,2,2,2,14,2,2,0.8968072235584259,0.8968072235584259,0.9263433039188385,0.0,0.7682503461837769,0.6395301222801208,0.009021183475852013,0,2,2,0,0.058083179701740546,15,2,000000488736.jpg,1,1,0.8732967376708984,0.8732967376708984,0.9216410636901855,1,1,17,0,0,0.7753653228282928,2
one2one,3,21,0,overlap,3,3,3,21,3,3,0.8237607081731161,0.8924034237861633,0.911427128314972,0.0,1.2426657676696777,1.6638258695602417,0.026411056518554688,0,3,3,0,0.02859898691996932,50,3,000000490171.jpg,1,1,0.7096600731213888,0.6626954078674316,0.8058105945587158,2,2,53,0,0,0.1759680211544037,3
one2one,3,21,4,overlap,3,3,3,17,3,3,0.9196405013402303,0.9001199007034302,0.9564884901046753,0.0,0.5987116098403931,0.9644625782966614,0.009668853133916855,0,3,3,0,0.009421006571726813,62,3,000000498286.jpg,3,3,0.9206346273422241,0.9001199007034302,0.9564884901046753,0,0,65,0,0,0.4309567026793957,3
one2one,13,90,1,overlap,13,13,13,89,13,13,0.8239941184337323,0.8372182250022888,0.9287635207176208,0.0,1.2528842687606812,1.3447788953781128,0.004087213426828384,0,13,13,0,0.013650725653004722,272,13,000000499181.jpg,1,1,0.801786312690148,0.8268131613731384,0.9287633895874023,5,5,285,7,7,0.385581135803547,13
one2one,4,28,0,overlap,4,4,4,28,4,4,0.8230466246604919,0.8300918340682983,0.93095081448555,0.0,1.2200448513031006,3.810140609741211,0.0056747193448245525,0,4,4,1,0.007487710079421167,46,4,000000501368.jpg,1,1,0.8771578073501587,0.8368274569511414,0.9443970084190368,0,0,49,3,2,0.0610798418832322,3
one2one,8,51,0,overlap,8,8,8,51,8,8,0.8088947460055351,0.8440501689910889,0.8998303711414337,0.0,1.3682934045791626,1.963606357574463,0.006379066966474056,0,8,8,1,0.008163176032887291,124,8,000000504415.jpg,0,0,0.7913045968328204,0.8616225123405457,0.9013558030128479,5,5,131,3,2,0.48426908642120126,7
one2one,5,35,0,overlap,5,5,5,35,5,5,0.7446098804473877,0.791515588760376,0.8907829284667969,0.0,1.6272780895233154,3.0065715312957764,0.013268619775772095,0,5,5,2,0.00909635959943944,129,5,000000506178.jpg,1,1,0.713407834370931,0.7332012057304382,0.8662326216697693,2,1,132,2,1,0.331109623114268,3
one2one,5,35,5,overlap,5,5,5,30,5,5,0.8051481723785401,0.8270161747932434,0.9365133881568909,0.0,1.2942147254943848,1.159921646118164,0.02015596628189087,0,5,5,0,0.007825794843576697,196,5,000000506656.jpg,3,3,0.831530499458313,0.8270171284675598,0.9365133881568909,1,1,201,1,1,0.4892302803695202,5
one2one,16,108,0,overlap,16,16,16,108,16,16,0.7665659543126822,0.7579207718372345,0.9568853080272675,0.0,1.4773517847061157,1.81831955909729,0.010723373852670193,0,16,16,3,0.016895110519336804,287,16,000000506707.jpg,5,5,0.7781413426766028,0.7740233540534973,0.9599314570426941,7,6,300,4,2,0.4263620491211231,13
one2one,3,21,1,overlap,3,3,3,20,3,3,0.7871213754018148,0.8404390215873718,0.8458524584770203,0.0,1.5537620782852173,2.896803140640259,0.039153892546892166,0,3,3,0,0.050985736809180754,19,3,000000507042.jpg,3,3,0.5837407310803732,0.568818211555481,0.6527389764785767,0,0,22,0,0,0.24337447651972374,3
one2one,9,63,3,overlap,9,9,9,60,9,9,0.9066422780354818,0.9109922647476196,0.9419204115867614,0.0,0.68939208984375,1.1800228357315063,0.006845391355454922,0,9,9,0,0.010538648075065687,291,9,000000507223.jpg,3,3,0.8291596902741326,0.9034579396247864,0.9419203877449036,6,6,300,0,0,0.4975563234442638,9
one2one,3,21,0,overlap,3,3,3,21,3,3,0.9304846525192261,0.9424861073493958,0.9781156659126282,0.0,0.5024875998497009,0.40524572134017944,0.003291940316557884,0,3,3,0,0.01124464932596311,100,3,000000507473.jpg,1,1,0.9304846127827963,0.9424859881401062,0.9781156420707703,2,2,103,0,0,0.8181063135464987,3
one2one,15,95,5,overlap,15,15,15,90,15,15,0.7880686521530151,0.794424295425415,0.9512011647224426,0.0,1.4373338222503662,1.2502036094665527,0.00492402259260416,0,15,15,0,0.01491378390009662,285,15,000000507667.jpg,1,1,0.7443990349769593,0.7437328696250916,0.9512012124061584,4,4,300,10,10,0.40334907099604606,15
one2one,15,105,2,overlap,15,15,15,103,15,15,0.8430306951204936,0.8654633164405823,0.9567718625068664,0.0,1.0646988153457642,1.1412830352783203,0.005110336467623711,0,15,15,1,0.019227575789974236,286,15,000000507797.jpg,4,4,0.8119624257087708,0.8406236469745636,0.9573343753814697,6,6,300,5,4,0.43871254686798367,14
one2one,1,7,0,overlap,1,1,1,7,1,1,0.954701840877533,0.954701840877533,0.954701840877533,0.0,0.3246784806251526,0.390672504901886,0.011864209547638893,0,1,1,0,0.010789836415400107,45,1,000000511398.jpg,1,1,0.954701840877533,0.954701840877533,0.954701840877533,0,0,46,0,0,0.9326733946800232,1
one2one,4,28,0,overlap,4,4,4,28,4,4,0.9250809848308563,0.9527722597122192,0.965544867515564,0.0,0.5376876592636108,0.7916378974914551,0.014236219227313995,0,4,4,0,0.011344724491059985,146,4,000000513688.jpg,3,3,0.9250812828540802,0.952772855758667,0.965544867515564,1,1,150,0,0,0.6420591194182634,4
one2one,2,14,0,overlap,2,2,2,14,2,2,0.9245448410511017,0.9245448410511017,0.9527935087680817,0.0,0.5611636638641357,0.2686130106449127,0.015740716829895973,0,2,2,0,0.04849090715870261,5,2,000000514979.jpg,2,2,0.9245448410511017,0.9245448410511017,0.9527935087680817,0,0,7,0,0,0.8290961682796478,2
one2one,4,28,0,overlap,4,4,4,28,4,4,0.8538046181201935,0.873662918806076,0.9662533164024353,0.0,0.9899305701255798,1.0804009437561035,0.01056651957333088,0,4,4,0,0.011464837259180578,140,4,000000515266.jpg,3,3,0.8170947432518005,0.8095390200614929,0.9147648692131043,0,0,144,1,1,0.43314056377857924,4
one2one,9,30,0,overlap,9,9,9,30,9,9,0.38829162778953713,0.2548501789569855,0.9415214896202088,0.0,2.2972428798675537,1.746788501739502,0.003254904644563794,0,9,9,8,0.011440838669549744,53,11,000000516316.jpg,0,0,0.8012997905413309,0.9399677515029907,0.9461838483810425,2,2,56,9,1,0.6156332066748291,3
one2one,22,144,2,overlap,22,22,22,142,22,22,0.7563745176250284,0.7856842279434204,0.9149008512496949,0.0,1.658038854598999,1.4401745796203613,0.007808544673025608,0,22,22,2,0.021328901827967327,280,22,000000518770.jpg,2,2,0.7516590625047683,0.7686416804790497,0.9185727536678314,8,8,300,12,10,0.32209059291053566,20
one2one,2,14,0,overlap,2,2,2,14,2,2,0.9769286513328552,0.9769286513328552,0.9833974242210388,0.0,0.1728125661611557,0.39498528838157654,0.005833574570715427,0,2,2,0,0.09570944516453891,10,2,000000519208.jpg,2,2,0.9769286513328552,0.9769286513328552,0.9833974242210388,0,0,12,0,0,0.8955680727958679,2
one2one,2,14,0,overlap,2,2,2,14,2,2,0.9582631587982178,0.9582631587982178,0.9817626953125,0.0,0.3075791299343109,2.5095086097717285,0.01191069558262825,0,2,2,1,0.044154825753888446,34,2,000000519688.jpg,2,1,0.928888738155365,0.928888738155365,0.928888738155365,0,0,35,0,0,0.9382804036140442,1
one2one,18,122,7,overlap,18,18,18,111,18,18,0.7462115809321404,0.7673519849777222,0.9010838985443115,0.0,1.6397948265075684,1.5339908599853516,0.007688262965530157,0,18,18,1,0.012179908262855331,283,18,000000520264.jpg,3,3,0.7502495681538301,0.7506048083305359,0.9012945294380188,5,5,300,10,9,0.31014348639120515,17
one2one,5,35,0,overlap,5,5,5,35,5,5,0.8515236496925354,0.8469367027282715,0.9622515797615051,0.0,1.0295557975769043,1.045899510383606,0.0169353224337101,0,5,5,0,0.01358036219076192,197,5,000000520871.jpg,4,4,0.8344187378883362,0.8469365835189819,0.9622515797615051,1,1,202,0,0,0.5610275235027075,5
one2one,14,88,2,overlap,14,14,14,86,14,14,0.7991638396467481,0.8424653112888336,0.9530527830123902,0.0,1.3706042766571045,1.1062171459197998,0.004245150368660688,0,14,14,0,0.024293470903058778,286,14,000000521141.jpg,0,0,0.7643055702958789,0.7909443974494934,0.9530523538589478,5,5,300,9,9,0.4804125675665481,14
one2one,1,7,0,overlap,1,1,1,7,1,1,0.9433749914169312,0.9433749914169312,0.9433749914169312,0.0,0.4012777805328369,0.3542633652687073,0.009876682423055172,0,1,1,0,0.02202674059016216,18,1,000000521282.jpg,1,1,0.9433749914169312,0.9433749914169312,0.9433749914169312,0,0,19,0,0,0.954131543636322,1
one2one,3,21,0,overlap,3,3,3,21,3,3,0.8566006620724996,0.8016535639762878,0.9415908217430115,0.0,1.0285440683364868,1.2369205951690674,0.02587888389825821,0,3,3,0,0.0163415948394686,145,3,000000521540.jpg,3,3,0.8566008607546488,0.8016537427902222,0.9415910482406616,0,0,148,0,0,0.3927495429913203,3
one2one,13,91,6,overlap,13,13,13,85,13,13,0.8041883890445416,0.8316077589988708,0.9287963032722474,0.0,1.339142084121704,0.9653044939041138,0.005764611065387726,0,13,13,1,0.01115966509557135,288,13,000000523957.jpg,1,1,0.8098983565966288,0.807245522737503,0.9310609519481658,8,8,300,4,3,0.6450901796730856,12
one2one,2,14,0,overlap,2,2,2,14,2,2,0.9291346073150635,0.9291346073150635,0.9302579402923584,0.0,0.5325922966003418,0.2612932324409485,0.006731037050485611,0,2,2,0,0.006281728400305535,24,2,000000525322.jpg,2,2,0.929134726524353,0.929134726524353,0.9302582979202271,0,0,26,0,0,0.7295228540897369,2
one2one,9,63,4,overlap,9,9,9,59,9,9,0.8296826879183451,0.8540738821029663,0.9434494614601135,0.0,1.1866514682769775,1.463136911392212,0.016376305371522903,0,9,9,0,0.01576968202450636,291,9,000000527695.jpg,5,5,0.7312186890178256,0.7872400283813477,0.9434494614601135,4,4,300,0,0,0.2723804670903418,9
one2one,10,70,0,overlap,10,10,10,70,10,10,0.8313571274280548,0.8563272058963776,0.9316085994243621,0.0,1.2008414268493652,1.0747923851013184,0.0047006551176309586,0,10,10,0,0.022794426449349727,290,10,000000528314.jpg,1,1,0.8313571989536286,0.8563276827335358,0.9316086292266845,6,6,300,3,3,0.5805033639073371,10
one2one,7,49,0,overlap,7,7,7,49,7,7,0.9198754174368722,0.9167006015777588,0.9305318593978882,0.0,0.6014183759689331,0.8119359612464905,0.003954622894525528,0,7,7,0,0.0047568336955737325,100,7,000000528862.jpg,0,0,0.8791059000151498,0.9155758023262024,0.9247839093208313,7,7,107,0,0,0.6959896470819201,7
one2one,,,,overlap,,,,,,,,,,0.0,0.0,0.0514906644821167,0.0,0,0,0,0,0.0077081849865083185,7,0,000000528977.jpg,0,0,,,,0,0,7,0,0,,0
one2one,12,84,1,overlap,12,12,12,83,12,12,0.8666531890630722,0.8988557159900665,0.9334750175476074,0.0,0.9452316761016846,1.110395908355713,0.008455547504127026,0,12,12,0,0.022731544388262512,219,12,000000529966.jpg,2,2,0.866653154293696,0.8988558650016785,0.9334748566150666,10,10,231,0,0,0.3578151011218627,12
one2one,3,19,0,overlap,3,3,3,19,3,3,0.7539637486139933,0.9190525412559509,0.9521423220634461,0.0,1.1536082029342651,2.5972681045532227,0.007321370765566826,0,3,3,2,0.006743125120500246,78,3,000000530466.jpg,1,1,0.9604147672653198,0.9604147672653198,0.9604147672653198,1,0,79,1,0,0.9175240993499756,1
one2one,2,14,0,overlap,2,2,2,14,2,2,0.8846598863601685,0.8846598863601685,0.9483424901962281,0.0,0.8165940642356873,0.3121223449707031,0.010832002386450768,0,2,2,0,0.006774884105349581,21,2,000000530820.jpg,2,2,0.8846595287322998,0.8846595287322998,0.9483421325683594,0,0,23,0,0,0.7169248163700104,2
one2one,23,151,3,overlap,23,23,23,148,23,23,0.7097357446732728,0.7122533321380615,0.8756832242012024,0.0,1.862638235092163,2.122602939605713,0.011273270472884178,0,23,23,7,0.020358284160619418,284,23,000000530975.jpg,5,3,0.7586201690137386,0.788596898317337,0.9060196578502655,12,11,300,6,2,0.36974655915400945,16
one2one,1,7,0,overlap,1,1,1,7,1,1,0.9390001893043518,0.9390001893043518,0.9390001893043518,0.0,0.43060174584388733,0.9390491247177124,0.016570720821619034,0,1,1,0,0.009889228997053578,72,1,000000531771.jpg,1,1,0.9390001893043518,0.9390001893043518,0.9390001893043518,0,0,73,0,0,0.3953213393688202,1
one2one,5,35,0,overlap,5,5,5,35,5,5,0.9276364803314209,0.928649365901947,0.972572410106659,0.0,0.5315921902656555,0.5244438052177429,0.009232522919774055,0,5,5,0,0.015155958725855028,82,5,000000532058.jpg,2,2,0.9243333101272583,0.928649365901947,0.9725725769996643,2,2,87,1,1,0.6815242066979408,5
one2one,10,47,0,overlap,10,10,10,47,10,10,0.7261302024126053,0.7310190200805664,0.9242471516132355,0.0,1.8510262966156006,1.8458112478256226,0.0032344108913093805,0,10,10,2,0.01176069307612346,82,10,000000532481.jpg,0,0,0.7328967750072479,0.7085554599761963,0.9334187090396882,3,3,90,7,5,0.22296266281045973,8
one2one,1,7,0,overlap,1,1,1,7,1,1,0.8998191952705383,0.8998191952705383,0.8998191952705383,0.0,0.6822925209999084,2.6935226917266846,0.007764818146824837,0,1,1,0,0.007047202825220681,123,1,000000533958.jpg,1,1,0.6714339852333069,0.6714339852333069,0.6714339852333069,0,0,124,0,0,0.5834968090057373,1
one2one,15,105,9,overlap,15,15,15,96,15,15,0.8089797139167786,0.8251649141311646,0.9480271697044372,0.0,1.3308963775634766,1.9974162578582764,0.013421822339296341,0,15,15,2,0.0153551420617933,287,15,000000534041.jpg,5,5,0.7871602131770208,0.7869904041290283,0.9498817443847656,7,6,300,3,2,0.29337990348442244,13
one2one,2,13,0,overlap,2,2,2,13,2,2,0.8260855078697205,0.8260855078697205,0.8793093085289001,0.0,1.2710227966308594,1.3899890184402466,0.004571991972625256,0,2,2,0,0.005214584535886452,57,2,000000535858.jpg,0,0,0.8260855078697205,0.8260855078697205,0.8793093085289001,1,1,59,1,1,0.43255905201658607,2
one2one,1,7,0,overlap,1,1,1,7,1,1,0.9418379068374634,0.9418379068374634,0.9418379068374634,0.0,0.41136348247528076,0.12246920168399811,0.0093510951846838,0,1,1,0,0.001531964944054683,3,1,000000537053.jpg,1,1,0.9418379068374634,0.9418379068374634,0.9418379068374634,0,0,4,0,0,0.9352349042892456,1
one2one,1,7,0,overlap,1,1,1,7,1,1,0.9119457006454468,0.9119457006454468,0.9119457006454468,0.0,0.603705883026123,0.19847488403320312,0.010004781186580658,0,1,1,0,0.002339982907869853,8,1,000000537964.jpg,1,1,0.9119458198547363,0.9119458198547363,0.9119458198547363,0,0,9,0,0,0.9490164518356323,1
one2one,7,49,1,overlap,7,7,7,48,7,7,0.7869174906185695,0.7167816162109375,0.9228443145751953,0.0,1.4876056909561157,0.5539530515670776,0.004617731086909771,0,7,7,0,0.016276325168115204,103,7,000000538067.jpg,0,0,0.786917405469077,0.7167821526527405,0.9228442072868347,0,0,110,7,7,0.6518879788262504,7
one2one,11,70,7,overlap,11,11,11,63,11,11,0.704229241067713,0.7810835242271423,0.8736014366149902,0.0,1.818233609199524,1.141741156578064,0.0035178756806999445,0,11,11,1,0.02120239956262098,220,11,000000540932.jpg,0,0,0.7485326766967774,0.7875848114490509,0.8804387867450714,0,0,230,11,10,0.3867693180218339,10
one2one,4,28,0,overlap,4,4,4,28,4,4,0.7951850295066833,0.8089840412139893,0.8689508736133575,0.0,1.5082403421401978,1.8022713661193848,0.021710794419050217,0,4,4,0,0.013616953159185327,296,4,000000540962.jpg,2,2,0.7951852828264236,0.8089844286441803,0.8689509630203247,2,2,300,0,0,0.36998490057885647,4
one2one,1,7,0,overlap,1,1,1,7,1,1,0.9016543030738831,0.9016543030738831,0.9016543030738831,0.0,0.6654428839683533,0.8452869057655334,0.004821694456040859,0,1,1,0,0.028917555752045968,34,1,000000542089.jpg,0,0,0.9016544818878174,0.9016544818878174,0.9016544818878174,1,1,35,0,0,0.8823164701461792,1
one2one,19,89,4,overlap,19,19,19,84,19,19,0.5925791020456114,0.6182057857513428,0.8855383515357971,0.0,2.2774343490600586,1.7963849306106567,0.006136102136224508,0,19,19,8,0.012928042693746802,289,19,000000543581.jpg,1,1,0.7661721110343933,0.8071099519729614,0.9093735814094543,5,5,300,13,5,0.19027603764764286,11
one2one,2,14,0,overlap,2,2,2,14,2,2,0.9011291265487671,0.9011291265487671,0.94585120677948,0.0,0.7176974415779114,0.5174843072891235,0.011029333807528019,0,2,2,0,0.01200007090145456,77,2,000000544519.jpg,1,1,0.9011294543743134,0.9011294543743134,0.9458511769771576,1,1,79,0,0,0.7853990197181702,2
one2one,5,35,0,overlap,5,5,5,35,5,5,0.8000537753105164,0.9135866165161133,0.9420149326324463,0.0,1.2746151685714722,1.2820795774459839,0.013308855704963207,0,5,5,0,0.014484120611272449,196,5,000000544565.jpg,3,3,0.8000536084175109,0.9135858416557312,0.9420148968696594,2,2,201,0,0,0.2541615404188633,5
one2one,6,42,1,overlap,6,6,6,41,6,6,0.863219271103541,0.8802470564842224,0.924936980009079,0.0,1.0055859088897705,1.1540002822875977,0.01451591681689024,0,6,6,0,0.0062131269190173885,169,6,000000546717.jpg,4,4,0.8105011880397797,0.833704262971878,0.8912845253944397,2,2,175,0,0,0.6055806973017752,6
one2one,1,7,0,overlap,1,1,1,7,1,1,0.9520020484924316,0.9520020484924316,0.9520020484924316,0.0,0.3435397148132324,3.534019708633423,0.010266930796205997,0,1,1,0,0.010909375840320104,76,1,000000546826.jpg,1,1,0.9520020484924316,0.9520020484924316,0.9520020484924316,0,0,77,0,0,0.0018438348779454827,1
one2one,5,35,0,overlap,5,5,5,35,5,5,0.8726361036300659,0.9180574417114258,0.9471090793609619,0.0,0.8955521583557129,1.6317789554595947,0.014739230275154114,0,5,5,0,0.007859041614031767,295,5,000000547854.jpg,4,4,0.8340168356895447,0.9180574417114258,0.9471090793609619,1,1,300,0,0,0.4777084095403552,5
one2one,7,49,0,overlap,7,7,7,49,7,7,0.8634488582611084,0.8795555233955383,0.9438452839851379,0.0,0.9840320944786072,0.4312565326690674,0.0065043894574046135,0,7,7,0,0.0067069883335773885,95,7,000000547886.jpg,1,1,0.852502839905875,0.8795566558837891,0.9438450694084167,5,5,102,1,1,0.7407774818795068,7
one2one,8,56,1,overlap,8,8,8,55,8,8,0.9194326996803284,0.9414770007133484,0.9709739029407501,0.0,0.5795045495033264,0.8468868732452393,0.010795509442687035,0,8,8,0,0.023826901972866976,130,8,000000548506.jpg,6,6,0.9194326400756836,0.9414769113063812,0.9709740698337554,2,2,138,0,0,0.5006941804895177,8
one2one,2,14,0,overlap,2,2,2,14,2,2,0.9384774565696716,0.9384774565696716,0.9773874163627625,0.0,0.4459756910800934,0.7241573929786682,0.013310471549630165,0,2,2,0,0.010506864563961113,70,2,000000548555.jpg,2,2,0.7606635987758636,0.7606635987758636,0.9418246448040009,0,0,72,0,0,0.7085078954696655,2
one2one,6,42,3,overlap,6,6,6,39,6,6,0.8802916904290518,0.8889251351356506,0.9661073386669159,0.0,0.8528748154640198,2.218841791152954,0.011207688599824905,0,6,6,1,0.008771983697930941,164,6,000000550322.jpg,6,5,0.7901298999786377,0.7496912479400635,0.936514151096344,0,0,169,0,0,0.22323181796818972,5
one2one,,,,overlap,,,,,,,,,,0.0,0.0,0.4754283130168915,0.0,0,0,0,0,0.09200503760283547,7,0,000000550939.jpg,0,0,,,,0,0,7,0,0,,0
one2one,3,21,0,overlap,3,3,3,21,3,3,0.9324659506479899,0.925806999206543,0.9500802040100098,0.0,0.5070157647132874,0.9839191436767578,0.015439469367265701,0,3,3,0,0.022163749879930552,78,3,000000551815.jpg,3,3,0.9324658711751302,0.9258067607879639,0.950080156326294,0,0,81,0,0,0.3902362237373988,3
one2one,7,44,0,overlap,7,7,7,44,7,7,0.7963829892022269,0.7666271924972534,0.9459967851638794,0.0,1.4394837617874146,0.9192879796028137,0.013866710476577282,0,7,7,0,0.006469562651742718,231,7,000000553731.jpg,3,3,0.7802836639540536,0.7666271924972534,0.9459968566894531,3,3,238,1,1,0.4957682764423745,7
one2one,6,42,0,overlap,6,6,6,42,6,6,0.8589627146720886,0.8842186331748962,0.9583379030227661,0.0,0.9634093642234802,1.4096540212631226,0.011381041258573532,0,6,6,1,0.009243536799847376,212,6,000000554579.jpg,4,4,0.8470550537109375,0.9304881691932678,0.9617472410202026,2,1,217,0,0,0.6537659696768969,5
one2one,,,,overlap,,,,,,,,,,0.0,0.0,0.020708322525024414,0.0,0,0,0,0,0.001982718682847917,5,0,000000556498.jpg,0,0,,,,0,0,5,0,0,,0
one2one,7,49,0,overlap,7,7,7,49,7,7,0.9177531685147967,0.9486840963363647,0.9677614450454712,0.0,0.5828171968460083,0.40421923995018005,0.010372508317232132,0,7,7,0,0.01286129188732539,161,7,000000558854.jpg,4,4,0.9177531770297459,0.9486840963363647,0.9677613496780395,3,3,168,0,0,0.7686355752604348,7
one2one,,,,overlap,,,,,,,,,,0.0,0.0,0.007289409637451172,0.0,0,0,0,0,,0,0,000000560371.jpg,0,0,,,,0,0,0,0,0,,0
one2one,20,140,7,overlap,20,20,20,131,20,20,0.7163141533732414,0.7414847612380981,0.886354011297226,0.0,1.9225459098815918,3.937129020690918,0.014513553120195866,0,20,20,10,0.027437335392460228,290,20,000000560474.jpg,2,1,0.7701797723770142,0.7826558649539948,0.8863541603088378,15,9,300,3,0,0.36031199917197226,10
one2one,6,42,0,overlap,6,6,6,42,6,6,0.9521038830280304,0.96147021651268,0.9702184796333313,0.0,0.3538966774940491,0.45165392756462097,0.0097251171246171,0,6,6,0,0.009198187594301998,70,6,000000562059.jpg,6,6,0.9419084091981252,0.9614702761173248,0.9702184796333313,0,0,76,0,0,0.7263343104471763,6
one2one,4,28,2,overlap,4,4,4,26,4,4,0.7699416428804398,0.7326346933841705,0.9006694793701172,0.0,1.6212369203567505,1.1603196859359741,0.008458872325718403,0,4,4,0,0.009588629373216204,133,4,000000562229.jpg,2,2,0.7572445124387741,0.7310642600059509,0.9006692290306092,0,0,137,2,2,0.44315267307683825,4
one2one,2,14,0,overlap,2,2,2,14,2,2,0.7984893023967743,0.7984893023967743,0.8651080548763275,0.0,1.4536702632904053,0.7207079529762268,0.006586299743503332,0,2,2,0,0.022756543323501115,45,2,000000567011.jpg,0,0,0.79848912358284,0.79848912358284,0.8651080191135406,2,2,47,0,0,0.7351730763912201,2
one2one,5,35,0,overlap,5,5,5,35,5,5,0.8722981572151184,0.8598219156265259,0.9156422853469849,0.0,0.948766827583313,1.2266311645507812,0.00770997442305088,0,5,5,0,0.012696347534930444,221,5,000000567886.jpg,2,2,0.8123802065849304,0.8483701944351196,0.9156421780586242,3,3,226,0,0,0.4977584779262543,5
one2one,10,55,0,overlap,10,10,10,55,10,10,0.5635628893971443,0.5923068821430206,0.8011754512786865,0.0,2.550663471221924,2.1311261653900146,0.00549671333283186,0,10,10,3,0.018092073009953507,185,10,000000570448.jpg,0,0,0.6637963822909764,0.610679566860199,0.8225685954093933,1,1,192,9,6,0.2246345785512988,7
one2one,1,7,0,overlap,1,1,1,7,1,1,0.9454507827758789,0.9454507827758789,0.9454507827758789,0.0,0.3880251944065094,1.6324595212936401,0.005914643872529268,0,1,1,0,0.023790063499103464,63,1,000000571943.jpg,1,1,0.6962231397628784,0.6962231397628784,0.6962231397628784,0,0,64,0,0,0.4302182197570801,1
one2one,2,14,0,overlap,2,2,2,14,2,2,0.9105056822299957,0.9105056822299957,0.9428583443164825,0.0,0.665793240070343,2.470350980758667,0.021143386140465736,0,2,2,1,0.006636452736196722,41,2,000000572303.jpg,1,1,0.8700648546218872,0.8700648546218872,0.8700648546218872,0,0,42,1,0,0.928381085395813,1
one2one,5,35,3,overlap,5,5,5,32,5,5,0.9219903230667115,0.9300326704978943,0.962585198879242,0.0,0.5759931802749634,1.9701731204986572,0.005173900630325079,0,5,5,1,0.02809198160486465,22,5,000000572408.jpg,3,2,0.9297445267438889,0.939559668302536,0.9648348152637481,0,0,26,2,2,0.3542580069042742,4
one2one,2,14,0,overlap,2,2,2,14,2,2,0.8945355117321014,0.8945355117321014,0.959774249792099,0.0,0.7407029867172241,0.6482497453689575,0.004983418621122837,0,2,2,0,0.016715903335936227,53,2,000000574520.jpg,1,1,0.8945357501506805,0.8945357501506805,0.9597743928432465,1,1,55,0,0,0.5179527103900909,2
one2one,3,21,0,overlap,3,3,3,21,3,3,0.8559032678604126,0.8633944988250732,0.966960096359253,0.0,0.9738337397575378,2.174060583114624,0.0094017144292593,0,3,3,1,0.0053071563330983436,48,3,000000575187.jpg,2,2,0.9281229972839355,0.9281229972839355,0.9799059391021728,1,0,50,0,0,0.624790221452713,2
one2one,10,54,2,overlap,10,10,10,52,10,10,0.759859973192215,0.8245116174221039,0.9411190807819366,0.0,1.4589492082595825,2.140913486480713,0.0044653876684606075,0,10,10,2,0.018948547122657627,204,10,000000575243.jpg,2,2,0.7921128123998642,0.7787382304668427,0.9334514439105988,3,3,212,5,3,0.38172280114667956,8
one2one,3,18,0,overlap,3,3,3,18,3,3,0.8932690620422363,0.9525747895240784,0.9626053452491761,0.0,0.7304828763008118,0.5134351849555969,0.0027282056398689747,0,3,3,0,0.030768014687216943,45,3,000000576654.jpg,1,1,0.8932692011197408,0.9525750875473022,0.9626055002212525,1,1,48,1,1,0.8076310952504476,3
one2one,5,35,0,overlap,5,5,5,35,5,5,0.9086716532707214,0.9173933863639832,0.9755154371261596,0.0,0.6616063714027405,0.5919519662857056,0.006181064993143082,0,5,5,0,0.01849911156265686,51,5,000000580197.jpg,3,3,0.9054514050483704,0.9173933863639832,0.9755154371261596,0,0,56,2,2,0.6162472888827324,5
one2one,2,14,0,overlap,2,2,2,14,2,2,0.9142333567142487,0.9142333567142487,0.9731148064136506,0.0,0.6011478900909424,0.5100170373916626,0.0024098875001072884,0,2,2,0,0.017104822711773077,53,2,000000581317.jpg,1,1,0.91423299908638,0.91423299908638,0.9731147348880768,0,0,55,1,1,0.8186776340007782,2
