seed,device,cell,sample,image_index,total_ms,preprocess_ms,inference_ms,postprocess_ms,detections
260829,cpu,a,0,0,5580.992251008865,20.39826801046729,5534.135182999307,24.24324199091643,16
260829,cpu,a,1,1,5153.974824992474,11.221797991311178,5124.04151399096,18.219754987512715,1
260829,cpu,a,2,2,5129.017822997412,15.131075997487642,5090.128916010144,23.25358999951277,6
260829,cpu,a,3,3,5139.954161000787,12.188519001938403,5109.045332996175,18.217591001302935,2
260829,cpu,a,4,4,5112.000426001032,15.1408759993501,5078.1480349978665,18.218942001112737,4
260829,cpu,a,5,5,5119.966693004244,11.218639003345743,5089.973006994114,18.27465300448239,2
260829,cpu,a,6,6,5107.967303993064,11.156506996485405,5078.052640004898,18.26955599244684,2
260829,cpu,a,7,7,5913.013872996089,11.188317992491648,5883.116590994177,18.230153000331484,3
260829,cpu,a,8,8,5130.031278007664,11.239775994908996,5093.986409003264,24.3110300070839,7
260829,cpu,a,9,9,5142.9832440044265,11.075176997110248,5107.063584000571,24.318447001860477,16
260829,cpu,a,10,10,5118.976683996152,12.071379998815246,5082.117104000645,24.24772900121752,7
260829,cpu,a,11,11,5130.986114003463,11.189281998667866,5100.9801990003325,18.29781300330069,5
260829,cpu,a,12,12,5131.062953994842,11.120428986032493,5095.189443003619,24.223494008765556,7
260829,cpu,a,13,13,5186.903937996249,11.082746990723535,5157.075477996841,18.189681009971537,2
260829,cpu,a,14,14,5133.00040300237,11.2148260086542,5102.994896995369,18.283369005075656,1
260829,cpu,a,15,15,5163.009894997231,11.11288600077387,5127.1104059997015,24.274732000776567,5
260829,cpu,a,16,0,5473.974341002759,11.174690996995196,5438.03722699522,24.241909006377682,16
260829,cpu,a,17,1,5121.031776012387,15.120350988581777,5087.088262007455,18.318291011382826,1
260829,cpu,a,18,2,5127.938427991467,10.991208997438662,5092.119988010381,24.249122012406588,6
260829,cpu,a,19,3,5131.9448229915,16.11378599773161,5097.055502003059,18.272305009304546,2
260829,cpu,a,20,4,5095.993543000077,11.158272012835369,5066.083327008528,18.259656004374847,4
260829,cpu,a,21,5,5097.008199998527,11.156687993207015,5067.077475003316,18.27954400505405,2
260829,cpu,a,22,6,5101.9811000005575,11.138057001517154,5072.137309995014,18.21347999793943,2
260829,cpu,a,23,7,5108.0285829957575,11.24281699594576,5078.031443001237,18.256547991768457,3
260829,cpu,a,24,8,5117.938527997467,15.072769994731061,5078.0608050117735,24.27596799680032,7
260829,cpu,a,25,9,5134.005425003124,11.166349999257363,5098.05963600229,24.297806987306103,16
260829,cpu,a,26,10,5123.995121000917,11.144791002152488,5088.113665988203,24.243034000392072,7
260829,cpu,a,27,11,5154.009258010774,11.225259004277177,5124.060169007862,18.221279999124818,5
260829,cpu,a,28,12,5139.9531710048905,11.194923004950397,5104.013749005389,24.232655996456742,7
260829,cpu,a,29,13,5156.018276000395,11.254564000410028,5126.033995999023,18.24276200204622,2
260829,cpu,a,30,14,5147.962398012169,11.209520991542377,5117.970035993494,18.28337500046473,1
260829,cpu,a,31,15,5115.005896004732,11.16552199528087,5079.11097399483,24.246760993264616,5
260829,cpu,a,32,0,5117.025119994651,11.220485001103953,5081.053002999397,24.24661599798128,16
260829,cpu,a,33,1,5129.935613003909,11.175555002409965,5099.98061999795,18.273499998031184,1
260829,cpu,a,34,2,5098.992981991614,11.150731996167451,5063.100703002419,24.24378901196178,6
260829,cpu,a,35,3,5100.012914990657,11.231633994611911,5070.059338002466,18.21960200322792,2
260829,cpu,a,36,4,5097.965007997118,11.172724000061862,5068.04551499954,18.20939099707175,4
260829,cpu,a,37,5,5114.979709993349,11.239231011131778,5085.014525000588,18.236566000268795,2
260829,cpu,a,38,6,5099.005281997961,11.259733990300447,5068.968235995271,18.29445900511928,2
260829,cpu,a,39,7,5108.986616993207,11.139094989630394,5079.115808010101,18.23400700232014,3
260829,cpu,a,40,8,5158.99355399597,11.229484007344581,5123.049547997653,24.216023011831567,7
260829,cpu,a,41,9,5160.986058996059,11.249866001890041,5124.950611003442,24.299231998156756,16
260829,cpu,a,42,10,5155.982851996669,11.165660005644895,5120.1037259888835,24.242544997832738,7
260829,cpu,a,43,11,5147.986740004853,11.254233992076479,5118.010145000881,18.244998005684465,5
260829,cpu,a,44,12,5114.987375010969,11.25117800256703,5078.968215006171,24.282769998535514,7
260829,cpu,a,45,13,5109.976502004429,11.166405995027162,5080.095099008759,18.233509006677195,2
260829,cpu,a,46,14,5109.989418997429,15.18219399440568,5076.0580109927105,18.26697200885974,1
260829,cpu,a,47,15,5098.016412986908,11.180829998920672,5062.063849996775,24.286554005811922,5
260829,cpu,a,48,0,5087.977813003818,11.14740599587094,5052.054366009543,24.286424988531508,16
260829,cpu,a,49,1,5088.983859997825,11.175623993040062,5059.130545996595,18.205051994300447,1
260829,cpu,a,50,2,5103.987205991871,11.245129004237242,5067.966665010317,24.280936006107368,6
260829,cpu,a,51,3,5094.999874010682,11.174019004101865,5065.0693790084915,18.27539800433442,2
260829,cpu,a,52,4,5137.043330003507,11.161696005729027,5107.092464008019,18.294993991730735,4
260829,cpu,a,53,5,5137.971011994523,11.085809004725888,5108.0650509975385,18.291792992386036,2
260829,cpu,a,54,6,5236.970056997961,11.095948997535743,5207.21410799888,18.1385330070043,2
260829,cpu,a,55,7,5159.972252004081,11.236909995204769,5129.962622988387,18.279846000950783,3
260829,cpu,a,56,8,5150.017349005793,11.165563002577983,5114.136378993862,24.229930000728928,7
260829,cpu,a,57,9,5136.960842995904,11.216778992093168,5101.0351270087995,24.220020000939257,16
260829,cpu,a,58,10,5111.976194995805,11.249183007748798,5075.970531004714,24.276568001369014,7
260829,cpu,a,59,11,5092.990540986648,11.176879008417018,5063.056438986678,18.279945012181997,5
260829,cpu,a,60,12,5113.992640996003,11.261710998951457,5078.03057700221,24.220236999099143,7
260829,cpu,a,61,13,5086.986433991115,11.260779996518977,5057.027063987334,18.21771598770283,2
260829,cpu,a,62,14,5081.979800001136,11.260225001024082,5051.970610002172,18.266670987941325,1
260829,cpu,a,63,15,5100.000385005842,10.182931000599638,5065.055073006079,24.276085998280905,5
260829,cpu,a,64,0,5097.021335008321,11.16146300046239,5061.0637920035515,24.298951990203932,16
260829,cpu,a,65,1,5136.948761995882,11.150837002787739,5107.053608997376,18.272108005476184,1
260829,cpu,a,66,2,5109.02875699685,11.185747993295081,5073.061388990027,24.298645003000274,6
260829,cpu,a,67,3,5181.000138007221,11.13300099677872,5151.08485800738,18.283240002347156,2
260829,cpu,a,68,4,5135.97215799382,11.105769997811876,5106.125969992718,18.229348002932966,4
260829,cpu,a,69,5,5149.962349009002,11.244298002566211,5119.970575004118,18.274841000675224,2
260829,cpu,a,70,6,5104.988872000831,11.177129999850877,5075.0610059913015,18.274462010595016,2
260829,cpu,a,71,7,5095.01456200087,11.183088994584978,5065.06882100075,18.284456004039384,3
260829,cpu,a,72,8,5099.99757699552,11.152638006024063,5064.066014994751,24.287031003041193,7
260829,cpu,a,73,9,5090.9713239962,11.132006999105215,5055.050745999324,24.291939989780076,16
260829,cpu,a,74,10,5089.98226300173,11.172400001669303,5054.120246000821,24.21937200415414,7
260829,cpu,a,75,11,5090.978914988227,15.173342006164603,5057.057792000705,18.272953006089665,5
260829,cpu,a,76,12,5092.012185006752,11.14192399836611,5056.060657007038,24.285995998070575,7
260829,cpu,a,77,13,5090.962948001106,11.137131994473748,5061.112406998291,18.216548996861093,2
260829,cpu,a,78,14,5137.999807993765,11.270636998233385,5107.977047999157,18.270756001584232,1
260829,cpu,a,79,15,5102.04048200103,11.146624005050398,5066.104070996516,24.266905995318666,5
260829,cpu,a,80,0,5151.94383400376,11.18448500346858,5115.969373000553,24.28725599020254,16
260829,cpu,a,81,1,5120.973862009123,11.181328009115532,5091.062106002937,18.26592300494667,1
260829,cpu,a,82,2,5154.045319999568,11.190299002919346,5118.069969001226,24.302503996295854,6
260829,cpu,a,83,3,5131.936064004549,12.193646005471237,5100.963181001134,18.27403300558217,2
260829,cpu,a,84,4,5084.024081006646,11.179295004694723,5054.099752000184,18.260818003909662,4
260829,cpu,a,85,5,5108.989763000864,15.125769001315348,5075.081869988935,18.27828399837017,2
260829,cpu,a,86,6,5093.968560002395,11.132173996884376,5064.114555003471,18.229189998237416,2
260829,cpu,a,87,7,5107.973991995095,11.259945007623173,5077.968696990865,18.273066001711413,3
260829,cpu,a,88,8,5101.9905340072,11.177908003446646,5066.058227006579,24.273891001939774,7
260829,cpu,a,89,9,5102.039846999105,11.182014000951312,5066.060551995179,24.313103989697993,16
260829,cpu,a,90,10,5097.965036999085,11.119322996819392,5062.095985995256,24.256447999505326,7
260829,cpu,a,91,11,5129.971114991349,11.240186999202706,5099.968879992957,18.28028199088294,5
260829,cpu,a,92,12,5125.071101996582,11.177095992024988,5089.097921998473,24.30716900562402,7
260829,cpu,a,93,13,5142.939206998562,11.078016003011726,5113.070763996802,18.274866000865586,2
260829,cpu,a,94,14,5131.986253996729,11.113115004263818,5102.122406009585,18.24129099259153,1
260829,cpu,a,95,15,5147.991655001533,11.234909994527698,5112.025562004419,24.24882100604009,5
260829,cpu,a,96,0,5131.9785569939995,11.210818003746681,5095.974848998594,24.288610991789028,16
260829,cpu,a,97,1,5122.9749110061675,11.151051992783323,5093.142386002,18.200060003437102,1
260829,cpu,a,98,2,5114.042565997806,11.252566997427493,5078.068399991025,24.232598996604793,6
260829,cpu,a,99,3,5099.930172000313,11.196614999789745,5070.018750993768,18.223746999865398,2
260829,cpu,a,100,4,5096.99651900155,13.228925003204495,5064.984497992555,18.270418993779458,4
260829,cpu,a,101,5,5089.971477005747,11.156309992657043,5060.117578992504,18.214009003713727,2
260829,cpu,a,102,6,5089.994462992763,11.275632001343183,5059.972299000947,18.27383501222357,2
260829,cpu,a,103,7,5091.995458991732,11.178621993167326,5062.052537992713,18.285354992258362,3
260829,cpu,a,104,8,5096.006896012113,11.171154998010024,5060.056155009079,24.297078998642974,7
260829,cpu,a,105,9,5109.998580999672,11.162865994265303,5074.123763988609,24.240978993475437,16
260829,cpu,a,106,10,5190.997448997223,11.231413009227253,5155.101563999779,24.178841995308176,7
260829,cpu,a,107,11,5124.967921001371,11.216042999876663,5094.963964991621,18.294278997927904,5
260829,cpu,a,108,12,5158.004159995471,11.133787003927864,5120.079734988394,26.282022998202592,7
260829,cpu,a,109,13,5125.94500099658,11.13515000906773,5096.104814001592,18.21872900472954,2
260829,cpu,a,110,14,5104.994943001657,11.273545998847112,5074.9864550016355,18.25638698937837,1
260829,cpu,a,111,15,5107.032969011925,11.179299996001646,5071.075581989135,24.292753005283885,5
260829,cpu,a,112,0,5097.959403006826,11.123579010018148,5062.049868007307,24.288290995173156,16
260829,cpu,a,113,1,5086.970806994941,11.165207994054072,5057.060191989876,18.269011998199858,1
260829,cpu,a,114,2,5089.999544012244,11.176271000294946,5054.115644001286,24.222861000453122,6
260829,cpu,a,115,3,5102.985249002813,12.265123994438909,5071.970224991674,18.273267007316463,2
260829,cpu,a,116,4,5100.982233998366,11.169441000674851,5071.055822001654,18.273783003678545,4
260829,cpu,a,117,5,5080.008922013803,11.192531004780903,5050.11087100138,18.23648699792102,2
260829,cpu,a,118,6,5104.006274996209,11.250208001001738,5073.985345006804,18.283015000633895,2
260829,cpu,a,119,7,5156.9693320052465,11.129949998576194,5127.067306995741,18.272532004630193,3
260829,cpu,a,120,8,5127.969919005409,11.163461997057311,5092.056000008597,24.271692003821954,7
260829,cpu,a,121,9,5134.034329006681,11.194963997695595,5098.084986995673,24.28001500084065,16
260829,cpu,a,122,10,5139.960652013542,11.129197009722702,5104.051034999429,24.28367201355286,7
260829,cpu,a,123,11,5089.986922001117,11.174208004376851,5060.125824005809,18.20886498899199,5
260829,cpu,a,124,12,5109.027594997315,11.251781994360499,5073.036272995523,24.243674997705966,7
260829,cpu,a,125,13,5090.952709011617,11.226488000829704,5061.002777001704,18.240221004816703,2
260829,cpu,a,126,14,5104.031728988048,11.26232699607499,5074.05288600421,18.228289001854137,1
260829,cpu,a,127,15,5119.966576996376,11.182116999407299,5084.019201007322,24.24605199485086,5
260829,cpu,a,128,0,5142.999345000135,11.232603996177204,5106.989599997178,24.281011006678455,16
260829,cpu,a,129,1,5189.00465000479,11.132485000416636,5159.1302739980165,18.23819600394927,1
260829,cpu,a,130,2,5093.981217010878,11.155750005855225,5058.058836002601,24.220750987296924,6
260829,cpu,a,131,3,5126.979433000088,16.102448003948666,5092.058040012489,18.296691996511072,2
260829,cpu,a,132,4,5124.968657008139,11.113093001767993,5095.071948002442,18.27273600792978,4
260829,cpu,a,133,5,5129.971856003976,11.16340899898205,5100.089183993987,18.239747994812205,2
260829,cpu,a,134,6,5133.988747998956,11.70590599940624,5103.059884000686,18.271191001986153,2
260829,cpu,a,135,7,5139.986265989137,11.18767801381182,5110.057669007801,18.27409499674104,3
260829,cpu,a,136,8,5100.002806997509,11.189508004463278,5064.057193987537,24.284293001983315,7
260829,cpu,a,137,9,5122.995880010421,11.1648599995533,5085.53252198908,25.815572997089475,16
260829,cpu,a,138,10,5112.981779995607,11.145016993395984,5077.094320004107,24.24451599654276,7
260829,cpu,a,139,11,5110.985716004507,11.262801999691874,5080.970814000466,18.27511200099252,5
260829,cpu,a,140,12,5105.988408002304,11.170450001372956,5070.057832010207,24.2767419986194,7
260829,cpu,a,141,13,5078.997304997756,11.178105996805243,5049.128543003462,18.21070900768973,2
260829,cpu,a,142,14,5093.974253992201,11.245720001170412,5064.007548004156,18.234459988889284,1
260829,cpu,a,143,15,5099.022952999803,18.19261399214156,5056.075191998389,24.280631012516096,5
260829,cpu,a,144,0,5132.991129998118,11.127115009003319,5097.068679999211,24.286368003231473,16
260829,cpu,a,145,1,5100.96327100473,11.141372990095988,5071.175085002324,18.156740989070386,1
260829,cpu,a,146,2,5168.025455001043,11.248686001636088,5132.033408997813,24.238252997747622,6
260829,cpu,a,147,3,5120.94349200197,11.21505000628531,5090.965964001953,18.273000008775853,2
260829,cpu,a,148,4,5124.990434997017,11.18630099517759,5095.107291999739,18.225610998342745,4
260829,cpu,a,149,5,5133.997821001685,11.275835000560619,5104.032937990269,18.215871998108923,2
260829,cpu,a,150,6,5128.986769006588,11.268336995271966,5098.970525999903,18.27537400822621,2
260829,cpu,a,151,7,5113.00668399781,11.183508991962299,5083.068174004438,18.28116999240592,3
260829,cpu,a,152,8,5110.988148997421,11.143321011331864,5075.065311000799,24.278491997392848,7
260829,cpu,a,153,9,5089.990719003254,11.153555009514093,5054.09267100913,24.25862499512732,16
260829,cpu,a,154,10,5087.989679988823,11.249101997236721,5052.026414996362,24.23326099233236,7
260829,cpu,a,155,11,5085.973050998291,16.151260992046446,5051.118310002494,18.214024996268563,5
260829,cpu,a,156,12,5089.994394002133,11.27104100305587,5054.015682995669,24.23235500464216,7
260829,cpu,a,157,13,5098.99553800642,11.262315005296841,5069.0405260102125,18.21531800669618,2
260829,cpu,a,158,14,5097.988753987011,11.249957999098115,5068.030804992304,18.211693997727707,1
260829,cpu,a,159,15,5112.008807001985,15.168249999987893,5072.143028010032,24.216057994635776,5
260829,cpu,a,160,0,5153.974512999412,11.231953001697548,5117.977554997196,24.2831159994239,16
260829,cpu,a,161,1,5149.99339300266,11.164850002387539,5120.119637998869,18.227530003059655,1
260829,cpu,a,162,2,5125.981069999398,11.243920991546474,5090.031799001736,24.22361299977638,6
260829,cpu,a,163,3,5126.995729006012,11.25277100072708,5096.974125000997,18.28617100545671,2
260829,cpu,a,164,4,5150.0014679913875,11.642138008028269,5119.111603999045,18.2449559943052,4
260829,cpu,a,165,5,5125.968879990978,11.206456998479553,5096.030210988829,18.21795600699261,2
260829,cpu,a,166,6,5120.977083992329,11.239225001190789,5090.970475008362,18.27409399265889,2
260829,cpu,a,167,7,5102.02221799409,11.188834992935881,5072.086979998858,18.272133005666547,3
260829,cpu,a,168,8,5110.959624013049,11.136757006170228,5075.056258006953,24.273843999253586,7
260829,cpu,a,169,9,5099.0038130112225,11.174792001838796,5063.06125500123,24.28810099081602,16
260829,cpu,a,170,10,5103.973801000393,11.159970992594026,5068.095757000265,24.243192994617857,7
260829,cpu,a,171,11,5096.990315010771,15.178155998000875,5063.128638998023,18.203290994279087,5
260829,cpu,a,172,12,5110.994440998184,15.174517990089953,5071.0950790089555,24.24304799933452,7
260829,cpu,a,173,13,5088.97891700326,11.26017200294882,5058.970247991965,18.276684000738896,2
260829,cpu,a,174,14,5103.996168007143,11.180280998814851,5074.1409069887595,18.192553005064838,1
260829,cpu,a,175,15,5134.998545006965,11.253149990807287,5099.0088260004995,24.24418300506659,5
260829,cpu,a,176,0,5139.980125008151,11.255869001615793,5103.962398992735,24.287262000143528,16
260829,cpu,a,177,1,5099.009953002678,11.18148400564678,5069.103695001104,18.2466789992759,1
260829,cpu,a,178,2,5135.968903006869,15.131559004657902,5096.089293001569,24.244034008006565,6
260829,cpu,a,179,3,5151.97407900996,17.172478008433245,5116.056131999358,18.270136992214248,2
260829,cpu,a,180,4,5116.995648000739,11.187070995219983,5087.107132014353,18.225148000055924,4
260829,cpu,a,181,5,5120.98669099214,11.267203008173965,5091.02901899314,18.212313996627927,2
260829,cpu,a,182,6,5097.99022799416,11.27811599872075,5068.00724400091,18.233019989565946,2
260829,cpu,a,183,7,5088.988627001527,11.269573005847633,5059.026843999163,18.21599500544835,3
260829,cpu,a,184,8,5089.993650006363,11.27554799313657,5053.971258006641,24.274605995742604,7
260829,cpu,a,185,9,5095.00967200438,11.179051987710409,5059.119832003489,24.231135001173243,16
260829,cpu,a,186,10,5107.973178994143,11.25156000489369,5071.971131997998,24.277060001622885,7
260829,cpu,a,187,11,5093.027130002156,11.170069003128447,5063.080592008191,18.28095100063365,5
260829,cpu,a,188,12,5151.952379994327,11.122797994175926,5116.0849050065735,24.248876987257972,7
260829,cpu,a,189,13,5108.9744820055785,11.26210299844388,5078.965155000333,18.272019995492883,2
260829,cpu,a,190,14,5145.9893729916075,11.19627000298351,5116.116510005668,18.210048001492396,1
260829,cpu,a,191,15,5160.011792002479,11.279744998319075,5123.966489001759,24.288879008963704,5
260829,cpu,a,192,0,5124.988906012732,11.176959989825264,5089.117216004524,24.230362003436312,16
260829,cpu,a,193,1,5121.9663659867365,11.258180005825125,5091.967861997546,18.26787799654994,1
260829,cpu,a,194,2,5141.008018006687,11.198701991816051,5104.056523006875,25.28285200241953,6
260829,cpu,a,195,3,5144.991895998828,11.182230999111198,5115.060607990017,18.278086005011573,2
260829,cpu,a,196,4,5093.007624993334,11.174725004821084,5063.14061798912,18.211356989922933,4
260829,cpu,a,197,5,5105.9645770001225,11.216386992600746,5076.039824009058,18.20545298687648,2
260829,cpu,a,198,6,5100.002353006857,11.27052000083495,5069.975975013222,18.278878997080028,2
260829,cpu,a,199,7,5089.0060660021845,11.173563994816504,5059.145680002985,18.20562699867878,3
260829,cpu,b,0,0,5107.848832994932,13.692872002138756,5089.612001000205,0.2891390031436458,14
260829,cpu,b,1,1,5110.884117995738,10.528052996960469,5099.583539995365,0.24320199736393988,1
260829,cpu,b,2,2,5141.922755006817,10.613459002343006,5130.550201007281,0.22918400645721704,7
260829,cpu,b,3,3,5110.072858995409,10.72551500692498,5098.634640991804,0.22905900550540537,2
260829,cpu,b,4,4,5112.869574993965,11.646474988083355,5097.5172799953725,0.22727300529368222,3
260829,cpu,b,5,5,5110.005000009551,10.756206000223756,5098.532040996361,0.22913000429980457,2
260829,cpu,b,6,6,5144.211032005842,10.750475994427688,5132.73179299722,0.2366679982515052,2
260829,cpu,b,7,7,5136.795061989687,15.529094001976773,5120.548678998603,0.229406010475941,3
260829,cpu,b,8,8,5076.078673999291,10.719054989749566,5064.642810000805,0.2301030035596341,7
260829,cpu,b,9,9,5086.011370993219,10.711302005802281,5074.562191002769,0.2391419984633103,13
260829,cpu,b,10,10,5092.877766001038,10.589265002636239,5081.547396999667,0.23017599596641958,7
260829,cpu,b,11,11,5096.143704999122,10.719145007897168,5084.686019006767,0.23523900017607957,4
260829,cpu,b,12,12,5070.940736011835,10.637102997861803,5059.560377994785,0.23108499590307474,9
260829,cpu,b,13,13,5091.872443998,11.699882001266815,5079.447322001215,0.23135999799706042,2
260829,cpu,b,14,14,5081.9782790058525,10.730365000199527,5070.536307001021,0.22331401123665273,0
260829,cpu,b,15,15,5090.181293999194,10.691784002119675,5078.706230997341,0.2327490074094385,4
260829,cpu,b,16,0,5095.906353992177,15.544442998361774,5079.6031359932385,0.2548180054873228,14
260829,cpu,b,17,1,5116.027633994236,10.620946995913982,5104.659423988778,0.2324779925402254,1
260829,cpu,b,18,2,5104.96360900288,10.685918998206034,5093.5600209922995,0.2273499994771555,7
260829,cpu,b,19,3,5118.995718003134,10.697842997615226,5107.54358000122,0.2432959881843999,2
260829,cpu,b,20,4,5105.868988001021,10.608066004351713,5094.516742989072,0.22989200078882277,3
260829,cpu,b,21,5,5133.024752998608,10.744750004960224,5121.563143999083,0.23188100021798164,2
260829,cpu,b,22,6,5112.0545610028785,10.67068800330162,5100.625957988086,0.2282310015289113,2
260829,cpu,b,23,7,5084.066378010903,10.723218991188332,5072.603794003953,0.2338699996471405,3
260829,cpu,b,24,8,5072.991542998352,10.647907998645678,5061.598768006661,0.2385279949521646,7
260829,cpu,b,25,9,5082.862448005471,15.561300999252126,5066.57860201085,0.22687000455334783,13
260829,cpu,b,26,10,5079.084848999628,10.68395099719055,5067.667593000806,0.23489000159315765,7
260829,cpu,b,27,11,5089.843552006641,10.661809996236116,5078.443633014103,0.22827100474387407,4
260829,cpu,b,28,12,5100.123192998581,10.747221007477492,5088.636409986066,0.23537200468126684,9
260829,cpu,b,29,13,5087.877808997291,10.684382010367699,5076.454221998574,0.23403100203722715,2
260829,cpu,b,30,14,5109.959228997468,10.714624004322104,5098.52980299911,0.22225698921829462,0
260829,cpu,b,31,15,5101.117630998488,10.752196991234086,5089.640295991558,0.23397199402097613,4
260829,cpu,b,32,0,5129.9270870076725,11.622135003563017,5114.575421001064,0.23415700707118958,14
260829,cpu,b,33,1,5103.957817991613,10.666406989912502,5092.553993003094,0.2270560071337968,1
260829,cpu,b,34,2,5104.004487991915,10.716783988755196,5092.570263994276,0.22739499399904162,7
260829,cpu,b,35,3,5115.948118007509,10.709501002565958,5104.529524003738,0.22670600446872413,2
260829,cpu,b,36,4,5134.0889720013365,10.750649002147838,5122.623039991595,0.2300930063938722,3
260829,cpu,b,37,5,5130.933624008321,10.745709005277604,5119.474570004968,0.23330700059887022,2
260829,cpu,b,38,6,5095.094409000012,10.696957004256546,5083.660989010241,0.23405899992212653,2
260829,cpu,b,39,7,5104.890453003463,11.585209998884238,5089.568502007751,0.23232700186781585,3
260829,cpu,b,40,8,5071.048413999961,10.699970996938646,5059.630712989019,0.22899000032339245,7
260829,cpu,b,41,9,5085.028893998242,15.640334007912315,5068.664425009047,0.2321880019735545,13
260829,cpu,b,42,10,5088.947697004187,10.679685990908183,5077.543710998725,0.2283770008943975,7
260829,cpu,b,43,11,5083.136317000026,10.737440999946557,5071.654726998531,0.25369699869770557,4
260829,cpu,b,44,12,5096.823081999901,15.474145009648055,5080.579660992953,0.24135100829880685,9
260829,cpu,b,45,13,5077.962390991161,10.659791994839907,5066.567914007464,0.23414900351781398,2
260829,cpu,b,46,14,5116.016066996963,10.683514992706478,5104.600714999833,0.23191800573840737,0
260829,cpu,b,47,15,5117.1607859869255,10.660339001333341,5105.757801007712,0.2430019958410412,4
260829,cpu,b,48,0,5132.909707012004,10.583420997136272,5121.584426990012,0.23720000172033906,14
260829,cpu,b,49,1,5116.8192439945415,10.670538002159446,5105.43479899934,0.22701401030644774,1
260829,cpu,b,50,2,5097.998769997503,10.736997006461024,5086.54091200151,0.22708199685439467,7
260829,cpu,b,51,3,5109.1066539956955,10.74216100096237,5097.655571997166,0.22815099509898573,2
260829,cpu,b,52,4,5146.965246996842,10.708244997658767,5135.543423006311,0.22903199715074152,3
260829,cpu,b,53,5,5107.879807997961,10.717166005633771,5096.43007600971,0.23092300398275256,2
260829,cpu,b,54,6,5094.112348000635,10.744630999397486,5082.638943000347,0.23082600091584027,2
260829,cpu,b,55,7,5111.916305992054,10.710110000218265,5100.477334999596,0.23074299679137766,3
260829,cpu,b,56,8,5090.170828989358,10.703410996939056,5078.7204609951,0.2474739885656163,7
260829,cpu,b,57,9,5092.944201009232,10.599007000564598,5078.589419004857,0.24271500296890736,13
260829,cpu,b,58,10,5090.956643995014,11.524611007189378,5078.659922990482,0.23162800061982125,7
260829,cpu,b,59,11,5146.999241987942,10.6808779964922,5135.564253985649,0.24794299679342657,4
260829,cpu,b,60,12,5098.011697002221,10.536361995036714,5086.683984001866,0.24040701100602746,9
260829,cpu,b,61,13,5082.965569992666,15.565800000331365,5066.638699005125,0.2576729893917218,2
260829,cpu,b,62,14,5123.029818991199,10.536999005125836,5111.714419996133,0.23325100482907146,0
260829,cpu,b,63,15,5156.019743997604,15.522672998486087,5139.733043004526,0.23772699933033437,4
260829,cpu,b,64,0,5137.773743990692,10.583412993582897,5126.458042010199,0.2289929980179295,14
260829,cpu,b,65,1,5106.091302004643,10.71582299482543,5094.630070001585,0.24228700203821063,1
260829,cpu,b,66,2,5130.09435099957,10.602719004964456,5118.728775007185,0.23875800252426416,7
260829,cpu,b,67,3,5132.04014900839,10.592963008093648,5120.687090005958,0.2520240086596459,2
260829,cpu,b,68,4,5138.888927001972,15.45889800763689,5122.670491997269,0.2400880039203912,3
260829,cpu,b,69,5,5115.024669998093,10.64426900120452,5103.5914850072,0.256850995356217,2
260829,cpu,b,70,6,5099.871850994532,15.492078004172072,5083.598099998198,0.24228599795605987,2
260829,cpu,b,71,7,5110.165430000052,11.603781997109763,5094.759783998597,3.256096999393776,3
260829,cpu,b,72,8,5111.994387989398,11.393920998671092,5096.758152998518,3.260557001340203,7
260829,cpu,b,73,9,5096.963966003386,11.428612007875927,5084.728929999983,0.25782600278034806,13
260829,cpu,b,74,10,5094.952911007567,10.475075003341772,5083.698918999289,0.2406089915893972,7
260829,cpu,b,75,11,5102.031026995974,10.61745198967401,5090.6361189991,0.2589430077932775,4
260829,cpu,b,76,12,5089.940715013654,10.541898998781107,5078.622882007039,0.24068899801932275,9
260829,cpu,b,77,13,5149.918425013311,15.507057003560476,5133.632236000267,0.2514280058676377,2
260829,cpu,b,78,14,5104.9882210063515,10.568540994427167,5093.635430996073,0.23992601200006902,0
260829,cpu,b,79,15,5162.191857001744,12.15655100531876,5147.815413001808,0.2585970069048926,4
260829,cpu,b,80,0,5145.937815002981,10.472129011759534,5131.681921004201,3.2507319992873818,14
260829,cpu,b,81,1,5117.973444997915,11.443142997450195,5102.751001002616,3.2534820056753233,1
260829,cpu,b,82,2,5107.829325002967,11.449710989836603,5095.623340996099,0.22670600446872413,7
260829,cpu,b,83,3,5133.055616010097,10.72439800191205,5121.598514000652,0.2393989998381585,2
260829,cpu,b,84,4,5126.910410006531,15.558327999315225,5110.622266001883,0.2294160076417029,3
260829,cpu,b,85,5,5079.965488999733,15.649085995391943,5063.599171000533,0.2308289986103773,2
260829,cpu,b,86,6,5084.1501639952185,11.663621000479907,5068.737166991923,0.24025999300647527,2
260829,cpu,b,87,7,5098.793019991717,10.591012993245386,5087.4750270013465,0.22656800865661353,3
260829,cpu,b,88,8,5092.955027008429,10.694138007238507,5081.531483010622,0.22670799808111042,7
260829,cpu,b,89,9,5094.134264989407,10.738103999756277,5082.673095006612,0.22821000311523676,13
260829,cpu,b,90,10,5073.954744002549,15.607078996254131,5057.632386000478,0.23179898562375456,7
260829,cpu,b,91,11,5068.969754996942,10.708000001613982,5057.530892008799,0.22924499353393912,4
260829,cpu,b,92,12,5079.009484004928,10.744975006673485,5067.5463730003685,0.22926300880499184,9
260829,cpu,b,93,13,5091.066841996508,15.628731998731382,5074.690191002446,0.24123600451275706,2
260829,cpu,b,94,14,5147.865644001286,10.634858001139946,5136.4894500002265,0.24195500009227544,0
260829,cpu,b,95,15,5122.937484993599,10.678316000849009,5111.538800993003,0.22859900491312146,4
260829,cpu,b,96,0,5143.997767998371,10.734666997450404,5132.551973001682,0.22765299945604056,14
260829,cpu,b,97,1,5120.978610008024,10.71797200711444,5109.538835997228,0.22714199440088123,1
260829,cpu,b,98,2,5114.006197996787,10.739712000940926,5102.551083997241,0.23101600527297705,7
260829,cpu,b,99,3,5141.114597005071,10.726897002314217,5129.674056006479,0.23181599681265652,2
260829,cpu,b,100,4,5102.924545994028,10.682434993213974,5091.518711997196,0.23174501257017255,3
260829,cpu,b,101,5,5099.9896279972745,10.749237990239635,5088.525611994555,0.227668002480641,2
260829,cpu,b,102,6,5111.063938005827,11.660485994070768,5095.684989995789,0.23008199059404433,2
260829,cpu,b,103,7,5085.855066994554,10.671889991499484,5074.467225000262,0.22785700275562704,3
260829,cpu,b,104,8,5077.967848003027,10.691693998523988,5066.531813004985,0.2307859977008775,7
260829,cpu,b,105,9,5081.015466013923,10.732192007708363,5069.559497991577,0.2275440056109801,13
260829,cpu,b,106,10,5084.06611099781,10.709334004786797,5072.632604002138,0.230377001571469,7
260829,cpu,b,107,11,5083.99158300017,10.720621998189017,5072.537641986855,0.23453100584447384,4
260829,cpu,b,108,12,5103.9984859962715,10.689702001400292,5092.532940994715,0.24259000201709569,9
260829,cpu,b,109,13,5119.095670001116,10.60957700246945,5104.710822997731,0.24863300495781004,2
260829,cpu,b,110,14,5154.783400008455,11.496420003823005,5142.543153997394,0.22237800294533372,0
260829,cpu,b,111,15,5123.079241006053,10.730934998719022,5111.636704008561,0.22700500267092139,4
260829,cpu,b,112,0,5113.994946994353,10.729639005148783,5102.555723002297,0.23124500876292586,14
260829,cpu,b,113,1,5126.894236003864,11.6365370049607,5111.544019004214,0.22674299543723464,1
260829,cpu,b,114,2,5125.038961006794,10.73208799061831,5113.587669999106,0.23356601013801992,7
260829,cpu,b,115,3,5100.061149001704,10.68113200017251,5088.660964000155,0.2321820065844804,2
260829,cpu,b,116,4,5083.851357994718,10.693825999624096,5072.431469001458,0.23074400087352842,3
260829,cpu,b,117,5,5108.983065991197,10.727118991781026,5097.519496004679,0.2297249884577468,2
260829,cpu,b,118,6,5081.167462005396,10.751049005193636,5069.68627499009,0.2321659994777292,2
260829,cpu,b,119,7,5094.861880003009,15.569549999781884,5078.568536002422,0.23152100038714707,3
260829,cpu,b,120,8,5077.067802994861,10.698038997361436,5065.635029997793,0.23390100977849215,7
260829,cpu,b,121,9,5105.91022198787,15.6049270008225,5089.56720099377,0.22954300220590085,13
260829,cpu,b,122,10,5064.985760007403,10.708765999879688,5053.558123006951,0.23125199368223548,7
260829,cpu,b,123,11,5087.06134899694,10.690891998820007,5075.633786007529,0.23081900144461542,4
260829,cpu,b,124,12,5111.954314998002,10.718176999944262,5100.485709990608,0.2426209975965321,9
260829,cpu,b,125,13,5106.9984619971365,10.642373992595822,5095.606672010035,0.22905600781086832,2
260829,cpu,b,126,14,5105.987931994605,10.755905008409172,5094.530351998401,0.21973600087221712,0
260829,cpu,b,127,15,5110.9505019994685,10.755633004009724,5099.478607007768,0.2288169926032424,4
260829,cpu,b,128,0,5107.021477990202,10.70037399767898,5095.595932987635,0.2322369982721284,14
260829,cpu,b,129,1,5113.013973008492,10.672564007109031,5101.608180004405,0.23926200810819864,1
260829,cpu,b,130,2,5107.043641997734,14.640473993495107,5091.663780011004,0.23021800734568387,7
260829,cpu,b,131,3,5099.925386995892,10.672913005691953,5088.515916999313,0.23723799677100033,2
260829,cpu,b,132,4,5081.933712994214,10.606533993268386,5070.54527499713,0.2399079967290163,3
260829,cpu,b,133,5,5089.958465003292,10.70159899245482,5078.526520999731,0.23149298795033246,2
260829,cpu,b,134,6,5089.039551996393,10.734252005931921,5077.574579001521,0.23461699311155826,2
260829,cpu,b,135,7,5071.053516003303,10.664392000762746,5059.638353006449,0.23672399402130395,3
260829,cpu,b,136,8,5076.897368009668,10.712165996665135,5065.461204998428,0.23343900102190673,7
260829,cpu,b,137,9,5077.085436001653,10.705804990720935,5065.646647999529,0.23033699835650623,13
260829,cpu,b,138,10,5074.97968399548,10.71585099271033,5063.553583997418,0.2269079996040091,7
260829,cpu,b,139,11,5084.984544999315,10.715098003856838,5073.540910001611,0.23167498875409365,4
260829,cpu,b,140,12,5129.146166000282,12.371703996905126,5112.725537997903,0.26879599317908287,9
260829,cpu,b,141,13,5113.74723399058,10.505785001441836,5102.458086999832,0.22789600188843906,2
260829,cpu,b,142,14,5094.957519002492,10.724968000431545,5083.532342003309,0.2195619890699163,0
260829,cpu,b,143,15,5144.135005000862,10.756539006251842,5132.663384007174,0.23173699446488172,4
260829,cpu,b,144,0,5131.974946998525,11.611020003329031,5116.649634990608,0.22698199609294534,14
260829,cpu,b,145,1,5099.906502000522,11.625547995208763,5084.564118005801,0.23079199308995157,1
260829,cpu,b,146,2,5123.996037000325,10.703905005357228,5112.569050004822,0.22970099234953523,7
260829,cpu,b,147,3,5096.090531005757,10.701824008719996,5084.662891997141,0.23482799588236958,2
260829,cpu,b,148,4,5088.9348780037835,10.673989003407769,5077.524827996967,0.22936299501452595,3
260829,cpu,b,149,5,5091.972099005943,10.734975003288127,5080.519169001491,0.22764099412597716,2
260829,cpu,b,150,6,5074.043032989721,15.67348100070376,5057.658673002152,0.2280069893458858,2
260829,cpu,b,151,7,5081.010320005589,15.616532997228205,5064.6776640060125,0.23014598991721869,3
260829,cpu,b,152,8,5085.029395006131,15.580820996547118,5065.7022989908,0.23697900178376585,7
260829,cpu,b,153,9,5121.84948498907,11.548141003004275,5109.567113002413,0.23088300076778978,13
260829,cpu,b,154,10,5097.019822002039,10.69235400063917,5085.579810009222,0.24322800163645297,7
260829,cpu,b,155,11,5115.0683449959615,10.616469997330569,5103.653653990477,0.24625500373076648,4
260829,cpu,b,156,12,5115.913813991938,10.629178999806754,5104.518157997518,0.23812399012967944,9
260829,cpu,b,157,13,5100.98557099991,10.650769996573217,5089.6181170101045,0.22495999292004853,2
260829,cpu,b,158,14,5099.967714995728,10.752543006674387,5088.515612005722,0.2208340010838583,0
260829,cpu,b,159,15,5141.953209997155,10.772287001600489,5130.467558003147,0.22950000129640102,4
260829,cpu,b,160,0,5123.0125699948985,10.718869001721032,5111.573789006798,0.23204999160952866,14
260829,cpu,b,161,1,5095.054036006331,10.692726005800068,5083.63159300643,0.23124300059862435,1
260829,cpu,b,162,2,5094.995633000508,11.622784004430287,5079.648877988802,0.22727700707037002,7
260829,cpu,b,163,3,5094.981628993992,15.6202479993226,5078.6378320044605,0.2296049933647737,2
260829,cpu,b,164,4,5094.863423990319,10.716799995861948,5083.425606004312,0.23020799562800676,3
260829,cpu,b,165,5,5080.003523005871,10.7494670082815,5068.527845010976,0.22863699996378273,2
260829,cpu,b,166,6,5077.124326009653,10.743442006059922,5065.660753010889,0.23034699552226812,2
260829,cpu,b,167,7,5068.930016001104,10.692019000998698,5057.504324009642,0.23608798801433295,3
260829,cpu,b,168,8,5071.031547005987,10.666487010894343,5059.623099994496,0.2415449998807162,7
260829,cpu,b,169,9,5078.967184002977,10.60396499815397,5067.594617998111,0.2373589959461242,13
260829,cpu,b,170,10,5104.929919994902,10.629301003064029,5093.559639004525,0.22636599896941334,7
260829,cpu,b,171,11,5093.036958001903,10.722753999289125,5081.6113780019805,0.22719800472259521,4
260829,cpu,b,172,12,5100.008652007091,11.674743000185117,5084.626918003778,0.22622899268753827,9
260829,cpu,b,173,13,5095.971560003818,11.649052001303062,5080.615280996426,0.22524400264956057,2
260829,cpu,b,174,14,5133.976701996289,10.746786996605806,5122.502741010976,0.23101699480321258,0
260829,cpu,b,175,15,5111.00142300711,10.661387001164258,5099.594805986271,0.2389129949733615,4
260829,cpu,b,176,0,5094.957538996823,10.655965001205914,5083.569499009172,0.23246499767992646,14
260829,cpu,b,177,1,5100.136332010152,10.688779002521187,5085.698944007163,0.24164399656001478,1
260829,cpu,b,178,2,5079.890951004927,11.54128099733498,5067.622515009134,0.22895299480296671,7
260829,cpu,b,179,3,5081.026786006987,10.735533011029474,5069.556267000735,0.23583800066262484,2
260829,cpu,b,180,4,5077.858543008915,11.594824987696484,5062.528696988011,0.2281909983139485,3
260829,cpu,b,181,5,5071.182329003932,10.740424011601135,5059.69373100379,0.2426810096949339,2
260829,cpu,b,182,6,5077.809021997382,17.54657199489884,5059.534633997828,0.229776997002773,2
260829,cpu,b,183,7,5080.108609996387,10.731377988122404,5068.65741799993,0.2300630003446713,3
260829,cpu,b,184,8,5076.965610001935,10.702364990720525,5065.540223004064,0.23093899653758854,7
260829,cpu,b,185,9,5117.062962002819,15.624650011886843,5100.674927001819,0.24542200844734907,13
260829,cpu,b,186,10,5108.906758992816,10.558394991676323,5097.618237006827,0.22611299937125295,7
260829,cpu,b,187,11,5090.119497006526,11.645311999018304,5074.7304929973325,0.24195799778681248,4
260829,cpu,b,188,12,5123.9209470077185,10.605329007375985,5112.578382992069,0.2356970071559772,9
260829,cpu,b,189,13,5141.842142998939,15.59636800084263,5125.541188986972,0.22791199444327503,2
260829,cpu,b,190,14,5098.06802100502,10.729191999416798,5086.62695599196,0.22150900622364134,0
260829,cpu,b,191,15,5091.921787010506,10.738901008153334,5080.461823992664,0.233161001233384,4
260829,cpu,b,192,0,5091.090761998203,10.717017998103984,5079.656170986709,0.22834099945612252,14
260829,cpu,b,193,1,5073.930658007157,10.7073830004083,5062.514265009668,0.22505999368149787,1
260829,cpu,b,194,2,5077.9752639937215,11.678055001539178,5062.579627003288,0.23008600692264736,7
260829,cpu,b,195,3,5086.039331989014,10.675212004571222,5074.629602007917,0.22820399317424744,2
260829,cpu,b,196,4,5084.8792159958975,10.734099996625446,5073.432434001006,0.22960500791668892,3
260829,cpu,b,197,5,5069.998751991079,10.743478997028433,5058.5321959952125,0.22734000231139362,2
260829,cpu,b,198,6,5104.098223004257,10.74280399188865,5092.641440991429,0.2280000044265762,2
260829,cpu,b,199,7,5103.151100003743,10.72157800081186,5088.677698993706,3.2562449923716486,3
260829,cpu,c,0,0,7210.016024007928,11.261346997343935,7175.966344002518,22.293147994787432,16
260829,cpu,c,1,1,7235.980951998499,13.23196999146603,7203.9778609905625,18.275194001034833,1
260829,cpu,c,2,2,7266.988071001833,11.148721998324618,7231.104714999674,24.234315991634503,5
260829,cpu,c,3,3,7230.981264001457,11.248177994275466,7200.974347011652,18.273402994964272,2
260829,cpu,c,4,4,7234.980462002568,11.165578005602583,7205.122751998715,18.203646992333233,4
260829,cpu,c,5,5,7241.016977000982,11.271128008957021,7211.041226008092,18.219177989521995,2
260829,cpu,c,6,6,7209.999320999486,11.236411999561824,7179.991842000163,18.27540599333588,3
260829,cpu,c,7,7,7218.982053003856,11.140975999296643,7189.072759007104,18.27346399659291,3
260829,cpu,c,8,8,7213.977778010303,11.14602699817624,7178.061553000589,24.276807002024725,7
260829,cpu,c,9,9,7201.02524899994,11.15672499872744,7165.138986005331,24.228372989455238,16
260829,cpu,c,10,10,7213.9578409987735,15.107880986761302,7174.061181998695,24.27762399020139,8
260829,cpu,c,11,11,7207.003999996232,11.158041001181118,7177.113814002951,18.23560000048019,4
260829,cpu,c,12,12,7256.026079005096,16.132741991896182,7215.133288002107,24.24520799831953,8
260829,cpu,c,13,13,7257.939303992316,11.175492007168941,7228.032685001381,18.215007992694154,2
260829,cpu,c,14,14,7237.983817001805,11.241738000535406,7207.9767219984205,18.27142300317064,1
260829,cpu,c,15,15,7281.00584600179,11.169430013978854,7245.068242991692,24.280085999635048,5
260829,cpu,c,16,0,7237.035758007551,11.139743990497664,7201.116259006085,24.27042298950255,16
260829,cpu,c,17,1,7209.917843007133,11.170951998792589,7180.037094003637,18.201667990069836,1
260829,cpu,c,18,2,7207.99494899984,11.264504995779134,7171.973596996395,24.27318699483294,5
260829,cpu,c,19,3,7218.986612992012,11.163992006913759,7189.06175000302,18.268753003212623,2
260829,cpu,c,20,4,7204.9910689966055,11.168288998305798,7175.061032990925,18.268647996592335,4
260829,cpu,c,21,5,7195.006830996135,11.172822007210925,7165.064246990369,18.279397001606412,2
260829,cpu,c,22,6,7220.997664990136,11.132052997709252,7191.138701993623,18.20872799726203,3
260829,cpu,c,23,7,7250.964930004557,15.109749001567252,7217.054759996245,18.27587500156369,3
260829,cpu,c,24,8,7227.030360008939,11.170996993314475,7191.103493998526,24.26243099034764,7
260829,cpu,c,25,9,7255.968455996481,11.219653999432921,7219.969490994117,24.293531008879654,16
260829,cpu,c,26,10,7238.981385991792,11.152175997267477,7203.061615000479,24.278368990053423,8
260829,cpu,c,27,11,7217.976934000035,11.158212990267202,7188.060284999665,18.269945998326875,4
260829,cpu,c,28,12,7217.009836007492,11.171605001436546,7181.05702799221,24.287099004141055,8
260829,cpu,c,29,13,7202.975134001463,11.128131998702884,7173.119400002179,18.214947995147668,2
260829,cpu,c,30,14,7201.983221995761,11.253186996327713,7171.971742005553,18.269933003466576,1
260829,cpu,c,31,15,7207.0096759998705,11.17482699919492,7171.062320005149,24.282726997626014,5
260829,cpu,c,32,0,7230.015423003351,11.13143700058572,7194.111921999138,24.250632006442174,16
260829,cpu,c,33,1,7240.947698999662,11.182545000337996,7211.015214008512,18.228419008664787,1
260829,cpu,c,34,2,7230.9866180003155,11.262565007200465,7194.9663370032795,24.2767979943892,5
260829,cpu,c,35,3,7272.018147006747,11.176908010384068,7241.094052995322,19.25537799252197,2
260829,cpu,c,36,4,7232.987075985875,11.126383004011586,7203.078751001158,18.268408995936625,4
260829,cpu,c,37,5,7227.9736250056885,11.13185599388089,7198.061066999799,18.272949004312977,2
260829,cpu,c,38,6,7211.983414992574,11.157499990076758,7182.059791011852,18.270229003974237,3
260829,cpu,c,39,7,7215.9870530012995,11.165938994963653,7186.057177998009,18.269653010065667,3
260829,cpu,c,40,8,7213.999365005293,11.169224002514966,7178.057387995068,24.28136399248615,7
260829,cpu,c,41,9,7206.000576989027,11.166183001478203,7170.092764994479,24.256458011223003,16
260829,cpu,c,42,10,7225.002830004087,11.23890899179969,7188.975283992477,24.292540998430923,8
260829,cpu,c,43,11,7257.957360998262,11.1291799985338,7228.114619007101,18.2144150021486,4
260829,cpu,c,44,12,7245.0392929895315,11.267987996689044,7209.021820992348,24.266609994811006,8
260829,cpu,c,45,13,7269.98012799595,11.217054998269305,7239.998880002531,18.27541300735902,2
260829,cpu,c,46,14,7218.966401007492,11.127873993245885,7189.081933000125,18.260979995829985,1
260829,cpu,c,47,15,7237.013336009113,11.219400010304525,7200.995449995389,24.280878002173267,5
260829,cpu,c,48,0,7222.963095991872,11.108045000582933,7187.058558993158,24.281784004415385,16
260829,cpu,c,49,1,7221.9745949987555,11.14856700587552,7192.1296149957925,18.19846499711275,1
260829,cpu,c,50,2,7211.999826002284,11.260394006967545,7175.9726500022225,24.276853000628762,5
260829,cpu,c,51,3,7212.029463000363,11.160326001117937,7182.149497006321,18.218771991087124,2
260829,cpu,c,52,4,7239.977028002613,11.180992005392909,7209.981394000351,18.280349002452567,4
260829,cpu,c,53,5,7245.961872002226,11.098759991000406,7216.092076996574,18.243689992232248,2
260829,cpu,c,54,6,7223.979214002611,11.248859009356238,7194.003242009785,18.235851006465964,3
260829,cpu,c,55,7,7267.032371004461,11.261731007834896,7237.048480004887,18.224579995148815,3
260829,cpu,c,56,8,7251.964244002011,11.194562001037411,7215.968560994952,24.281318997964263,7
260829,cpu,c,57,9,7214.040763006778,11.141189999761991,7178.140090996749,24.245936001534574,16
260829,cpu,c,58,10,7218.934821008588,11.176255997270346,7183.028750005178,24.218542996095493,8
260829,cpu,c,59,11,7226.983130007284,11.24594800057821,7197.008115006611,18.241117999423295,4
260829,cpu,c,60,12,7229.0004460082855,11.251150994212367,7193.020414997591,24.236213008407503,8
260829,cpu,c,61,13,7207.974135992117,11.230042000534013,7177.96924499271,18.27350299572572,2
260829,cpu,c,62,14,7235.9978040040005,11.16542199451942,7206.06533899263,18.270974003826268,1
260829,cpu,c,63,15,7280.983117001597,11.136553992400877,7245.111627998995,24.220496998168528,5
260829,cpu,c,64,0,7228.993570010061,11.261956009548157,7192.969583993545,24.28231600788422,16
260829,cpu,c,65,1,7255.017631992814,11.167300996021368,7225.093571003526,18.262869998579845,1
260829,cpu,c,66,2,7255.025191989262,11.105902012786828,7219.058464994305,24.327167993760668,5
260829,cpu,c,67,3,7243.956486010575,11.080210999352857,7214.086312989821,18.272665998665616,2
260829,cpu,c,68,4,7229.9540450039785,11.114954002550803,7200.056043991935,18.272521992912516,4
260829,cpu,c,69,5,7221.012715002871,11.164500989252701,7191.059817996575,18.28780800860841,2
260829,cpu,c,70,6,7204.98237699212,11.148752004373819,7175.1578350085765,18.18575798824895,3
260829,cpu,c,71,7,7192.999810009496,11.220378000871278,7163.038457991206,18.227180000394583,3
260829,cpu,c,72,8,7253.9803339896025,11.225346010178328,7217.975822000881,24.277221004012972,7
260829,cpu,c,73,9,7276.987632998498,11.139309994177893,7241.110257993569,24.23401099804323,16
260829,cpu,c,74,10,7243.977142003132,11.244829001952894,7207.968875998631,24.279243996716104,8
260829,cpu,c,75,11,7218.98307299125,11.164495008415543,7189.056117000291,18.27544999832753,4
260829,cpu,c,76,12,7285.05531900737,11.177095002494752,7249.133094999706,24.25129699986428,8
260829,cpu,c,77,13,7240.945276003913,11.171724006999284,7210.964387995773,18.27756800048519,2
260829,cpu,c,78,14,7236.005741011468,11.130683007650077,7206.1714390001725,18.18584899592679,1
260829,cpu,c,79,15,7233.964144004858,11.20074799109716,7198.036375993979,24.21095999306999,5
260829,cpu,c,80,0,7213.007389000268,11.245722009334713,7176.98995298997,24.27354500105139,16
260829,cpu,c,81,1,7194.972578989109,11.134915010188706,7165.124145991285,18.21384599315934,1
260829,cpu,c,82,2,7205.993031995604,11.209067000891082,7170.02989500179,24.2221679945942,5
260829,cpu,c,83,3,7225.993691012263,11.236129997996613,7196.045668009901,18.208666006103158,2
260829,cpu,c,84,4,7273.967083005118,11.214439000468701,7243.970767987776,18.27057800255716,4
260829,cpu,c,85,5,7219.988839002326,11.138681991724297,7190.1108140009455,18.214705007267185,2
260829,cpu,c,86,6,7263.021853999817,11.269235008512624,7232.994518999476,18.27405599760823,3
260829,cpu,c,87,7,7242.9649050027365,11.117991991341114,7213.049755999236,18.273885987582617,3
260829,cpu,c,88,8,7224.00894400198,11.169108998728916,7188.10030799068,24.253124996903352,7
260829,cpu,c,89,9,7223.991912003839,15.134846995351836,7184.117512006196,24.230098992120475,16
260829,cpu,c,90,10,7213.983369001653,11.229962998186238,7177.971534008975,24.28507700096816,8
260829,cpu,c,91,11,7206.977944006212,11.150885009556077,7176.119612006005,19.215085994801484,4
260829,cpu,c,92,12,7216.99797999463,15.153984000789933,7177.118741994491,24.224363995017484,8
260829,cpu,c,93,13,7241.004249997786,11.251314004766755,7211.027851008112,18.23371798673179,2
260829,cpu,c,94,14,7267.964546990697,11.21894498646725,7237.988963010139,18.24144000420347,1
260829,cpu,c,95,15,7270.98815899808,11.261099993134849,7234.9656550068175,24.277172007714398,5
260829,cpu,c,96,0,7244.999651011312,11.164459996507503,7209.0930310077965,24.24937000614591,16
260829,cpu,c,97,1,7262.021025002468,11.25285700254608,7231.986960992799,18.288324994500726,1
260829,cpu,c,98,2,7248.952227993868,11.096482005086727,7213.1145849998575,24.218818987719715,5
260829,cpu,c,99,3,7225.988720005262,11.24915000400506,7196.0253629949875,18.221072998130694,2
260829,cpu,c,100,4,7237.98461300612,11.251468997215852,7208.030049005174,18.211968010291457,4
260829,cpu,c,101,5,7217.993044003379,11.261548002948985,7188.027390002389,18.218044002423994,2
260829,cpu,c,102,6,7208.00516998861,11.250319992541336,7177.970695003751,18.284878999111243,3
260829,cpu,c,103,7,7206.9689909985755,11.139666006783955,7177.058440007386,18.268329004058614,3
260829,cpu,c,104,8,7236.043825003435,11.168718003318645,7200.1402500027325,24.230738010373898,7
260829,cpu,c,105,9,7271.965943989926,15.091813998878933,7232.070502010174,24.284279003040865,16
260829,cpu,c,106,10,7228.9690249890555,11.114395994809456,7193.0590760021005,24.27871699910611,8
260829,cpu,c,107,11,7268.033152999124,11.170300000230782,7238.114314997802,18.25669500976801,4
260829,cpu,c,108,12,7272.961855007452,11.179141991306096,7237.03271499835,24.225101005868055,8
260829,cpu,c,109,13,7229.974143003346,11.227305003558286,7199.975263996748,18.27305900224019,2
260829,cpu,c,110,14,7209.981260006316,11.158161010826007,7180.098041993915,18.23207399866078,1
260829,cpu,c,111,15,7221.998954002629,11.253741991822608,7185.9711239958415,24.27948100375943,5
260829,cpu,c,112,0,7214.013998993323,11.154006002470851,7178.082152997376,24.277340999105945,16
260829,cpu,c,113,1,7198.969796008896,11.11933599167969,7169.1259299987,18.213489005574957,1
260829,cpu,c,114,2,7223.032349997084,11.210074997507036,7187.04472699028,24.239535006927326,5
260829,cpu,c,115,3,7267.920819009305,16.07506700383965,7233.108785003424,18.206071996246465,2
260829,cpu,c,116,4,7220.998142001918,11.234528996283188,7190.9699920070125,18.27130799938459,4
260829,cpu,c,117,5,7261.041000005207,11.166374999447726,7231.080914003542,18.286151011125185,2
260829,cpu,c,118,6,7262.943601992447,11.101948010036722,7233.059367004898,18.268485000589862,3
260829,cpu,c,119,7,7242.009558991413,11.170452009537257,7212.062164006056,18.285212994669564,3
260829,cpu,c,120,8,7229.978201998165,11.145348005811684,7194.079873006558,24.258801000542007,7
260829,cpu,c,121,9,7223.005360006937,15.155950997723266,7183.061111005372,24.29321699310094,16
260829,cpu,c,122,10,7227.011066992418,11.140794988023117,7191.117023001425,24.25242699973751,8
260829,cpu,c,123,11,7203.950244002044,11.194222999620251,7174.03287399793,18.215382006019354,4
260829,cpu,c,124,12,7271.032351010945,16.156935002072714,7230.066023999825,24.306395003804937,8
260829,cpu,c,125,13,7266.935653009568,11.105909012258053,7237.083126005018,18.233551003504544,2
260829,cpu,c,126,14,7236.986878997413,11.257477002800442,7206.960501003778,18.27286000479944,1
260829,cpu,c,127,15,7232.008081002277,11.178802989888936,7196.12345501082,24.217910002334975,5
260829,cpu,c,128,0,7256.990182999289,11.24397199600935,7220.971457994892,24.2828579939669,16
260829,cpu,c,129,1,7264.967901995988,11.157100991113111,7235.0601899961475,18.264604994328693,1
260829,cpu,c,130,2,7212.0356830128,11.177966996910982,7176.128043007338,24.23426900350023,5
260829,cpu,c,131,3,7238.951529987389,11.181053996551782,7208.970716004842,18.273273002705537,2
260829,cpu,c,132,4,7198.002466000617,11.159276007674634,7168.065650999779,18.275196009199135,4
260829,cpu,c,133,5,7203.999343997566,11.137210996821523,7174.127303005662,18.222910002805293,2
260829,cpu,c,134,6,7206.976625995594,11.21381799748633,7177.029205005965,18.22405800339766,3
260829,cpu,c,135,7,7246.0156209999695,11.244378998526372,7216.050645001815,18.22711600107141,3
260829,cpu,c,136,8,7242.017602009582,11.178544998983853,7206.026098996517,24.2672079912154,7
260829,cpu,c,137,9,7227.968986000633,11.060697986977175,7192.102378001437,24.25790100824088,16
260829,cpu,c,138,10,7258.951801995863,11.212743003852665,7222.962368003209,24.281743986648507,8
260829,cpu,c,139,11,7251.9882950000465,11.147308003273793,7222.062786997412,18.27359000162687,4
260829,cpu,c,140,12,7242.025197003386,11.149281010148115,7206.097795002279,24.27093801088631,8
260829,cpu,c,141,13,7223.9518979913555,11.186924995854497,7194.0067389950855,18.238161006593145,2
260829,cpu,c,142,14,7205.987230001483,11.248930997680873,7175.973937002709,18.27053898887243,1
260829,cpu,c,143,15,7220.9944060014095,11.16692301002331,7185.101057999418,24.238112004240975,5
260829,cpu,c,144,0,7226.027123993845,15.131086009205319,7186.0729299951345,24.30512401042506,16
260829,cpu,c,145,1,7237.942696985556,11.103015000117011,7208.050291999825,18.279997995705344,1
260829,cpu,c,146,2,7266.0815459967125,11.148424004204571,7229.0924999979325,25.318820000393316,5
260829,cpu,c,147,3,7246.935016999487,11.022894992493093,7217.0733279926935,18.28745601233095,2
260829,cpu,c,148,4,7262.943583002198,11.092674001702107,7233.05119300494,18.27301600133069,4
260829,cpu,c,149,5,7252.986735999002,11.162573006004095,7223.0625559896,18.270287997438572,2
260829,cpu,c,150,6,7216.984992992366,11.16429700050503,7187.075691996142,18.253100992296822,3
260829,cpu,c,151,7,7205.989427995519,11.172358994372189,7176.115160997142,18.213534000096843,3
260829,cpu,c,152,8,7212.9971149988705,11.235264988499694,7176.9734880072065,24.275677991681732,7
260829,cpu,c,153,9,7212.015413999325,11.165859003085643,7176.116978007485,24.24107599654235,16
260829,cpu,c,154,10,7211.965150010656,11.203957998077385,7175.969529998838,24.28394800517708,8
260829,cpu,c,155,11,7237.013521997142,11.15961700270418,7207.069066003896,18.28791300067678,4
260829,cpu,c,156,12,7244.005864005885,11.123203003080562,7208.147244993597,24.2285720014479,8
260829,cpu,c,157,13,7249.9630600068485,11.1911779968068,7219.978219000041,18.281044001923874,2
260829,cpu,c,158,14,7244.955235990346,11.131374005344696,7215.0963000021875,18.22414100752212,1
260829,cpu,c,159,15,7280.007757988642,15.190381003776565,7240.0569780002115,24.27932900900487,5
260829,cpu,c,160,0,7219.000935001532,11.160369002027437,7183.057157002622,24.291999987326562,16
260829,cpu,c,161,1,7207.968572998652,11.15181100612972,7178.059016994666,18.26975699805189,1
260829,cpu,c,162,2,7207.99890300259,11.175840001669712,7172.130389997619,24.204870001995005,5
260829,cpu,c,163,3,7212.000428000465,11.24289000290446,7181.998801010195,18.258171010529622,2
260829,cpu,c,164,4,7201.970068999799,11.131254999781959,7172.054194001248,18.274153000675142,4
260829,cpu,c,165,5,7202.0373520063,11.172320999321528,7172.155583000858,18.211536997114308,2
260829,cpu,c,166,6,7218.933365002158,11.190634992090054,7189.009647991043,18.218623008579016,3
260829,cpu,c,167,7,7239.999780009384,11.276225006440654,7209.969759991509,18.273943991516717,3
260829,cpu,c,168,8,7260.010899990448,11.166116993990727,7224.059351996402,24.287491003633477,7
260829,cpu,c,169,9,7264.988762995927,11.148210003739223,7229.126525999163,24.22457300417591,16
260829,cpu,c,170,10,7239.981695995084,11.2363060034113,7203.97435000632,24.28180600691121,8
260829,cpu,c,171,11,7221.982443996239,11.153938001370989,7192.115341007593,18.219541991129518,4
260829,cpu,c,172,12,7222.997122997185,11.244322013226338,7187.046149003436,24.209417999372818,8
260829,cpu,c,173,13,7229.975861002458,15.143372002057731,7196.181389997946,18.152051998185925,2
260829,cpu,c,174,14,7199.982982012443,11.255110992351547,7170.02210499777,18.22002300468739,1
260829,cpu,c,175,15,7223.00110499782,11.264032000326551,7186.974405005458,24.27602800889872,5
260829,cpu,c,176,0,7228.012510007829,11.160007998114452,7192.076345003443,24.283192004077137,16
260829,cpu,c,177,1,7226.954501005821,11.13445199734997,7197.056416000123,18.269506996148266,1
260829,cpu,c,178,2,7241.015153005719,11.175216000992805,7205.065724992892,24.28230200894177,5
260829,cpu,c,179,3,7252.972419009893,11.143864001496695,7223.094971996034,18.237096999655478,2
260829,cpu,c,180,4,7227.01812699961,11.255650999373756,7196.975241997279,18.291168991709128,4
260829,cpu,c,181,5,7226.9688619999215,11.121522999019362,7197.18066000496,18.159714993089437,2
260829,cpu,c,182,6,7225.978804999613,11.226744987652637,7195.976150003844,18.266817001858726,3
260829,cpu,c,183,7,7228.0203249974875,11.171951991855167,7198.060761002125,18.29549900139682,3
260829,cpu,c,184,8,7218.961179009057,11.14397200581152,7183.0563219991745,24.277885007904842,7
260829,cpu,c,185,9,7205.009295998025,11.168418001034297,7169.056970989914,24.29599699098617,16
260829,cpu,c,186,10,7234.971899000811,11.14817100460641,7199.059620004846,24.278190001496114,8
260829,cpu,c,187,11,7253.023526995094,11.161679998622276,7223.094767003204,18.275256996275857,4
260829,cpu,c,188,12,7235.957110999152,15.13451999926474,7196.110826000222,24.227506000897847,8
260829,cpu,c,189,13,7252.9833180014975,11.257355989073403,7223.030009001377,18.2144730060827,2
260829,cpu,c,190,14,7245.991269999649,15.16921199799981,7212.064031002228,18.267114006448537,1
260829,cpu,c,191,15,7243.040467001265,11.165078991325572,7207.13894200162,24.23438998812344,5
260829,cpu,c,192,0,7206.95380899997,11.176524989423342,7171.007620010641,24.244510001153685,16
260829,cpu,c,193,1,7221.974033003789,11.22951899014879,7191.9720290025,18.272347006131895,1
260829,cpu,c,194,2,7217.025623001973,11.161368995090015,7181.126318013412,24.23538400034886,5
260829,cpu,c,195,3,7232.956580002792,16.12604300316889,7198.0600810056785,18.27195099031087,2
260829,cpu,c,196,4,7224.002715011011,11.154253006679937,7194.0674479992595,18.273895999300294,4
260829,cpu,c,197,5,7262.969003000762,11.122597003122792,7233.110442000907,18.217253003967926,2
260829,cpu,c,198,6,7252.986266001244,11.244142006034963,7222.970228001941,18.26881199667696,3
260829,cpu,c,199,7,7253.997783001978,11.184639006387442,7224.115984994569,18.217438002466224,3
260829,cpu,d,0,0,7262.130588002037,10.728509005275555,7250.670923007419,0.2325710083823651,12
260829,cpu,d,1,1,7203.916553989984,11.58441299048718,7188.588425997295,0.23741800396237522,1
260829,cpu,d,2,2,7199.025895999512,10.637961007887498,7187.624705999042,0.24058199778664857,6
260829,cpu,d,3,3,7208.030077992589,10.619341002893634,7196.663359995,0.23678599973209202,2
260829,cpu,d,4,4,7204.950286002713,15.558088009129278,7188.638054009061,0.2297999890288338,2
260829,cpu,d,5,5,7200.875410999288,15.628473003744148,7184.522950003156,0.2317239996045828,3
260829,cpu,d,6,6,7186.129308989621,10.734893003245816,7174.664712001686,0.2281460037920624,2
260829,cpu,d,7,7,7220.945977998781,11.592779992497526,7205.598542990629,0.2431459870422259,3
260829,cpu,d,8,8,7289.949412996066,10.606185998767614,7278.577832999872,0.23179799609351903,7
260829,cpu,d,9,9,7230.072951992042,10.68660500459373,7218.6719570017885,0.22322300355881453,14
260829,cpu,d,10,10,7247.088636999251,15.607770998030901,7230.738190002739,0.24432000645902008,7
260829,cpu,d,11,11,7230.907916004071,15.495996995014139,7214.667823005584,0.23316200531553477,4
260829,cpu,d,12,12,7228.954627003986,15.581662999466062,7212.627126005827,0.24242300423793495,8
260829,cpu,d,13,13,7210.9709799988195,10.602675989503041,7199.627847003285,0.22990799334365875,2
260829,cpu,d,14,14,7199.92271400406,10.721775994170457,7188.481404999038,0.22202600666787475,0
260829,cpu,d,15,15,7208.159440997406,10.699449994717725,7196.707017996232,0.24283600214403123,4
260829,cpu,d,16,0,7189.820665997104,10.596015999908559,7178.473428997677,0.2314570010639727,12
260829,cpu,d,17,1,7227.006907007308,10.700156999519095,7215.577246999601,0.23191500804387033,1
260829,cpu,d,18,2,7239.034293001168,10.675388999516144,7227.611522001098,0.2401730016572401,6
260829,cpu,d,19,3,7225.997853995068,10.621677996823564,7214.6322279877495,0.22908899700269103,2
260829,cpu,d,20,4,7239.982265004073,10.72046700573992,7228.521106997505,0.2416219940641895,2
260829,cpu,d,21,5,7230.047449003905,10.621865003486164,7218.671015987638,0.2358920028200373,3
260829,cpu,d,22,6,7211.060790010379,10.649037008988671,7199.647394998465,0.24343800032511353,2
260829,cpu,d,23,7,7202.818687001127,15.493724000407383,7186.586208990775,0.2329480048501864,3
260829,cpu,d,24,8,7212.0596269960515,10.637158004101366,7200.658344998374,0.23017599596641958,7
260829,cpu,d,25,9,7200.034899011371,10.686370995244943,7185.611118999077,0.23261600290425122,14
260829,cpu,d,26,10,7192.943663001643,11.547835994861089,7180.653225004789,0.22966400138102472,7
260829,cpu,d,27,11,7225.95453899703,10.684742010198534,7214.5205790002365,0.2407749998383224,4
260829,cpu,d,28,12,7225.982609001221,10.627695999573916,7214.601211991976,0.2373160095885396,8
260829,cpu,d,29,13,7211.939986998914,10.640790002071299,7200.5629719933495,0.23004399554338306,2
260829,cpu,d,30,14,7238.05945100321,10.676145000616089,7226.6332209983375,0.23106001026462764,0
260829,cpu,d,31,15,7237.932968011592,10.61403501080349,7226.578765999875,0.2270499971928075,4
260829,cpu,d,32,0,7236.085602999083,10.671404001186602,7224.676307989284,0.23002299712970853,12
260829,cpu,d,33,1,7208.870081987698,10.668567003449425,7197.471120001865,0.2278140018461272,1
260829,cpu,d,34,2,7203.1091949902475,10.708990987041034,7191.676107002422,0.22887199884280562,6
260829,cpu,d,35,3,7202.875236005639,11.586324995732866,7187.560581995058,0.2298050094395876,2
260829,cpu,d,36,4,7195.090690001962,10.701042003347538,7183.657946996391,0.22941699717193842,2
260829,cpu,d,37,5,7213.103201997001,15.606604007189162,7196.742608008208,0.2511019993107766,3
260829,cpu,d,38,6,7237.9474170011235,10.551365005085245,7226.608639000915,0.2471910120220855,2
260829,cpu,d,39,7,7214.958433993161,10.593275001156144,7203.607638992253,0.229049997869879,3
260829,cpu,d,40,8,7241.026739997324,17.57821899082046,7222.716385993408,0.24182599736377597,7
260829,cpu,d,41,9,7248.933769995347,15.527859999565408,7232.673325997894,0.22691598860546947,14
260829,cpu,d,42,10,7192.984648005222,11.580842998228036,7180.678478005575,0.23125100415199995,7
260829,cpu,d,43,11,7204.893399000866,10.670898001990281,7193.5014100017725,0.22828500368632376,4
260829,cpu,d,44,12,7228.1192319933325,10.668143004295416,7213.705696005491,0.23536400112789124,8
260829,cpu,d,45,13,7195.940067991614,11.549941002158448,7183.663132003858,0.2314890007255599,2
260829,cpu,d,46,14,7200.918692004052,10.65404000109993,7189.499681000598,0.23289299861062318,0
260829,cpu,d,47,15,7227.043673003209,10.648908995790407,7215.630822989624,0.241173998801969,4
260829,cpu,d,48,0,7246.010336006293,11.581642989767715,7233.673666007235,0.22442199406214058,12
260829,cpu,d,49,1,7213.906674995087,10.677685000700876,7202.49434899597,0.23412899463437498,1
260829,cpu,d,50,2,7262.058273001458,10.665647001587786,7250.656717005768,0.2301929926034063,6
260829,cpu,d,51,3,7248.98642199696,10.69557799200993,7237.562977999914,0.22959400666877627,2
260829,cpu,d,52,4,7221.92549900501,10.698177997255698,7210.492566999164,0.23438398784492165,2
260829,cpu,d,53,5,7233.962119003991,10.665456007700413,7222.55841299193,0.2291529963258654,3
260829,cpu,d,54,6,7205.112839001231,10.695896999095567,7193.686769998749,0.22693599748890847,2
260829,cpu,d,55,7,7222.919934007223,15.585617002216168,7206.608491993393,0.23572900681756437,3
260829,cpu,d,56,8,7192.008839992923,10.620266999467276,7180.619557009777,0.24326499260496348,7
260829,cpu,d,57,9,7246.996337999008,10.612894999212585,7235.624969995115,0.24211099662352353,14
260829,cpu,d,58,10,7264.96070700523,11.605844993027858,7252.597511003842,0.23994399816729128,7
260829,cpu,d,59,11,7226.02879400074,10.649290008586831,7214.630807007779,0.2465410070726648,4
260829,cpu,d,60,12,7266.991181997582,10.58390800608322,7255.646190009429,0.2283320063725114,8
260829,cpu,d,61,13,7232.886961995973,10.695021992432885,7221.4662350015715,0.2285230002598837,2
260829,cpu,d,62,14,7200.063709009555,10.856045002583414,7188.485675011179,0.2188219950767234,0
260829,cpu,d,63,15,7225.049521002802,10.72361999831628,7213.597526002559,0.2300040068803355,4
260829,cpu,d,64,0,7199.972375994548,10.664478002581745,7188.58100300713,0.23320599575527012,12
260829,cpu,d,65,1,7220.863815004122,11.591477988986298,7205.548184996587,0.22808198991697282,1
260829,cpu,d,66,2,7202.982539994991,10.710547008784488,7191.54329498997,0.22858900774735957,6
260829,cpu,d,67,3,7222.150469009648,10.724610998295248,7210.683562007034,0.23860800138209015,2
260829,cpu,d,68,4,7230.031781989965,10.64591899921652,7218.631636002101,0.2449549938319251,2
260829,cpu,d,69,5,7236.911261003115,9.589096996933222,7226.539046998369,0.2497609966667369,3
260829,cpu,d,70,6,7247.9734949884005,10.566283992375247,7236.614680994535,0.24369099992327392,2
260829,cpu,d,71,7,7230.053969993605,10.590874997433275,7218.688216991723,0.2406819985480979,3
260829,cpu,d,72,8,7190.9362339938525,15.551573000266217,7174.660551012494,0.23055699421092868,7
260829,cpu,d,73,9,7202.947350000613,10.693986987462267,7191.521802989882,0.23603900626767427,14
260829,cpu,d,74,10,7195.024086002377,10.641932996804826,7183.649762999266,0.2302289940416813,7
260829,cpu,d,75,11,7183.043405006174,10.689267990528606,7171.599805005826,0.2390000008745119,4
260829,cpu,d,76,12,7206.853862007847,10.637375002261251,7195.481058995938,0.22804799664299935,8
260829,cpu,d,77,13,7196.106468007201,10.692458003177308,7184.676032004063,0.23883499670773745,2
260829,cpu,d,78,14,7215.980712004239,10.67059401248116,7204.5890529989265,0.23034799960441887,0
260829,cpu,d,79,15,7239.8903130088,10.670472009223886,7228.490515000885,0.23606499598827213,4
260829,cpu,d,80,0,7236.134434991982,10.659567997208796,7224.715249001747,0.23805198725312948,12
260829,cpu,d,81,1,7236.884761005058,10.614723010803573,7225.538979997509,0.2276559971505776,1
260829,cpu,d,82,2,7218.093731004046,10.71588700870052,7206.625528007862,0.23549199977423996,6
260829,cpu,d,83,3,7194.921759000863,10.626438001054339,7183.56722300814,0.23150000197347254,2
260829,cpu,d,84,4,7190.02060299681,11.577939003473148,7171.691561001353,0.23551000049337745,2
260829,cpu,d,85,5,7195.863860993995,11.559746999409981,7183.569606000674,0.23519199748989195,3
260829,cpu,d,86,6,7194.01371999993,10.674607998225838,7182.597175997216,0.2337240002816543,2
260829,cpu,d,87,7,7192.080984998029,10.666073998436332,7177.68962700211,0.23025799600873142,3
260829,cpu,d,88,8,7202.963593008462,11.54591899830848,7190.641024004435,0.2484219876350835,7
260829,cpu,d,89,9,7222.009649995016,10.57852600933984,7210.684673002106,0.23114201030693948,14
260829,cpu,d,90,10,7208.965161000378,10.650972995790653,7197.576923004817,0.2333650045329705,7
260829,cpu,d,91,11,7243.901332010864,15.582716994686052,7227.576136996504,0.23099100508261472,4
260829,cpu,d,92,12,7213.991243988858,10.686332010664046,7202.577099000337,0.2314080047653988,8
260829,cpu,d,93,13,7204.956879999372,10.679309998522513,7193.547199000022,0.2307419927092269,2
260829,cpu,d,94,14,7194.024495998747,10.713940995628946,7182.581184009905,0.22800499573349953,0
260829,cpu,d,95,15,7218.996841998887,10.657356004230678,7207.587758006412,0.2305209927726537,4
260829,cpu,d,96,0,7226.0106449975865,10.665230001905002,7214.585555004305,0.25348000053782016,12
260829,cpu,d,97,1,7199.097602002439,10.614111000904813,7187.69495000015,0.23794599110260606,1
260829,cpu,d,98,2,7217.944405012531,10.6297930033179,7206.541384002776,0.2500449918443337,6
260829,cpu,d,99,3,7286.005012007081,10.562694995314814,7274.66917700076,0.23658500867895782,2
260829,cpu,d,100,4,7223.957734997384,15.567926995572634,7207.623783993768,0.24872600624803454,2
260829,cpu,d,101,5,7281.083998008398,10.55655800155364,7269.728860002942,0.24575600400567055,3
260829,cpu,d,102,6,7234.796186006861,15.513841004576534,7218.557129992405,0.22741500288248062,2
260829,cpu,d,103,7,7236.090575999697,10.694971002521925,7224.641724998946,0.24452499928884208,3
260829,cpu,d,104,8,7226.891943995724,10.57702700200025,7215.563118996215,0.22846300271339715,7
260829,cpu,d,105,9,7220.109433008474,10.687526999390684,7208.684805009398,0.23020200023893267,14
260829,cpu,d,106,10,7195.951032990706,10.657364007784054,7184.565570001723,0.22883599740453064,7
260829,cpu,d,107,11,7188.007895994815,15.603099003783427,7171.670695010107,0.22942399664316326,4
260829,cpu,d,108,12,7217.987676995108,11.589019995881245,7202.646731006098,0.2458950038999319,8
260829,cpu,d,109,13,7245.957234001253,10.56850899476558,7234.63713300589,0.2319229970453307,2
260829,cpu,d,110,14,7226.966731992434,15.627296001184732,7210.627250999096,0.22087199613451958,0
260829,cpu,d,111,15,7248.098146999837,10.73598900984507,7236.619643997983,0.2401209931122139,4
260829,cpu,d,112,0,7248.912349998136,15.53733200125862,7232.643980998546,0.22991000150796026,12
260829,cpu,d,113,1,7217.96265199373,10.703106003347784,7206.53541199863,0.2263930073240772,1
260829,cpu,d,114,2,7202.016783005092,15.639783989172429,7185.646473997622,0.23064500419422984,6
260829,cpu,d,115,3,7211.886138000409,15.615726006217301,7195.54249200155,0.23002999660093337,2
260829,cpu,d,116,4,7210.036377000506,10.715952987084165,7198.578308991273,0.2350710128666833,2
260829,cpu,d,117,5,7207.065688999137,10.632088000420481,7195.6543999986025,0.23679400328546762,3
260829,cpu,d,118,6,7247.920833004173,15.589543007081375,7231.588978989748,0.23431600129697472,2
260829,cpu,d,119,7,7263.11399199767,10.64536398916971,7251.691511992249,0.24568100343458354,3
260829,cpu,d,120,8,7225.047789994278,10.623189999023452,7213.656203995924,0.2551720099290833,7
260829,cpu,d,121,9,7248.905892003677,15.494193998165429,7232.674635000876,0.22944599913898855,14
260829,cpu,d,122,10,7224.895794992335,15.570906005450524,7208.594156996696,0.23261299065779895,7
260829,cpu,d,123,11,7227.987435006071,10.660300991730765,7216.594860001351,0.23205300385598093,4
260829,cpu,d,124,12,7216.940244004945,10.661401000106707,7205.544390002615,0.23143099679145962,8
260829,cpu,d,125,13,7211.002894997364,10.70164400152862,7199.564250011463,0.22812600946053863,2
260829,cpu,d,126,14,7200.985376010067,10.695353004848585,7189.562665007543,0.22374298714566976,0
260829,cpu,d,127,15,7194.072950995178,10.706860994105227,7182.638532991405,0.22896099835634232,4
260829,cpu,d,128,0,7238.062012998853,10.70765200711321,7223.6177590093575,0.2310800045961514,12
260829,cpu,d,129,1,7230.988240000443,11.552334995940328,7218.676934993709,0.25060499319806695,1
260829,cpu,d,130,2,7219.9806310090935,10.471037996467203,7208.6809250031365,0.2354159951210022,6
260829,cpu,d,131,3,7220.919209998101,15.539125000941567,7204.629654006567,0.22935500601306558,2
260829,cpu,d,132,4,7209.004564996576,10.719958998379298,7197.558907006169,0.22896500013303012,2
260829,cpu,d,133,5,7249.993671008269,15.619591998984106,7233.6504889972275,0.22793799871578813,3
260829,cpu,d,134,6,7188.996817989391,10.695399003452621,7177.572020998923,0.22882698976900429,2
260829,cpu,d,135,7,7197.922071994981,11.598679004237056,7182.590119991801,0.22934899607207626,3
260829,cpu,d,136,8,7184.059021004941,10.66771500336472,7172.657588002039,0.2306079986738041,7
260829,cpu,d,137,9,7195.031394992839,11.602641010540538,7179.693547004717,0.23016099294181913,14
260829,cpu,d,138,10,7200.954517000355,15.572686999803409,7184.6623239980545,0.23192999651655555,7
260829,cpu,d,139,11,7188.911081990227,10.681054001906887,7177.496124000754,0.23151900677476078,4
260829,cpu,d,140,12,7215.064348987653,10.672592994524166,7203.664201006177,0.22776301193516701,8
260829,cpu,d,141,13,7223.894533002749,15.60268399771303,7207.565138000064,0.22931399871595204,2
260829,cpu,d,142,14,7212.019903003238,10.701532999519259,7200.591575994622,0.22957799956202507,0
260829,cpu,d,143,15,7249.025785000413,10.671338997781277,7237.616569997044,0.23808299738448113,4
260829,cpu,d,144,0,7229.044715000782,10.618833010084927,7217.642276998959,0.2565950126154348,12
260829,cpu,d,145,1,7215.947814998799,10.530162995564751,7204.650423998828,0.2274730068165809,1
260829,cpu,d,146,2,7203.9295680006035,11.599047007621266,7188.588782999432,0.2303280052728951,6
260829,cpu,d,147,3,7207.0106330065755,10.664702000212856,7195.612534007523,0.22849200468044728,2
260829,cpu,d,148,4,7195.943833008641,10.720419988501817,7184.479197007022,0.22895800066180527,2
260829,cpu,d,149,5,7186.973143005162,10.696331999497488,7175.549949999549,0.23203500313684344,3
260829,cpu,d,150,6,7207.061770997825,10.715730008087121,7195.6036659976235,0.2400189987383783,2
260829,cpu,d,151,7,7256.000806009979,10.615939987474121,7244.617533011478,0.23807799152564257,3
260829,cpu,d,152,8,7236.9553050084505,10.625584007357247,7225.590407993877,0.233326994930394,7
260829,cpu,d,153,9,7284.112023000489,10.65788499545306,7272.690543002682,0.2470740000717342,14
260829,cpu,d,154,10,7240.024919999996,10.526521000429057,7228.72183599975,0.24283700622618198,7
260829,cpu,d,155,11,7213.891776991659,10.545052995439619,7202.561233993038,0.23853499442338943,4
260829,cpu,d,156,12,7243.036505009513,10.551468003541231,7231.6891939990455,0.23501199029851705,8
260829,cpu,d,157,13,7241.88549000246,10.654757992597297,7230.504655002733,0.23610200150869787,2
260829,cpu,d,158,14,7183.028775994899,10.632617995725013,7171.652197997901,0.22116801119409502,0
260829,cpu,d,159,15,7210.939258002327,10.707612003898248,7199.5005829958245,0.23016300110612065,4
260829,cpu,d,160,0,7193.995476991404,10.674347999156453,7182.588775991462,0.2333290030946955,12
260829,cpu,d,161,1,7217.107315998874,10.66431800427381,7205.681287989137,0.24327498977072537,1
260829,cpu,d,162,2,7241.85275399941,15.527512005064636,7225.575131000369,0.22748199990019202,6
260829,cpu,d,163,3,7218.0192270025145,10.69304499833379,7206.594967996352,0.23937999503687024,2
260829,cpu,d,164,4,7255.92597600189,10.64930901338812,7244.542646003538,0.227908996748738,2
260829,cpu,d,165,5,7219.1236469952855,10.72437500988599,7207.6634200057015,0.23708000662736595,3
260829,cpu,d,166,6,7209.986732006655,10.6451419997029,7198.582176992204,0.23051800963003188,2
260829,cpu,d,167,7,7202.9955350008095,10.679956001695246,7191.582813000423,0.22901600459590554,3
260829,cpu,d,168,8,7195.864195004106,10.666930000297725,7184.457680996275,0.229406010475941,7
260829,cpu,d,169,9,7194.047979995958,10.701323990360834,7182.606314003351,0.2315199963049963,14
260829,cpu,d,170,10,7193.014892996871,10.656809012289159,7181.627309997566,0.2336309989914298,7
260829,cpu,d,171,11,7217.043915996328,10.713151001255028,7205.593827995472,0.23273800616152585,4
260829,cpu,d,172,12,7254.841945003136,11.664197998470627,7242.453344995738,0.22804399486631155,8
260829,cpu,d,173,13,7219.077471992932,10.718446006649174,7207.640193999396,0.2251010009786114,2
260829,cpu,d,174,14,7250.987815990811,10.72354000643827,7239.553580002394,0.22023500059731305,0
260829,cpu,d,175,15,7227.031218993943,11.611748006544076,7211.67025899922,0.23232899548020214,4
260829,cpu,d,176,0,7211.051629987196,10.662526998203248,7199.623874999816,0.24359299277421087,12
260829,cpu,d,177,1,7207.8082249936415,10.61759699950926,7196.462104999227,0.227106997044757,1
260829,cpu,d,178,2,7203.098500001943,10.699043996282853,7191.664235011558,0.22804700711276382,6
260829,cpu,d,179,3,7213.998213002924,11.600165991694666,7198.666110998602,0.23066499852575362,2
260829,cpu,d,180,4,7202.962215000298,11.584029998630285,7187.624255995615,0.244333001319319,2
260829,cpu,d,181,5,7207.974352000747,10.581707989331335,7196.603815988055,0.24065499019343406,3
260829,cpu,d,182,6,7263.946922001196,10.6093889917247,7252.582398999948,0.22890500258654356,2
260829,cpu,d,183,7,7204.985663993284,10.677468992071226,7193.581147992518,0.2325020032003522,3
260829,cpu,d,184,8,7233.065763997729,10.696900993934833,7221.648948994698,0.22801400336902589,7
260829,cpu,d,185,9,7243.999760001316,10.700061000534333,7232.566261998727,0.23840399808250368,14
260829,cpu,d,186,10,7226.9796390028205,10.568716010311618,7215.657623994048,0.2277289895573631,7
260829,cpu,d,187,11,7228.9608839928405,10.688167996704578,7217.534278999665,0.23277800937648863,4
260829,cpu,d,188,12,7243.934683006955,11.629411004832946,7228.573622007389,0.22835799609310925,8
260829,cpu,d,189,13,7198.071300997981,10.684546010452323,7186.654631004785,0.22789801005274057,2
260829,cpu,d,190,14,7195.99241099786,15.605847991537303,7179.6534530003555,0.22918899776414037,0
260829,cpu,d,191,15,7202.935452995007,11.57769600104075,7187.597599986475,0.23542299459222704,4
260829,cpu,d,192,0,7218.15464599058,10.645768998074345,7203.740545999608,3.2490140001755208,12
260829,cpu,d,193,1,7242.775409002206,11.482214002171531,7230.549838001025,0.2252489939564839,1
260829,cpu,d,194,2,7226.15353600122,10.71300299372524,7214.7004200087395,0.23540901020169258,6
260829,cpu,d,195,3,7239.886445997399,10.634317004587501,7228.520580989425,0.22922700736671686,2
260829,cpu,d,196,4,7233.917528006714,10.12146400171332,7220.070591996773,0.2275239967275411,2
260829,cpu,d,197,5,7200.980862005963,10.72363399725873,7189.527347989497,0.23077100922819227,3
260829,cpu,d,198,6,7197.087784996256,10.735874995589256,7185.628519000602,0.226656993618235,2
260829,cpu,d,199,7,7210.939746000804,10.712429997511208,7199.4927510095295,0.2277629973832518,3
260830,cpu,a,0,0,5139.984602996265,11.160032008774579,5104.09252300451,24.250121001387015,15
260830,cpu,a,1,1,5108.01909599104,11.268497008131817,5078.0195339903,18.25847799773328,1
260830,cpu,a,2,2,5143.003634002525,11.234498000703752,5106.993595996755,24.295068011269905,6
260830,cpu,a,3,3,5127.936232005595,11.107986996648833,5098.056650997023,18.274454996571876,2
260830,cpu,a,4,4,5105.987033995916,11.172939994139597,5076.113568997243,18.216488999314606,4
260830,cpu,a,5,5,5142.989571002545,11.264419998042285,5112.974535004469,18.268698011524975,2
260830,cpu,a,6,6,5106.987003004178,11.186009010998532,5077.059272996848,18.270661996211857,2
260830,cpu,a,7,7,5105.992159005837,11.176693995366804,5076.059804996476,18.27444000809919,3
260830,cpu,a,8,8,5107.99675299495,11.19429399841465,5072.060965001583,24.27840299787931,6
260830,cpu,a,9,9,5111.003066995181,11.175524006830528,5075.0739659997635,24.27873099804856,16
260830,cpu,a,10,10,5098.982463998254,11.16912999714259,5063.120887003606,24.222721011028625,7
260830,cpu,a,11,11,5085.020120997797,11.260312996455468,5055.034919001628,18.242498001200147,6
260830,cpu,a,12,12,5159.95241899509,11.221533990465105,5124.019255992607,24.225403991295025,7
260830,cpu,a,13,13,5103.004263000912,11.268586007645354,5073.025960009545,18.234029004815966,2
260830,cpu,a,14,14,5152.002802991774,11.233447003178298,5121.98055900808,18.291724991286173,1
260830,cpu,a,15,15,5117.953130000387,11.149127007229254,5082.10411600885,24.22208599455189,5
260830,cpu,a,16,0,5148.9970440015895,11.278582009254023,5112.9706549982075,24.284651008201763,15
260830,cpu,a,17,1,5150.039152998943,11.185335999471135,5120.111932003056,18.268258005264215,1
260830,cpu,a,18,2,5138.947717001429,11.185736002516933,5102.9711779992795,24.27917200839147,6
260830,cpu,a,19,3,5096.97249099554,11.168796001584269,5067.100757994922,18.227387001388706,2
260830,cpu,a,20,4,5108.0254480039,15.186814998742193,5074.07666099607,18.285415004356764,4
260830,cpu,a,21,5,5097.949649993097,11.135135995573364,5068.107187005808,18.212882001535036,2
260830,cpu,a,22,6,5103.0265989975305,15.19131800159812,5069.064350987901,18.294337001862004,2
260830,cpu,a,23,7,5105.958134998218,11.136992994579487,5076.060406005126,18.27401299669873,3
260830,cpu,a,24,8,5089.008526003454,11.185787006979808,5053.137644994422,24.21428100205958,6
260830,cpu,a,25,9,5096.9903910008725,11.242095002671704,5061.010180987068,24.256952994619496,16
260830,cpu,a,26,10,5085.978048009565,11.246290989220142,5049.971405009273,24.28164599405136,7
260830,cpu,a,27,11,5112.009803997353,11.164308001752943,5082.0693080022465,18.291122003574856,6
260830,cpu,a,28,12,5140.004825996584,11.143558993353508,5104.048522989615,24.317192001035437,7
260830,cpu,a,29,13,5103.934840997681,11.142474002554081,5074.109955996391,18.21726799244061,2
260830,cpu,a,30,14,5110.997908006539,11.28790999064222,5081.004348001443,18.23192999290768,1
260830,cpu,a,31,15,5146.045090994448,11.240998996072449,5109.9736469914205,24.322262994246557,5
260830,cpu,a,32,0,5165.94337800052,11.088371989899315,5130.054321998614,24.287908992846496,15
260830,cpu,a,33,1,5099.971704010386,11.13724400056526,5070.057395991171,18.26882699970156,1
260830,cpu,a,34,2,5113.999186010915,11.184641989530064,5078.057294987957,24.2812509968644,6
260830,cpu,a,35,3,5112.980154997786,11.182846006704494,5083.0976870056475,18.233618000522256,2
260830,cpu,a,36,4,5105.9927509923,11.278833000687882,5075.972178994562,18.27513398893643,4
260830,cpu,a,37,5,5095.995298004709,11.176647007232532,5066.127594996942,18.208853987744078,2
260830,cpu,a,38,6,5092.979374996503,15.16235301096458,5059.107209992362,18.22243999049533,2
260830,cpu,a,39,7,5100.987630998134,11.27647000248544,5070.970078013488,18.26863300811965,3
260830,cpu,a,40,8,5087.000622006599,11.187476004124619,5051.097597010084,24.24223801062908,6
260830,cpu,a,41,9,5120.049871999072,11.26940900576301,5084.056542007602,24.24352699017618,16
260830,cpu,a,42,10,5116.9904740090715,11.179708002600819,5080.987444991479,24.303129001054913,7
260830,cpu,a,43,11,5129.927225003485,11.093314999016002,5100.091619009618,18.24023299559485,6
260830,cpu,a,44,12,5125.016396006686,11.230308009544387,5089.034079006524,24.24223600246478,7
260830,cpu,a,45,13,5115.934183006175,11.233249999349937,5083.05079001002,21.169450003071688,2
260830,cpu,a,46,14,5134.045474012964,12.187575994175859,5103.084849004517,18.274456000654027,1
260830,cpu,a,47,15,5121.964726000442,11.132682993775234,5086.061212990899,24.276494994410314,5
260830,cpu,a,48,0,5089.9912449967815,11.162189010065049,5054.127641997184,24.219180006184615,15
260830,cpu,a,49,1,5110.009413998341,11.251475007156841,5080.000406000181,18.268978004925884,1
260830,cpu,a,50,2,5111.969468998723,11.141791997943074,5076.057808008045,24.281908990815282,6
260830,cpu,a,51,3,5105.978824009071,11.16607700532768,5076.064007997047,18.272646993864328,2
260830,cpu,a,52,4,5096.982663002564,11.130058002891019,5067.1226370031945,18.208317007520236,4
260830,cpu,a,53,5,5090.021634998266,11.280489998171106,5060.013570997398,18.251159999636002,2
260830,cpu,a,54,6,5097.9523840069305,11.216361002880149,5068.011323004612,18.226233005407266,2
260830,cpu,a,55,7,5091.995680006221,11.263552005402744,5062.034659000346,18.20897898869589,3
260830,cpu,a,56,8,5111.039057999733,11.278183999820612,5075.036278009065,24.249305002740584,6
260830,cpu,a,57,9,5135.976945006405,11.20747800450772,5100.027791006141,24.24403899931349,16
260830,cpu,a,58,10,5135.954612007481,11.223695008084178,5099.976464989595,24.26913200179115,7
260830,cpu,a,59,11,5117.985147997388,11.17380899086129,5088.059400994098,18.275394002557732,6
260830,cpu,a,60,12,5145.99374399404,11.178212997037917,5110.056694000377,24.281249003252015,7
260830,cpu,a,61,13,5123.979650001274,11.193379003088921,5094.059310999,18.272329005412757,2
260830,cpu,a,62,14,5103.991520998534,12.189607994514517,5073.131301003741,18.197185010649264,1
260830,cpu,a,63,15,5090.007538994541,11.274781994870864,5054.039213006035,24.21574199979659,5
260830,cpu,a,64,0,5106.98870899796,11.245365996728651,5070.969595995848,24.287648004246876,15
260830,cpu,a,65,1,5085.976140995626,11.172081998665817,5056.059800001094,18.270404005306773,1
260830,cpu,a,66,2,5098.99043700716,11.168587996507995,5063.096558995312,24.24075700400863,6
260830,cpu,a,67,3,5104.983141005505,11.271390001638792,5074.978179996833,18.26581200293731,2
260830,cpu,a,68,4,5092.9906940000365,11.189558994374238,5063.059109001188,18.274254005518742,4
260830,cpu,a,69,5,5076.98584299942,11.18586299708113,5047.061876000953,18.268231011461467,2
260830,cpu,a,70,6,5115.015418996336,11.196648003533483,5085.063844002434,18.2840670022415,2
260830,cpu,a,71,7,5113.994023005944,11.140860005980358,5084.070657991106,18.282164994161576,3
260830,cpu,a,72,8,5129.96378900425,11.133052001241595,5094.095453998307,24.237474994151853,6
260830,cpu,a,73,9,5125.026864989195,11.273422001977451,5089.021412000875,24.257015000330284,16
260830,cpu,a,74,10,5118.957743994542,11.220098997000605,5083.032896000077,24.218186998041347,7
260830,cpu,a,75,11,5125.010579999071,11.273674012045376,5094.998388012755,18.269249005243182,6
260830,cpu,a,76,12,5131.97442398814,11.160220004967414,5096.053151006345,24.280586003442295,7
260830,cpu,a,77,13,5102.993469001376,11.162965005496517,5073.1169740029145,18.23387699550949,2
260830,cpu,a,78,14,5111.003842990613,11.246748006669804,5081.060037002317,18.214732001069933,1
260830,cpu,a,79,15,5121.958067000378,11.225769994780421,5085.963424993679,24.27651800098829,5
260830,cpu,a,80,0,5091.999655007385,11.183080001501366,5056.12336199556,24.223653992521577,15
260830,cpu,a,81,1,5095.973785995739,15.166256998782046,5062.058121999144,18.270890999701805,1
260830,cpu,a,82,2,5101.013888997841,11.187509997398593,5065.105714005767,24.24030000111088,6
260830,cpu,a,83,3,5108.437679009512,16.129184994497336,5074.059209000552,17.744373995810747,2
260830,cpu,a,84,4,5095.535158994608,12.709948990959674,5064.108818012755,18.236855990835465,4
260830,cpu,a,85,5,5092.005880011129,11.242095002671704,5062.026157989749,18.243011989397928,2
260830,cpu,a,86,6,5129.993645998184,11.22522800869774,5100.039780008956,18.229185006930493,2
260830,cpu,a,87,7,5115.937675989699,11.205393995624036,5085.962129000109,18.268326995894313,3
260830,cpu,a,88,8,5116.041237997706,11.200599998119287,5080.077450998942,24.29073599341791,6
260830,cpu,a,89,9,5110.0168240081985,11.146759003167972,5074.158752002404,24.230107999756,16
260830,cpu,a,90,10,5102.942940997309,15.08391999232117,5063.098443002673,24.25204199971631,7
260830,cpu,a,91,11,5141.007497004466,11.240966006880626,5111.037177994149,18.238852004287764,6
260830,cpu,a,92,12,5156.986558009521,11.223513996810652,5121.039025994833,24.23663399531506,7
260830,cpu,a,93,13,5108.969642999,11.225324997212738,5078.979490004713,18.27718099229969,2
260830,cpu,a,94,14,5088.0293660011375,11.144903997774236,5058.082271003514,18.300507988897152,1
260830,cpu,a,95,15,5114.942457003053,11.107647005701438,5079.065127996728,24.275275005493313,5
260830,cpu,a,96,0,5106.987439998193,11.15603800280951,5071.125735994428,24.218339996878058,15
260830,cpu,a,97,1,5094.975878993864,11.260485000093468,5064.976029010722,18.2656460092403,1
260830,cpu,a,98,2,5113.011079010903,11.190759993041866,5077.1021749969805,24.243877007393166,6
260830,cpu,a,99,3,5100.9692560037365,11.231285010580905,5070.970497006783,18.27690700883977,2
260830,cpu,a,100,4,5089.98541800247,11.191254990990274,5060.122226990643,18.210495996754616,4
260830,cpu,a,101,5,5104.004113003612,11.279512997134589,5074.020408996148,18.234864008263685,2
260830,cpu,a,102,6,5143.004992001806,11.236253005336039,5113.0238299956545,18.230981004307978,2
260830,cpu,a,103,7,5125.956118004979,11.243736997130327,5096.022922996781,18.218284007161856,3
260830,cpu,a,104,8,5115.996990003623,11.285546002909541,5080.026944007841,24.218908001785167,6
260830,cpu,a,105,9,5150.008091994096,11.284941996564157,5113.972015999025,24.291513007483445,16
260830,cpu,a,106,10,5138.9778459997615,11.170590994879603,5103.116404003231,24.223995991633274,7
260830,cpu,a,107,11,5107.995144004235,15.172505009104498,5074.05723699776,18.284620993654244,6
260830,cpu,a,108,12,5116.0307329992065,11.156153996125795,5080.137947996263,24.24008899834007,7
260830,cpu,a,109,13,5096.929737002938,11.209190008230507,5066.964775993256,18.271341003128327,2
260830,cpu,a,110,14,5080.987284993171,11.185568000655621,5051.129191007931,18.19976800470613,1
260830,cpu,a,111,15,5107.993747995351,11.27080999140162,5071.967231007875,24.279031000332907,5
260830,cpu,a,112,0,5098.053301000618,11.191917990799993,5062.065353995422,24.322098994161934,15
260830,cpu,a,113,1,5082.913350997842,11.096498987171799,5053.058353005326,18.26508301019203,1
260830,cpu,a,114,2,5090.01025899488,11.178472006577067,5054.124681002577,24.21812700049486,6
260830,cpu,a,115,3,5114.989699999569,11.26666201162152,5085.017762001371,18.236493997392245,2
260830,cpu,a,116,4,5126.010827007121,11.250041992752813,5096.035992988618,18.23830298963003,4
260830,cpu,a,117,5,5148.94593799545,15.142295000259764,5115.051268992829,18.269767009769566,2
260830,cpu,a,118,6,5106.033010000829,11.205180009710602,5076.143647995195,18.218874000012875,2
260830,cpu,a,119,7,5142.955927993171,11.237375001655892,5113.025596001535,18.216238997410983,3
260830,cpu,a,120,8,5151.007410997408,11.268483998719603,5115.012540001771,24.25042900722474,6
260830,cpu,a,121,9,5111.987191005028,11.229833005927503,5075.973029001034,24.29097999993246,16
260830,cpu,a,122,10,5104.996740003116,11.150559002999216,5069.125761001487,24.228634996688925,7
260830,cpu,a,123,11,5118.998800011468,11.233548997552134,5088.992003991734,18.28074200602714,6
260830,cpu,a,124,12,5114.9546499946155,11.151087004691362,5079.129402001854,24.201701002311893,7
260830,cpu,a,125,13,5098.026485997252,11.269276990788057,5067.976917998749,18.29850899230223,2
260830,cpu,a,126,14,5092.942953007878,11.133164996863343,5063.058233994525,18.269118008902296,1
260830,cpu,a,127,15,5102.003305000835,12.287503996049054,5065.038157001254,24.213270007749088,5
260830,cpu,a,128,0,5098.992376006208,11.26634600223042,5062.967599005788,24.285218998556957,15
260830,cpu,a,129,1,5119.988053003908,11.151724989758804,5090.069673999096,18.274882997502573,1
260830,cpu,a,130,2,5109.03999999573,11.1744950118009,5073.163296998246,24.220720006269403,6
260830,cpu,a,131,3,5182.921596991946,11.192442005267367,5152.963667002041,18.267350998939946,2
260830,cpu,a,132,4,5119.993800995871,11.19710500643123,5089.06066599593,19.275220998679288,4
260830,cpu,a,133,5,5104.992829001276,11.183081995113753,5075.122946989723,18.213517003459856,2
260830,cpu,a,134,6,5108.008190989494,11.269012000411749,5078.025405004155,18.236945994431153,2
260830,cpu,a,135,7,5112.982657999964,11.245169007452205,5083.049462002236,18.206599008408375,3
260830,cpu,a,136,8,5148.989333989448,11.255176999839023,5113.014628004748,24.242144005256705,6
260830,cpu,a,137,9,5144.029930990655,11.23859200743027,5108.0511000036495,24.238181009422988,16
260830,cpu,a,138,10,5119.961542004603,15.111914995941333,5080.119908991037,24.234322001575492,7
260830,cpu,a,139,11,5116.974485994433,11.238633000175469,5086.972184013575,18.28631799435243,6
260830,cpu,a,140,12,5085.976581991417,11.151525002787821,5050.057711006957,24.277374002849683,7
260830,cpu,a,141,13,5115.98689899256,11.18436999968253,5086.060615998576,18.275313996127807,2
260830,cpu,a,142,14,5089.989227999467,11.19585201377049,5060.128604993224,18.203940999228507,1
260830,cpu,a,143,15,5109.989354998106,11.25303799926769,5074.027894996107,24.21957199112512,5
260830,cpu,a,144,0,5091.00404799392,11.274246004177257,5054.972461002762,24.287783991894685,15
260830,cpu,a,145,1,5109.981699002674,11.172186001203954,5080.113375006476,18.224542000098154,1
260830,cpu,a,146,2,5110.97885799245,11.248333001276478,5074.965399006032,24.280685000121593,6
260830,cpu,a,147,3,5174.980901007075,11.192721998668276,5145.121035006014,18.20307799789589,2
260830,cpu,a,148,4,5106.000560001121,11.293721996480599,5075.97240000905,18.274938003742136,4
260830,cpu,a,149,5,5114.985517997411,11.187793003045954,5085.064205995877,18.26879799773451,2
260830,cpu,a,150,6,5106.975557995611,11.173343998962082,5077.0885050005745,18.234283998026513,2
260830,cpu,a,151,7,5138.0022339872085,11.205214002984576,5108.055732998764,18.27546799904667,3
260830,cpu,a,152,8,5124.998375002178,11.19241699052509,5089.118061994668,24.22342299541924,6
260830,cpu,a,153,9,5102.998126996681,11.268866001046263,5066.974091998418,24.287312000524253,16
260830,cpu,a,154,10,5118.9975760062225,11.160922003909945,5083.128580998164,24.221361003583297,7
260830,cpu,a,155,11,5097.969516995363,11.23026799177751,5067.97306399676,18.276541988598183,6
260830,cpu,a,156,12,5118.003923998913,11.183650000020862,5082.064548012568,24.28286698705051,7
260830,cpu,a,157,13,5094.969650002895,11.1368749930989,5065.1165320014115,18.213585994089954,2
260830,cpu,a,158,14,5099.985780005227,11.278614998445846,5069.973546007532,18.26612999138888,1
260830,cpu,a,159,15,5103.992753996863,11.252993004745804,5067.971031006891,24.274395997053944,5
260830,cpu,a,160,0,5098.003838007571,11.184727001818828,5062.1005299908575,24.248479996458627,15
260830,cpu,a,161,1,5115.983693001908,11.255543009610847,5086.026402001153,18.226697007776238,1
260830,cpu,a,162,2,5111.007880012039,11.258084996370599,5075.039231000119,24.228791997302324,6
260830,cpu,a,163,3,5131.95938699937,12.220463002449833,5101.059433000046,18.182303989306092,2
260830,cpu,a,164,4,5120.03660100163,15.203028000541963,5086.0885820002295,18.27969599980861,4
260830,cpu,a,165,5,5150.945767993107,11.133897001855075,5121.058267002809,18.27383099589497,2
260830,cpu,a,166,6,5150.988045003032,11.184746996150352,5121.121493997634,18.210556998383254,2
260830,cpu,a,167,7,5114.989527006401,11.265565000940114,5085.024588988745,18.219231991679408,3
260830,cpu,a,168,8,5133.989917987492,15.19209700927604,5094.061986004817,24.2722179973498,6
260830,cpu,a,169,9,5114.01268899499,11.190324003109708,5078.06053099921,24.29406599549111,16
260830,cpu,a,170,10,5092.97999800765,11.161951013491489,5057.058694001171,24.287082997034304,7
260830,cpu,a,171,11,5089.98112998961,11.184089002199471,5060.116421998828,18.222708007670008,6
260830,cpu,a,172,12,5101.989542992669,11.280762002570555,5066.029918001732,24.21637999941595,7
260830,cpu,a,173,13,5105.035080996458,11.268006011960097,5075.072266001371,18.213262999779545,2
260830,cpu,a,174,14,5109.963094000705,11.223659006645903,5079.956782996305,18.278761010151356,1
260830,cpu,a,175,15,5194.024982993142,11.15163900249172,5158.075187006034,24.303856000187807,5
260830,cpu,a,176,0,5232.005544996355,11.233978002564982,5195.995204005158,24.263465995318256,15
260830,cpu,a,177,1,5250.94741799694,11.17596599215176,5221.052861990756,18.220641009975225,1
260830,cpu,a,178,2,5152.004363000742,11.215039994567633,5116.023264999967,24.258498990093358,6
260830,cpu,a,179,3,5168.99878300319,15.124974001082592,5135.119866012246,18.263413992826827,2
260830,cpu,a,180,4,5105.985280999448,15.038124998682179,5072.1524610125925,18.21655700041447,4
260830,cpu,a,181,5,5145.989613010897,11.188988995854743,5116.0513590002665,18.23644600517582,2
260830,cpu,a,182,6,5134.0116020001005,11.180663001141511,5103.989693001495,18.30142999824602,2
260830,cpu,a,183,7,5143.898431997513,11.074983005528338,5114.101217011921,18.212701004813425,3
260830,cpu,a,184,8,5116.014029001235,11.266721005085856,5080.007757002022,24.251697992440313,6
260830,cpu,a,185,9,5130.025956008467,14.933528000256047,5090.078458000789,24.296868999954313,16
260830,cpu,a,186,10,5124.95221500285,11.116794004919939,5089.059210993582,24.282077996758744,7
260830,cpu,a,187,11,5101.002369992784,11.160795009345748,5071.146360001876,18.21767899673432,6
260830,cpu,a,188,12,5107.963283997378,16.105757997138426,5067.088584997691,24.245359003543854,7
260830,cpu,a,189,13,5099.088574992493,11.232709992327727,5069.009795988677,18.339727001148276,2
260830,cpu,a,190,14,5094.876479997765,11.062138000852428,5065.104301989777,18.224525992991403,1
260830,cpu,a,191,15,5114.023877991713,11.249515999224968,5078.002413996728,24.27079700282775,5
260830,cpu,a,192,0,5126.01413000084,11.143056995933875,5090.089517994784,24.29257800395135,15
260830,cpu,a,193,1,5104.996870999457,11.110614010249265,5075.129089993425,18.245643994305283,1
260830,cpu,a,194,2,5174.952708999626,15.071321002324112,5135.091842996189,24.257511002360843,6
260830,cpu,a,195,3,5143.952586004161,15.156431996729225,5110.055700992234,18.27063200471457,2
260830,cpu,a,196,4,5102.997460009647,11.202589012100361,5073.112106008921,18.223828010377474,4
260830,cpu,a,197,5,5136.031379995984,11.274767006398179,5106.00370800239,18.276260001584888,2
260830,cpu,a,198,6,5116.942338994704,11.117942005512305,5087.106876002508,18.21686400217004,2
260830,cpu,a,199,7,5108.002672001021,11.274712000158615,5077.989093988435,18.267206993186846,3
260830,cpu,b,0,0,5092.053603992099,10.726039996370673,5080.57833800558,0.23417700140271336,12
260830,cpu,b,1,1,5092.949018013314,10.664380999514833,5081.575739997788,0.2276619925396517,1
260830,cpu,b,2,2,5096.967822013539,11.574236006708816,5081.61899400875,0.2427139988867566,7
260830,cpu,b,3,3,5062.069093008176,10.599731002002954,5050.692001008429,0.24196700542233884,2
260830,cpu,b,4,4,5097.880561006605,15.553411998553202,5081.607501997496,0.22671800979878753,3
260830,cpu,b,5,5,5129.017111990834,15.676109993364662,5112.6194190001115,0.2448110026307404,1
260830,cpu,b,6,6,5139.14683299663,10.60265299747698,5127.744280005572,0.2616629935801029,2
260830,cpu,b,7,7,5103.762295999331,15.453843006980605,5087.561356995138,0.2302289940416813,3
260830,cpu,b,8,8,5091.029460993013,10.719222002080642,5079.615802998887,0.22707099560648203,6
260830,cpu,b,9,9,5128.042801996344,10.778322990518063,5116.575344000012,0.23104899446479976,14
260830,cpu,b,10,10,5117.882987993653,11.62615699286107,5102.5588490010705,0.22539500787388533,7
260830,cpu,b,11,11,5086.075856001116,10.734121009591036,5074.643507003202,0.22827899374533445,6
260830,cpu,b,12,12,5093.889563999255,10.722634004196152,5082.454488991061,0.22741599241271615,7
260830,cpu,b,13,13,5080.1050559966825,10.732513997936621,5068.6548270023195,0.22981700021773577,3
260830,cpu,b,14,14,5082.979888000409,11.62907900288701,5067.649233998964,0.22632199397776276,0
260830,cpu,b,15,15,5081.876241005375,15.593827003613114,5065.530870997463,0.22866700601298362,4
260830,cpu,b,16,0,5077.1312229917385,10.754634000477381,5065.67250500666,0.23118000535760075,12
260830,cpu,b,17,1,5077.855823998107,15.60166900162585,5061.543909992906,0.2268009993713349,1
260830,cpu,b,18,2,5073.030650004512,10.751431997050531,5061.5719690104015,0.2336899924557656,7
260830,cpu,b,19,3,5086.9402999960585,10.689292001188733,5075.528290006332,0.22910500410944223,2
260830,cpu,b,20,4,5103.192385999137,10.75656499597244,5091.69512000517,0.2464480057824403,3
260830,cpu,b,21,5,5120.802752004238,10.621345005347393,5109.456745994976,0.22681799600832164,1
260830,cpu,b,22,6,5082.999606995145,10.716799006331712,5071.561131990165,0.22588300635106862,2
260830,cpu,b,23,7,5071.995934995357,10.729083995101973,5060.565002000658,0.22762600565329194,3
260830,cpu,b,24,8,5091.081691993168,10.71906799916178,5079.654879998998,0.2302610082551837,6
260830,cpu,b,25,9,5131.918540006154,10.722022998379543,5120.480582991149,0.23168700863607228,14
260830,cpu,b,26,10,5109.963251001318,10.701043996959925,5098.556344993995,0.2283630019519478,7
260830,cpu,b,27,11,5088.000550997094,10.738294004113413,5076.569163997192,0.22811000235378742,6
260830,cpu,b,28,12,5079.972979001468,10.7044400065206,5068.546869995771,0.23054498888086528,7
260830,cpu,b,29,13,5088.087387994165,10.733524002716877,5076.648980000755,0.2259969915030524,3
260830,cpu,b,30,14,5085.907927001244,10.730406997026876,5074.484096010565,0.22129100398160517,0
260830,cpu,b,31,15,5079.048004001379,10.713146009948105,5067.62822100427,0.2261379995616153,4
260830,cpu,b,32,0,5076.951429000474,15.668937005102634,5060.580210993066,0.2306039968971163,12
260830,cpu,b,33,1,5087.950357992668,10.694479002268054,5076.5474869986065,0.22570400324184448,1
260830,cpu,b,34,2,5065.061118992162,10.745202001999132,5053.597630991135,0.24180799664463848,7
260830,cpu,b,35,3,5100.921297009336,10.643355009960942,5089.5423400070285,0.22925100347492844,2
260830,cpu,b,36,4,5116.052479002974,10.716806005802937,5104.597583995201,0.22615899797528982,3
260830,cpu,b,37,5,5121.009681999567,10.762172008980997,5109.541710000485,0.22802100284025073,1
260830,cpu,b,38,6,5113.014382994152,10.750230998382904,5101.567615012755,0.2281259949086234,2
260830,cpu,b,39,7,5147.909733001143,15.645852996385656,5131.573242004379,0.22863899357616901,3
260830,cpu,b,40,8,5128.97238000005,11.469443998066708,5116.555376996985,0.227292999625206,6
260830,cpu,b,41,9,5090.179094986524,10.703021995141171,5078.708018001635,0.24130899691954255,14
260830,cpu,b,42,10,5099.803795994376,15.509067990933545,5083.5576729878085,0.22785599867347628,7
260830,cpu,b,43,11,5084.084934991552,10.728326000389643,5072.650028989301,0.23121001140680164,6
260830,cpu,b,44,12,5098.907284002053,15.641903999494389,5082.559647999005,0.23458999930880964,7
260830,cpu,b,45,13,5077.063782009645,10.685841989470646,5065.640153014101,0.23006800620350987,3
260830,cpu,b,46,14,5082.895707004354,11.645357997622341,5067.558877999545,0.21984099294058979,0
260830,cpu,b,47,15,5089.081933998386,10.740566998720169,5077.639659008128,0.23037201026454568,4
260830,cpu,b,48,0,5061.99213200307,10.740744997747242,5050.5559489974985,0.22937300673220307,12
260830,cpu,b,49,1,5121.996889007278,15.651919005904347,5105.645833988092,0.22938899928703904,1
260830,cpu,b,50,2,5110.985029998119,10.719771002186462,5099.517405004008,0.24948199279606342,7
260830,cpu,b,51,3,5128.875226000673,10.594367005978711,5117.529174996889,0.22853200789541006,2
260830,cpu,b,52,4,5093.128660999355,10.76462799392175,5081.655426998623,0.23797500762157142,3
260830,cpu,b,53,5,5109.999145992333,15.615950993378647,5093.667968001682,0.23397000040858984,1
260830,cpu,b,54,6,5138.978262999444,10.691966992453672,5127.55440598994,0.2439359959680587,2
260830,cpu,b,55,7,5118.89208399225,10.60975799919106,5107.56770100852,0.2272080018883571,3
260830,cpu,b,56,8,5090.05445400544,10.726170992711559,5078.632025994011,0.22900399926584214,6
260830,cpu,b,57,9,5086.025744996732,10.714749005273916,5074.557255997206,0.24471299548167735,14
260830,cpu,b,58,10,5076.956514007179,10.590382997179404,5065.630124998279,0.22932600404601544,7
260830,cpu,b,59,11,5080.930082011037,10.748657005024143,5069.480989986914,0.23232300009112805,6
260830,cpu,b,60,12,5075.116417996469,10.716620003222488,5063.682603999041,0.23548700846731663,7
260830,cpu,b,61,13,5077.942685995367,15.570129005936906,5061.65385399072,0.22756199177820235,3
260830,cpu,b,62,14,5072.88716599578,10.72177199239377,5061.471975001041,0.22056899615563452,0
260830,cpu,b,63,15,5080.066166992765,10.727169006713666,5068.626680003945,0.22757999249733984,4
260830,cpu,b,64,0,5086.0305309906835,15.656989009585232,5069.6394740079995,0.24805199063848704,12
260830,cpu,b,65,1,5151.996750006219,10.600890003843233,5140.648364002118,0.2439909876557067,1
260830,cpu,b,66,2,5106.040436992771,10.575364998658188,5094.697242995608,0.24231101269833744,7
260830,cpu,b,67,3,5119.882747007068,15.557252001599409,5103.6146489932435,0.22632400214206427,2
260830,cpu,b,68,4,5107.023627002491,10.756157003925182,5095.541319999029,0.24678700719960034,3
260830,cpu,b,69,5,5128.956997999921,10.619073000270873,5117.597876000218,0.24069899518508464,1
260830,cpu,b,70,6,5134.031937996042,10.65536099486053,5122.65825799841,0.22809200163464993,2
260830,cpu,b,71,7,5114.978500991128,10.6857890059473,5103.566996011068,0.22598700888920575,3
260830,cpu,b,72,8,5101.913960999809,10.727336004492827,5090.480751998257,0.23209799837786704,6
260830,cpu,b,73,9,5087.078244003351,10.691284012864344,5075.661128998036,0.23001099179964513,14
260830,cpu,b,74,10,5084.888287005015,10.713754993048497,5073.469266004395,0.2300589985679835,7
260830,cpu,b,75,11,5095.001028006664,10.721938000642695,5083.571354000014,0.22817500575911254,6
260830,cpu,b,76,12,5079.050332991756,10.723223997047171,5067.630721008754,0.22624300618190318,7
260830,cpu,b,77,13,5080.8911949861795,15.661900004488416,5064.533071999904,0.22758600243832916,3
260830,cpu,b,78,14,5073.047295009019,10.75669600686524,5061.586335999891,0.22887300292495638,0
260830,cpu,b,79,15,5115.93761399854,10.681415005819872,5104.536434999318,0.2297140017617494,4
260830,cpu,b,80,0,5108.092963986564,10.751346999313682,5096.617885996238,0.24228899565059692,12
260830,cpu,b,81,1,5138.022020997596,10.615637991577387,5126.660435998929,0.23322300694417208,1
260830,cpu,b,82,2,5113.8589100009995,10.698083991883323,5102.454848994967,0.22833299590274692,7
260830,cpu,b,83,3,5131.973432013183,10.749161010608077,5120.528034007293,0.22554700262844563,2
260830,cpu,b,84,4,5121.09039099596,10.773909991257824,5109.605316989473,0.24375299108214676,3
260830,cpu,b,85,5,5121.910451998701,10.651217002305202,5110.545613002614,0.2276070008520037,1
260830,cpu,b,86,6,5082.12081399688,10.740052006440237,5070.673598995199,0.2299539919476956,2
260830,cpu,b,87,7,5081.060709009762,15.607225010171533,5064.717831002781,0.244444003328681,3
260830,cpu,b,88,8,5076.884214999154,10.609371005557477,5065.552697997191,0.22887199884280562,6
260830,cpu,b,89,9,5078.953766002087,10.73732199438382,5067.506467996282,0.23376500757876784,14
260830,cpu,b,90,10,5074.945079002646,10.666394999134354,5063.558424997609,0.22928199905436486,7
260830,cpu,b,91,11,5074.092132999795,10.715329000959173,5062.659197996254,0.230917998123914,6
260830,cpu,b,92,12,5074.950868001906,11.590315989451483,5059.616120997816,0.22807499044574797,7
260830,cpu,b,93,13,5077.004502993077,15.634387993486598,5060.638645009021,0.22787599300500005,3
260830,cpu,b,94,14,5093.070642993553,15.633450006134808,5076.695326002664,0.23811400751583278,0
260830,cpu,b,95,15,5117.821741994703,15.546955997706391,5101.535274996422,0.234317994909361,4
260830,cpu,b,96,0,5097.134377996554,10.741897000116296,5085.683773009805,0.2337339974474162,12
260830,cpu,b,97,1,5105.8377849985845,10.684831999242306,5094.458200997906,0.22671600163448602,1
260830,cpu,b,98,2,5131.99998800701,10.750417990493588,5120.552013002452,0.2275300066685304,7
260830,cpu,b,99,3,5117.054839996854,10.743281003669836,5105.617014996824,0.225836003664881,2
260830,cpu,b,100,4,5098.998642002698,15.671169996494427,5082.622330999584,0.23056399368215352,3
260830,cpu,b,101,5,5101.0146269982215,10.745703999418765,5089.557241008151,0.22859900491312146,1
260830,cpu,b,102,6,5100.018099008594,10.718164005083963,5088.587753998581,0.2311489952262491,2
260830,cpu,b,103,7,5087.907274995814,10.691376999602653,5076.499980001245,0.2324070082977414,3
260830,cpu,b,104,8,5077.955935004866,10.683758999221027,5066.560006991494,0.22638200607616454,6
260830,cpu,b,105,9,5084.0184389962815,10.729706002166495,5072.572894001496,0.2444709971314296,14
260830,cpu,b,106,10,5085.035083000548,10.677341007976793,5073.6368560028495,0.22726399765815586,7
260830,cpu,b,107,11,5071.927689990844,10.749602995929308,5060.485538997455,0.22603799880016595,6
260830,cpu,b,108,12,5112.136364012258,10.717182012740523,5100.68877399317,0.242260008235462,7
260830,cpu,b,109,13,5095.874810998794,10.646580994944088,5084.497632997227,0.2380459918640554,3
260830,cpu,b,110,14,5125.055238007917,10.658754996256903,5113.664960997994,0.2281259949086234,0
260830,cpu,b,111,15,5100.844849992427,10.701749997679144,5089.4353079929715,0.22965000243857503,4
260830,cpu,b,112,0,5131.1028670024825,10.767661005957052,5119.622566999169,0.23886599228717387,12
260830,cpu,b,113,1,5085.982062999392,10.647928997059353,5074.628301998018,0.22544800594914705,1
260830,cpu,b,114,2,5129.011544006062,15.66492801066488,5112.648747992353,0.2301070053363219,7
260830,cpu,b,115,3,5126.870359992608,10.732561000622809,5115.442456997698,0.22816700220573694,2
260830,cpu,b,116,4,5076.035671998397,10.758877004263923,5064.562184998067,0.23591499484609812,3
260830,cpu,b,117,5,5095.993947004899,10.703402003855444,5084.57306199125,0.23352299467660487,1
260830,cpu,b,118,6,5086.9890459871385,10.70700200216379,5075.577363008051,0.228154007345438,2
260830,cpu,b,119,7,5096.094079999602,10.713038995163515,5084.6716789965285,0.23373599105980247,3
260830,cpu,b,120,8,5087.930627996684,16.601108989561908,5070.627136010444,0.22787701163906604,6
260830,cpu,b,121,9,5068.986958998721,10.738091994426213,5057.520675996784,0.24001799465622753,14
260830,cpu,b,122,10,5081.007551998482,10.649079995346256,5069.640900997911,0.227422991883941,7
260830,cpu,b,123,11,5084.919507004088,15.648283006157726,5068.568226997741,0.22997100313659757,6
260830,cpu,b,124,12,5092.981015011901,10.719858997617848,5081.554431002587,0.23411698930431157,7
260830,cpu,b,125,13,5117.047424006159,10.721529994043522,5105.599517992232,0.24098600260913372,3
260830,cpu,b,126,14,5125.915636002901,10.660019994247705,5114.548742989427,0.21835698862560093,0
260830,cpu,b,127,15,5106.131057997118,10.749535998911597,5094.67405200121,0.2356340119149536,4
260830,cpu,b,128,0,5115.966484998353,11.585211992496625,5103.657845989801,0.2329480048501864,12
260830,cpu,b,129,1,5123.008693000884,10.722259001340717,5111.584391997894,0.23375300224870443,1
260830,cpu,b,130,2,5126.85902400699,11.69659401057288,5114.46642500232,0.22992800222709775,7
260830,cpu,b,131,3,5090.07660599309,10.720392994699068,5078.637423997861,0.23322500055655837,2
260830,cpu,b,132,4,5073.976937987027,15.62867900065612,5057.622063992312,0.23321900516748428,3
260830,cpu,b,133,5,5068.923091006582,10.749175999080762,5057.47360100213,0.22917400929145515,1
260830,cpu,b,134,6,5087.19101799943,10.702464991481975,5075.715238999692,0.2550979988882318,2
260830,cpu,b,135,7,5085.813893005252,10.60747700103093,5074.495567998383,0.23026300186756998,3
260830,cpu,b,136,8,5072.989869993762,10.68829400173854,5061.582990994793,0.22996800544206053,6
260830,cpu,b,137,9,5078.004574999795,10.683779997634701,5066.596600998309,0.2324290107935667,14
260830,cpu,b,138,10,5126.950566002051,10.68973500514403,5115.56424999435,0.22686200099997222,7
260830,cpu,b,139,11,5085.131450003246,10.731120011769235,5073.683119000634,0.23764999059494585,6
260830,cpu,b,140,12,5147.869182997965,10.66863899177406,5136.4903779904125,0.23234898981172591,7
260830,cpu,b,141,13,5110.076664001099,10.693770003854297,5098.659622002742,0.2388869907008484,3
260830,cpu,b,142,14,5144.928644003812,10.040363005828112,5134.159894005279,0.23149199842009693,0
260830,cpu,b,143,15,5111.9146999990335,10.662498010788113,5100.523082990549,0.23097200028132647,4
260830,cpu,b,144,0,5097.104676999152,10.750157001893967,5085.648109990871,0.22956699831411242,12
260830,cpu,b,145,1,5088.060622001649,10.721255996031687,5076.6082189948065,0.23840699577704072,1
260830,cpu,b,146,2,5076.92452800984,10.650281998096034,5065.559251001105,0.23144599981606007,7
260830,cpu,b,147,3,5073.957633008831,15.632353010005318,5057.621685002232,0.226602001930587,2
260830,cpu,b,148,4,5087.975511996774,10.748576998594217,5076.521965005668,0.22890900436323136,3
260830,cpu,b,149,5,5076.030153999454,10.77524499851279,5064.560074999463,0.22732600336894393,1
260830,cpu,b,150,6,5077.001329991617,15.641610996681266,5060.659745009616,0.22762399748899043,2
260830,cpu,b,151,7,5083.990926999832,15.630166992195882,5067.658074985957,0.2290270058438182,3
260830,cpu,b,152,8,5086.032612991403,10.699930004193448,5074.595412996132,0.23742200573906302,6
260830,cpu,b,153,9,5129.907429989544,10.665520007023588,5118.524363002507,0.2327130059711635,14
260830,cpu,b,154,10,5109.922845993424,10.663335997378454,5098.5556060040835,0.22631300089415163,7
260830,cpu,b,155,11,5154.178500000853,10.740562996943481,5142.718905000947,0.24034098896663636,6
260830,cpu,b,156,12,5099.86795700388,10.624582995660603,5088.523473008536,0.23041298845782876,7
260830,cpu,b,157,13,5088.032382001984,10.753007998573594,5076.567557000089,0.23214600514620543,3
260830,cpu,b,158,14,5068.014741002116,10.709296999266371,5056.594113993924,0.2302919892827049,0
260830,cpu,b,159,15,5089.911923001637,10.642856010235846,5078.523866002797,0.22751500364392996,4
260830,cpu,b,160,0,5062.100284994813,10.749191002105363,5050.616647989955,0.24112699611578137,12
260830,cpu,b,161,1,5076.903209992452,10.627049996401183,5065.551195992157,0.22515500313602388,1
260830,cpu,b,162,2,5079.9945409962675,10.73688399628736,5068.5553070070455,0.22836599964648485,7
260830,cpu,b,163,3,5089.971191002405,10.7322380063124,5078.539167996496,0.2259519969811663,2
260830,cpu,b,164,4,5062.976540008094,10.75401199341286,5051.526851995732,0.22581699886359274,3
260830,cpu,b,165,5,5095.046617003391,15.6528109946521,5078.64104899636,0.24765099806245416,1
260830,cpu,b,166,6,5097.895147991949,10.587816999759525,5086.574439003016,0.2282920031575486,2
260830,cpu,b,167,7,5099.0589639986865,10.719005003920756,5087.645981999231,0.22743800946045667,3
260830,cpu,b,168,8,5108.0171420035185,10.737167991464958,5096.577286996762,0.23320699983742088,6
260830,cpu,b,169,9,5103.893676001462,10.702018000301905,5092.484994995175,0.22932399588171393,14
260830,cpu,b,170,10,5100.07597701042,10.703632011427544,5088.649644007091,0.2353939926251769,7
260830,cpu,b,171,11,5094.985638992512,10.704525004257448,5083.565799999633,0.22842500766273588,6
260830,cpu,b,172,12,5101.885157011566,10.726100008469075,5090.4604450042825,0.230076999287121,7
260830,cpu,b,173,13,5075.1006540085655,10.725765998358838,5063.655211008154,0.23542699636891484,3
260830,cpu,b,174,14,5070.967138002743,10.71044099808205,5059.550795005634,0.22211699979379773,0
260830,cpu,b,175,15,5082.881284994073,15.651770998374559,5066.528019000543,0.2303140063304454,4
260830,cpu,b,176,0,5086.030865000794,10.75031999789644,5074.570105003659,0.2283850044477731,12
260830,cpu,b,177,1,5061.159459000919,10.72177299647592,5049.7146979905665,0.24093200045172125,1
260830,cpu,b,178,2,5089.844998001354,10.625851005897857,5078.490488987882,0.23812199651729316,7
260830,cpu,b,179,3,5117.002675993717,10.673619006411172,5105.613273990457,0.22606000129599124,2
260830,cpu,b,180,4,5112.97918499622,10.780544995213859,5101.51552100433,0.2251470141345635,3
260830,cpu,b,181,5,5133.945219989982,10.793053996167146,5122.464034007862,0.2284740039613098,1
260830,cpu,b,182,6,5117.00738100626,10.735420000855811,5105.570233994513,0.22653299674857408,2
260830,cpu,b,183,7,5091.069949994562,11.159110013977624,5079.188580013579,0.24223299988079816,3
260830,cpu,b,184,8,5092.899441995542,10.615400999085978,5081.556505989283,0.22990399156697094,6
260830,cpu,b,185,9,5094.120346009731,10.706510001909919,5082.679622006253,0.2348709967918694,14
260830,cpu,b,186,10,5085.958256997401,11.60274600260891,5073.647349010571,0.2330069983145222,7
260830,cpu,b,187,11,5078.90026899986,11.61468900681939,5063.566097000148,0.2268639946123585,6
260830,cpu,b,188,12,5088.961957997526,10.679979997803457,5077.536511991639,0.22917600290384144,7
260830,cpu,b,189,13,5077.999553992413,10.74281100591179,5066.551515003084,0.22764599998481572,3
260830,cpu,b,190,14,5065.086554008303,10.736000011092983,5053.6522540060105,0.22064500080887228,0
260830,cpu,b,191,15,5095.0080920010805,15.650376997655258,5078.641696003615,0.24828400637488812,4
260830,cpu,b,192,0,5113.074264998431,11.586887005250901,5094.728670999757,0.24171400582417846,12
260830,cpu,b,193,1,5101.851590006845,11.548665002919734,5089.608530004625,0.22280999110080302,1
260830,cpu,b,194,2,5122.025833989028,15.846253008930944,5105.489413996111,0.2265379880554974,7
260830,cpu,b,195,3,5129.994254006306,11.651980006718077,5114.643820998026,0.23246099590323865,2
260830,cpu,b,196,4,5092.003615995054,10.722601000452414,5080.564764997689,0.2351139992242679,3
260830,cpu,b,197,5,5088.9740549901035,10.685022003599443,5077.544832005515,0.23983798746485263,1
260830,cpu,b,198,6,5094.919406998088,10.703955005737953,5083.4867520025,0.22733899822924286,2
260830,cpu,b,199,7,5089.116322007612,10.714089992688969,5077.696858003037,0.22772701049689204,3
260830,cpu,c,0,0,7258.983640000224,11.127856007078663,7223.057780996896,24.285978011903353,14
260830,cpu,c,1,1,7252.973194990773,11.169215009431355,7222.062325003208,19.270386997959577,1
260830,cpu,c,2,2,7220.009226992261,11.17021800018847,7184.074270990095,24.273363000247627,5
260830,cpu,c,3,3,7235.016008999082,11.159945002873428,7205.137962999288,18.231587993795983,2
260830,cpu,c,4,4,7214.959028991871,11.20343200454954,7185.016870993422,18.235906987683848,4
260830,cpu,c,5,5,7217.977670006803,15.167555000516586,7184.06106600014,18.274100992130116,2
260830,cpu,c,6,6,7200.996829997166,11.170012003276497,7171.101981992251,18.238717995700426,2
260830,cpu,c,7,7,7209.023534000153,11.2563919974491,7179.055208995123,18.223963998025283,3
260830,cpu,c,8,8,7233.987079991493,11.202666006283835,7197.969287997694,24.30283099238295,7
260830,cpu,c,9,9,7266.981341992505,11.143638999783434,7231.0570589907,24.302060992340557,16
260830,cpu,c,10,10,7258.0145340034505,11.161885995534249,7222.150707006222,24.228555004810914,7
260830,cpu,c,11,11,7242.942010998377,15.114185996935703,7209.12130799843,18.215366988442838,5
260830,cpu,c,12,12,7240.005145999021,16.168583009857684,7199.103090999415,24.25106000737287,8
260830,cpu,c,13,13,7226.992839990999,11.243280008784495,7196.977468003752,18.291648011654615,2
260830,cpu,c,14,14,7211.969818003126,11.148488003527746,7182.1330239909,18.205736007075757,1
260830,cpu,c,15,15,7212.009989001672,15.140671006520279,7172.123012991506,24.23252200242132,5
260830,cpu,c,16,0,7227.026217005914,11.200860011740588,7191.015049000271,24.28771898848936,14
260830,cpu,c,17,1,7244.939961005002,15.098196992767043,7211.110347008798,18.224593994091265,1
260830,cpu,c,18,2,7254.077945995959,11.228005998418666,7217.967675998807,24.3465059902519,5
260830,cpu,c,19,3,7233.878129001823,10.969066002871841,7204.110721999314,18.21751099487301,2
260830,cpu,c,20,4,7246.996478002984,11.279534010100178,7217.029905994423,18.2204320008168,4
260830,cpu,c,21,5,7216.987605002942,11.262346000876278,7187.031747991568,18.217685996205546,2
260830,cpu,c,22,6,7221.9905060046585,11.263947002589703,7192.028454999672,18.21872900472954,2
260830,cpu,c,23,7,7220.0160039938055,11.263608001172543,7189.983132993802,18.285265992744826,3
260830,cpu,c,24,8,7214.967621999676,11.144022006192245,7179.054305001046,24.280913989059627,7
260830,cpu,c,25,9,7218.018195999321,11.167725999257527,7182.100227000774,24.26854798977729,16
260830,cpu,c,26,10,7201.967860994046,11.231914992094971,7166.003188001923,24.25413898890838,7
260830,cpu,c,27,11,7223.991721009952,11.24713200260885,7194.035395994433,18.222855011117645,5
260830,cpu,c,28,12,7267.0242480089655,16.169348993571475,7226.1242940003285,24.252532995888032,8
260830,cpu,c,29,13,7257.941838994157,12.215940994792618,7227.0070999948075,18.238517004647292,2
260830,cpu,c,30,14,7243.025560994283,11.259603008511476,7212.973155008513,18.30771000823006,1
260830,cpu,c,31,15,7218.969335997826,11.118201000499539,7183.07897100749,24.272213006042875,5
260830,cpu,c,32,0,7216.001689012046,11.154196996358223,7180.064328000299,24.29670700803399,14
260830,cpu,c,33,1,7211.949446005747,11.130493992823176,7182.059789993218,18.26647500274703,1
260830,cpu,c,34,2,7212.004675006028,11.189960001502186,7176.097354007652,24.243403007858433,5
260830,cpu,c,35,3,7205.9932940028375,15.173783001955599,7172.064935002709,18.2762860058574,2
260830,cpu,c,36,4,7226.0018389933975,11.166190000949427,7196.133883000584,18.21619799011387,4
260830,cpu,c,37,5,7257.95884199033,11.212722005438991,7227.967931001331,18.274256988661364,2
260830,cpu,c,38,6,7263.005213011638,11.194117003469728,7233.068347006338,18.272317000082694,2
260830,cpu,c,39,7,7225.993526997627,11.151722996146418,7196.098599990364,18.247205996885896,3
260830,cpu,c,40,8,7244.018434008467,11.189044991624542,7208.064053003909,24.217030993895605,7
260830,cpu,c,41,9,7216.964072998962,11.203598987776786,7180.963238992263,24.29396301158704,16
260830,cpu,c,42,10,7217.00143700582,11.164125011418946,7180.115515002399,25.24988200457301,7
260830,cpu,c,43,11,7210.961891003535,11.246708003454842,7180.973360009375,18.274264002684504,5
260830,cpu,c,44,12,7222.033956000814,11.144910007715225,7186.074305005604,24.30100600759033,8
260830,cpu,c,45,13,7236.951500992291,11.114961991552263,7207.061101988074,18.27899100317154,2
260830,cpu,c,46,14,7260.009509001975,11.160481997649185,7230.075953004416,18.282285003806464,1
260830,cpu,c,47,15,7255.987123004161,11.105094992672093,7220.155021001119,24.20231798896566,5
260830,cpu,c,48,0,7260.973705997458,11.224047993891872,7224.971147996257,24.286487998324446,14
260830,cpu,c,49,1,7212.97009299451,11.172188998898491,7183.104178999201,18.225217005237937,1
260830,cpu,c,50,2,7227.005373002612,11.26009100698866,7190.972641008557,24.283669001306407,5
260830,cpu,c,51,3,7219.983859002241,11.169727993546985,7190.059615008067,18.276800998137332,2
260830,cpu,c,52,4,7212.0249700092245,11.172896993230097,7182.103860002826,18.260005992488004,4
260830,cpu,c,53,5,7207.986509994953,15.119849005714059,7174.1184889979195,18.247229003463872,2
260830,cpu,c,54,6,7250.972776004346,15.132758009713143,7217.134325008374,18.209087997092865,2
260830,cpu,c,55,7,7264.9803630047245,11.229957002797164,7235.041256004479,18.215275995316915,3
260830,cpu,c,56,8,7266.002005999326,11.227908995351754,7229.987555008847,24.27775198884774,7
260830,cpu,c,57,9,7266.98488999682,11.160623005707748,7231.058273013332,24.294244998600334,16
260830,cpu,c,58,10,7228.985927009489,12.252364002051763,7191.975299996557,24.280907993670553,7
260830,cpu,c,59,11,7199.982366000768,11.142885996378027,7170.116925990442,18.22554699901957,5
260830,cpu,c,60,12,7225.989473998197,16.170638002222404,7185.061216005124,24.27827299106866,8
260830,cpu,c,61,13,7200.032851993456,11.175198989803903,7170.058033996611,18.32780298718717,2
260830,cpu,c,62,14,7210.934938993887,11.127278005005792,7181.06535699917,18.264450001879595,1
260830,cpu,c,63,15,7217.001615004847,11.166256997967139,7181.100551009877,24.2405889875954,5
260830,cpu,c,64,0,7239.030632001231,15.164662996539846,7199.080039994442,24.2936119902879,14
260830,cpu,c,65,1,7244.936471004621,11.12134700815659,7215.074302992434,18.251912988489494,1
260830,cpu,c,66,2,7269.001986991498,11.17560600687284,7232.061846996658,25.282079994212836,5
260830,cpu,c,67,3,7231.016646997887,11.17079499817919,7201.145503000589,18.218654004158452,2
260830,cpu,c,68,4,7227.964934005286,11.220462998608127,7198.030381012359,18.220710990135558,4
260830,cpu,c,69,5,7226.005538002937,11.24968500516843,7195.999530013069,18.267747000209056,2
260830,cpu,c,70,6,7213.960241002496,11.132924992125481,7184.059981998871,18.27018200128805,2
260830,cpu,c,71,7,7211.00830299838,11.149778991239145,7181.073300991557,18.27364099153783,3
260830,cpu,c,72,8,7210.982611999498,11.162130002048798,7175.1238129945705,24.2178740008967,7
260830,cpu,c,73,9,7236.015103990212,11.25783500901889,7200.032172011561,24.245912994956598,16
260830,cpu,c,74,10,7275.960971994209,11.223053996218368,7239.970794005785,24.279578996356577,7
260830,cpu,c,75,11,7235.022207998554,11.15364300494548,7205.083285007277,18.28262399067171,5
260830,cpu,c,76,12,7262.961988992174,11.130094004329294,7227.05784199934,24.282989994389936,8
260830,cpu,c,77,13,7227.989185994375,11.163036004290916,7198.102598005789,18.239376993733458,2
260830,cpu,c,78,14,7208.972086998983,11.271488008787856,7178.956257994287,18.266095998114906,1
260830,cpu,c,79,15,7245.009933001711,11.171603997354396,7209.117869002512,24.227875997894444,5
260830,cpu,c,80,0,7219.1057140007615,15.136526999413036,7179.166097994312,24.27833099500276,14
260830,cpu,c,81,1,7229.850468997029,11.107037993497215,7199.95060400106,18.267388004460372,1
260830,cpu,c,82,2,7227.062748002936,11.180861009052023,7191.077697993023,24.308523003128357,5
260830,cpu,c,83,3,7255.916255002376,11.080789001425728,7226.0927419993095,18.23228799912613,2
260830,cpu,c,84,4,7261.994277010672,11.284694992355071,7231.971474000602,18.27330199012067,4
260830,cpu,c,85,5,7247.995567988255,11.190371995326132,7218.115960000432,18.221950012957677,2
260830,cpu,c,86,6,7223.982707990217,15.174963991739787,7190.117140999064,18.213486997410655,2
260830,cpu,c,87,7,7226.994210999692,15.174006999586709,7193.1236810050905,18.213129005744122,3
260830,cpu,c,88,8,7210.007392000989,11.258572994847782,7174.041980993934,24.21949499694165,7
260830,cpu,c,89,9,7203.007996009546,15.1579609955661,7163.101106998511,24.265839994768612,16
260830,cpu,c,90,10,7229.00231499807,11.208519994397648,7192.972820994328,24.315866001415998,7
260830,cpu,c,91,11,7208.994787011761,11.13135099876672,7179.123215988511,18.251717003295198,5
260830,cpu,c,92,12,7248.933398004738,16.059710003901273,7208.047335996525,24.27810699737165,8
260830,cpu,c,93,13,7241.003205999732,11.198069987585768,7211.0861639957875,18.25364700926002,2
260830,cpu,c,94,14,7247.971600998426,11.166700001922436,7218.05781799776,18.27180899272207,1
260830,cpu,c,95,15,7254.995406998205,11.188336997292936,7219.102043993189,24.23686500696931,5
260830,cpu,c,96,0,7236.064647993771,15.160134003963321,7196.157550002681,24.240030004875734,14
260830,cpu,c,97,1,7209.904464994906,11.166469994350336,7179.970015989966,18.265597987920046,1
260830,cpu,c,98,2,7212.014931006706,11.170814002980478,7176.075712995953,24.273839007946663,5
260830,cpu,c,99,3,7218.969769004616,11.144882999360561,7189.058609001222,18.27426800446119,2
260830,cpu,c,100,4,7217.996961000608,11.129107006127015,7188.11953200202,18.21820600889623,4
260830,cpu,c,101,5,7191.984996010433,11.262044994509779,7161.976306000724,18.271939989062957,2
260830,cpu,c,102,6,7221.013425005367,11.170160010806285,7191.134680004325,18.213154005934484,2
260830,cpu,c,103,7,7256.966681001359,11.212732002604753,7226.971046009567,18.27684699674137,3
260830,cpu,c,104,8,7230.0109380012145,11.176642001373693,7194.082004993106,24.271000002045184,7
260830,cpu,c,105,9,7261.98697599466,11.158100998727605,7226.100150990533,24.253881987533532,16
260830,cpu,c,106,10,7228.990589996101,11.251989999436773,7193.03186101024,24.233269010437652,7
260830,cpu,c,107,11,7215.973017999204,15.127075996133499,7182.116379000945,18.22194000124,5
260830,cpu,c,108,12,7229.029592999723,11.262230997090228,7193.034643001738,24.24912599963136,8
260830,cpu,c,109,13,7224.953194003319,11.216325001441874,7194.974641999579,18.277948009199463,2
260830,cpu,c,110,14,7213.971322998987,11.165488002006896,7184.060112995212,18.268212996190414,1
260830,cpu,c,111,15,7218.002367008012,11.182351998286322,7182.116694995784,24.224328008131124,5
260830,cpu,c,112,0,7234.030655003153,15.176350003457628,7194.149782008026,24.226416993769817,14
260830,cpu,c,113,1,7241.937651997432,11.182973001268692,7212.005433000741,18.235560011817142,1
260830,cpu,c,114,2,7249.011127991253,11.278767007752322,7212.977861010586,24.283489998197183,5
260830,cpu,c,115,3,7254.972681999789,11.167054995894432,7225.05985799944,18.270952001330443,2
260830,cpu,c,116,4,7249.006982994615,11.170218989718705,7219.059726994601,18.288766994373873,4
260830,cpu,c,117,5,7226.977092010202,11.139848997117952,7197.0587329997215,18.28018199012149,2
260830,cpu,c,118,6,7214.035033000982,11.179778011864983,7184.16726498981,18.209493995527737,2
260830,cpu,c,119,7,7234.944280993659,11.12540700705722,7205.119313002797,18.217054006527178,3
260830,cpu,c,120,8,7210.992148000514,11.266631001490168,7175.029675010592,24.223448999691755,7
260830,cpu,c,121,9,7212.009723996744,11.257328005740419,7176.0356619925005,24.2375449888641,16
260830,cpu,c,122,10,7223.041314005968,11.239048995776102,7186.984326996026,24.3231630010996,7
260830,cpu,c,123,11,7245.910751997144,11.062333011068404,7216.102928010514,18.223431005026214,5
260830,cpu,c,124,12,7242.031881003641,11.270357994362712,7205.9865219926,24.295287992572412,8
260830,cpu,c,125,13,7258.939531995566,11.134504005894996,7229.055952993804,18.27019199845381,2
260830,cpu,c,126,14,7238.004275001003,11.18634600425139,7208.123133998015,18.213984003523365,1
260830,cpu,c,127,15,7231.988928004284,11.239250001381151,7196.024721997674,24.224171007517725,5
260830,cpu,c,128,0,7223.038294992875,11.257150996243581,7187.0307060016785,24.26693199959118,14
260830,cpu,c,129,1,7210.941127006663,15.099921001819894,7177.071775004151,18.270774991833605,1
260830,cpu,c,130,2,7209.992935997434,11.169581004651263,7174.0683120006,24.280351004563272,5
260830,cpu,c,131,3,7198.977677995572,11.146326010930352,7169.1230650030775,18.214069001260214,2
260830,cpu,c,132,4,7226.980666004238,11.252691998379305,7197.02492300712,18.219446996226907,4
260830,cpu,c,133,5,7259.999048008467,11.276862001977861,7229.976979011553,18.275948998052627,2
260830,cpu,c,134,6,7225.027007996687,11.184674993273802,7195.112761997734,18.2591560005676,2
260830,cpu,c,135,7,7227.056622999953,11.239619008847512,7197.017614002107,18.308651997358538,3
260830,cpu,c,136,8,7274.89077798964,11.046505998820066,7239.104852997116,24.221272993599996,7
260830,cpu,c,137,9,7243.016514010378,11.254065000684932,7206.993903993862,24.28670799417887,16
260830,cpu,c,138,10,7229.009340997436,11.125185003038496,7193.088920990704,24.29502700397279,7
260830,cpu,c,139,11,7207.933501005755,11.100853007519618,7178.054775999044,18.2761420001043,5
260830,cpu,c,140,12,7223.996492990409,11.175388004630804,7188.132631010376,24.212741991505027,8
260830,cpu,c,141,13,7210.982466000132,11.264068001764826,7181.029023005976,18.22026100126095,2
260830,cpu,c,142,14,7215.990996002802,11.258697995799594,7185.976752996794,18.2687760097906,1
260830,cpu,c,143,15,7249.013392996858,11.156425010995008,7213.111204007873,24.24525099922903,5
260830,cpu,c,144,0,7266.010923005524,11.209696007426828,7230.0217429874465,24.266856999020092,14
260830,cpu,c,145,1,7225.933017005445,11.204655005712993,7196.027003010386,18.213709990959615,1
260830,cpu,c,146,2,7309.041698012152,11.27500600705389,7272.994876999292,24.286866013426334,5
260830,cpu,c,147,3,7236.9532250013435,11.114395994809456,7207.119081998826,18.22090799396392,2
260830,cpu,c,148,4,7212.98040500551,11.248734997934662,7183.023413992487,18.22046798770316,4
260830,cpu,c,149,5,7216.985089995433,11.273266005446203,7186.97348999558,18.272802990395576,2
260830,cpu,c,150,6,7211.99272100057,11.18364100693725,7182.056680001551,18.275221998919733,2
260830,cpu,c,151,7,7216.991509005311,11.179180990438908,7187.12677199801,18.21065398689825,3
260830,cpu,c,152,8,7225.001857004827,11.259461010922678,7188.976097997511,24.28367799439002,7
260830,cpu,c,153,9,7231.004973000381,11.162957001943141,7195.07289500325,24.287759006256238,16
260830,cpu,c,154,10,7252.046925001196,11.148276986205019,7216.10370799317,24.30256399384234,7
260830,cpu,c,155,11,7222.89928200189,11.054061003960669,7193.084615006228,18.237021009554155,5
260830,cpu,c,156,12,7240.055839996785,11.273518000962213,7204.06835799804,24.22986399324145,8
260830,cpu,c,157,13,7256.926071990165,11.200043009012006,7227.025636006147,18.215791002148762,2
260830,cpu,c,158,14,7244.986563004204,11.269843991613016,7214.972435991513,18.269487991346978,1
260830,cpu,c,159,15,7233.000355001423,11.182947011548094,7197.0942949992605,24.246353001217358,5
260830,cpu,c,160,0,7227.997539011994,15.171691004070453,7188.057438994292,24.29189700342249,14
260830,cpu,c,161,1,7226.979672996094,11.15081598982215,7197.1285400068155,18.207872009952553,1
260830,cpu,c,162,2,7215.99639300257,11.246055000810884,7180.0466690037865,24.208140006521717,5
260830,cpu,c,163,3,7233.992163994117,15.160907001700252,7200.075978995301,18.26347799215,2
260830,cpu,c,164,4,7255.99213699752,11.161158996401355,7226.063873997191,18.283935001818463,4
260830,cpu,c,165,5,7231.988935993286,11.157051005284302,7202.117124004872,18.22612900286913,2
260830,cpu,c,166,6,7232.969610005966,11.24189498659689,7203.006253999774,18.234793009469286,2
260830,cpu,c,167,7,7221.990282996558,11.264496992225759,7192.0269949914655,18.216955999378115,3
260830,cpu,c,168,8,7251.064968993887,11.281680999672972,7215.031843006727,24.269151996122673,7
260830,cpu,c,169,9,7233.9514149934985,11.173141989274882,7197.975289003807,24.29498400306329,16
260830,cpu,c,170,10,7223.972833002335,11.146666001877747,7188.092044001678,24.252904011518694,7
260830,cpu,c,171,11,7218.977880009334,11.260736006079242,7189.011545997346,18.237677999422885,5
260830,cpu,c,172,12,7237.001336994581,16.176050005014986,7196.105119990534,24.24244199937675,8
260830,cpu,c,173,13,7223.983410993242,11.250537994783372,7193.9777030056575,18.275904993060976,2
260830,cpu,c,174,14,7207.973202006542,11.138904999825172,7178.058947989484,18.270058004418388,1
260830,cpu,c,175,15,7213.018591995933,11.18620099441614,7177.107347000856,24.243298001238145,5
260830,cpu,c,176,0,7224.971121991985,11.20868900034111,7189.029903005576,24.225425004260615,14
260830,cpu,c,177,1,7250.977484000032,11.268814007053152,7220.972030001576,18.271749999257736,1
260830,cpu,c,178,2,7219.001674995525,11.18883301387541,7183.097182991332,24.242892002803273,5
260830,cpu,c,179,3,7240.995375002967,16.17610899847932,7206.061873992439,18.283858997165225,2
260830,cpu,c,180,4,7252.977582989843,11.170088007929735,7223.057797004003,18.276261995197274,4
260830,cpu,c,181,5,7226.998549012933,11.17522400454618,7197.06353599031,18.276727001648396,2
260830,cpu,c,182,6,7204.9761790112825,11.148128003696911,7175.060647001374,18.26914699631743,2
260830,cpu,c,183,7,7198.996735998662,11.187786003574729,7169.074600999011,18.261942997924052,3
260830,cpu,c,184,8,7215.99768800661,11.169404999236576,7180.058365003788,24.285022998810746,7
260830,cpu,c,185,9,7210.9999710082775,11.164538009325042,7175.060566994944,24.293580005178228,16
260830,cpu,c,186,10,7214.975397000671,11.155993997817859,7179.059767004219,24.28144999430515,7
260830,cpu,c,187,11,7220.0055480061565,11.179714987520128,7190.139308004291,18.21653899969533,5
260830,cpu,c,188,12,7245.976831996813,16.135051002493128,7205.06134799507,24.282586004119366,8
260830,cpu,c,189,13,7218.9684369950555,11.17912599875126,7189.090889005456,18.23458400031086,2
260830,cpu,c,190,14,7255.995719009661,11.284121996141039,7226.011992999702,18.23164000234101,1
260830,cpu,c,191,15,7240.009148008539,11.26690101227723,7204.010264991666,24.246661996585317,5
260830,cpu,c,192,0,7212.994080007775,15.147098994930275,7173.1267670111265,24.226957990322262,14
260830,cpu,c,193,1,7210.96920700802,11.245380010223016,7180.978848002269,18.26426999468822,1
260830,cpu,c,194,2,7221.999294008128,11.16501199430786,7186.058654013323,24.283013000967912,5
260830,cpu,c,195,3,7230.983011002536,11.17134399828501,7201.099625992356,18.23321900155861,2
260830,cpu,c,196,4,7202.986914009671,11.2592769874027,7172.973313005059,18.2730850065127,4
260830,cpu,c,197,5,7210.034606003319,11.18191599380225,7180.116728995927,18.2470230065519,2
260830,cpu,c,198,6,7251.947689001099,11.176215004525147,7221.971015998861,18.277726994710974,2
260830,cpu,c,199,7,7213.983599998755,11.172159007401206,7184.110767993843,18.218430006527342,3
260830,cpu,d,0,0,7207.060272005037,10.655206002411433,7195.6596030067885,0.2332050062250346,12
260830,cpu,d,1,1,7248.891677008942,11.729486999684013,7233.569814998191,0.22848999651614577,1
260830,cpu,d,2,2,7222.069382987684,10.709740003221668,7210.649936998379,0.22668000019621104,7
260830,cpu,d,3,3,7232.064993993845,10.715098993387073,7220.617023995146,0.2385680127190426,2
260830,cpu,d,4,4,7213.92122200632,10.642058012308553,7202.5551490078215,0.23483099357690662,3
260830,cpu,d,5,5,7197.979088989086,15.613262003171258,7181.6385310085025,0.2288169926032424,2
260830,cpu,d,6,6,7207.904512004461,15.637200005585328,7191.5649290021975,0.22470900148618966,2
260830,cpu,d,7,7,7194.101685992791,10.724302992457524,7182.671760994708,0.22841499594505876,3
260830,cpu,d,8,8,7206.049391999841,15.614421005011536,7189.711790997535,0.23326500377152115,7
260830,cpu,d,9,9,7266.851528998814,10.62628701038193,7255.502535001142,0.22629299201071262,14
260830,cpu,d,10,10,7222.014693004894,10.679307000827976,7210.606424006983,0.23761099146213382,7
260830,cpu,d,11,11,7247.968003008282,10.655184989445843,7236.593434005044,0.23122099810279906,3
260830,cpu,d,12,12,7243.058673993801,10.685273999115452,7231.6674360045,0.22571999579668045,8
260830,cpu,d,13,13,7214.953424001578,15.618596997228451,7198.61165000475,0.24094099353533238,3
260830,cpu,d,14,14,7197.006190996035,10.5909120029537,7185.647634003544,0.22481699124909937,1
260830,cpu,d,15,15,7201.061182000558,10.725482003181241,7186.608956995769,0.2406109997536987,4
260830,cpu,d,16,0,7191.865935994429,11.563239997485653,7179.580041003646,0.23203999444376677,12
260830,cpu,d,17,1,7188.055166989216,10.669789990060963,7176.638618999277,0.24091800150927156,1
260830,cpu,d,18,2,7222.970689006615,10.614794999128208,7211.617599998135,0.23894800688140094,7
260830,cpu,d,19,3,7227.0750509924255,10.64033700095024,7212.704347999534,0.2400980010861531,2
260830,cpu,d,20,4,7216.003143999842,11.531331998412497,7203.704867002671,0.2433800109429285,3
260830,cpu,d,21,5,7231.800581008429,10.60596399474889,7220.456800001557,0.2264869981445372,2
260830,cpu,d,22,6,7234.108210002887,10.738712997408584,7222.667733993148,0.22891700791660696,2
260830,cpu,d,23,7,7209.92802400724,15.588854992529377,7193.600979997427,0.2287620009155944,3
260830,cpu,d,24,8,7201.039164006943,10.678028003894724,7189.654234010959,0.2273050049552694,7
260830,cpu,d,25,9,7204.940935000195,15.630459995009005,7188.60598700121,0.22708599863108248,14
260830,cpu,d,26,10,7197.992054003407,10.677778991521336,7186.5951439976925,0.2348220004932955,7
260830,cpu,d,27,11,7202.97467400087,10.661755994078703,7191.590693008038,0.2295219892403111,3
260830,cpu,d,28,12,7203.169403001084,10.691184987081215,7191.738933994202,0.25257898960262537,8
260830,cpu,d,29,13,7208.089699008269,15.478635003091767,7191.812767996453,0.26887000421993434,3
260830,cpu,d,30,14,7210.686338003143,10.507951010367833,7199.446099999477,0.22355600958690047,1
260830,cpu,d,31,15,7215.056092987652,10.709534995839931,7203.618711006129,0.24133500119205564,4
260830,cpu,d,32,0,7255.922519994783,10.63153900031466,7244.566389010288,0.2268329990329221,12
260830,cpu,d,33,1,7217.0878750039265,10.711843002354726,7205.6621959927725,0.2298849867656827,1
260830,cpu,d,34,2,7216.908479007543,10.682159001589753,7205.497008995735,0.22731699573341757,7
260830,cpu,d,35,3,7218.051852003555,10.696671990444884,7206.64772199234,0.226752003072761,2
260830,cpu,d,36,4,7200.95276000211,15.62622499477584,7184.608302995912,0.22727799660060555,3
260830,cpu,d,37,5,7190.941221997491,10.764567006845027,7179.475905999425,0.22721198911312968,2
260830,cpu,d,38,6,7179.990342003293,10.72779399692081,7168.5621429933235,0.22739700216334313,2
260830,cpu,d,39,7,7216.231914993841,10.713177005527541,7204.768640993279,0.25221900432370603,3
260830,cpu,d,40,8,7256.854495004518,10.53829699230846,7245.574268003111,0.23047500872053206,7
260830,cpu,d,41,9,7216.035630000988,11.615723997238092,7200.705609997385,0.23009699361864477,14
260830,cpu,d,42,10,7244.843580003362,10.66623099904973,7233.484610012965,0.22497600002679974,7
260830,cpu,d,43,11,7210.099242001888,11.721062997821718,7197.668492997764,0.23350799165200442,3
260830,cpu,d,44,12,7244.961251999484,15.604411993990652,7228.6529220000375,0.22870299289934337,8
260830,cpu,d,45,13,7187.998369990964,10.71542598947417,7176.563963002991,0.2379180077696219,3
260830,cpu,d,46,14,7208.970004998264,10.682612992241047,7197.556116007036,0.22650598839391023,1
260830,cpu,d,47,15,7194.021231000079,11.634555005002767,7178.675789997214,0.2289789990754798,4
260830,cpu,d,48,0,7185.910739994142,10.691845993278548,7174.502367997775,0.23135800438467413,12
260830,cpu,d,49,1,7206.995091997669,10.663529988960363,7195.589099996141,0.23373300791718066,1
260830,cpu,d,50,2,7266.0433249984635,10.65075299993623,7254.653961004806,0.22680200345348567,7
260830,cpu,d,51,3,7234.052804007661,15.635003001079895,7217.680059999111,0.2502830029698089,2
260830,cpu,d,52,4,7249.916979999398,10.567776989773847,7238.61634999048,0.2303910005139187,3
260830,cpu,d,53,5,7210.905881001963,11.617565003689378,7195.559248997597,0.22974501189310104,2
260830,cpu,d,54,6,7228.046967007685,10.716086995671503,7216.6049869993,0.23942800180520862,2
260830,cpu,d,55,7,7190.1185539900325,10.650530995917507,7178.7215630029095,0.23715199495200068,3
260830,cpu,d,56,8,7208.890472000348,15.521003006142564,7192.64767599816,0.2271590055897832,7
260830,cpu,d,57,9,7739.14027500723,10.72203301009722,7727.681866002968,0.2505290030967444,14
260830,cpu,d,58,10,7208.927269006381,10.561623988905922,7197.636286000488,0.2294449950568378,7
260830,cpu,d,59,11,7209.877344997949,10.641622997354716,7198.526936001144,0.23545100702904165,3
260830,cpu,d,60,12,7241.95063400839,10.640035005053505,7230.579303010018,0.23221000446937978,8
260830,cpu,d,61,13,7205.046672999742,10.697404999518767,7193.647869993583,0.2229349920526147,3
260830,cpu,d,62,14,7250.053178999224,10.741006000898778,7238.601516990457,0.23480900563299656,1
260830,cpu,d,63,15,7242.9628140089335,15.57136999326758,7226.673907003715,0.2281869965372607,4
260830,cpu,d,64,0,7232.972857993445,15.589211994665675,7216.6572859860025,0.22749698837287724,12
260830,cpu,d,65,1,7216.92951300065,15.62261299113743,7200.592338005663,0.2346499968552962,1
260830,cpu,d,66,2,7189.057313007652,10.656800004653633,7177.671707002446,0.22700500267092139,7
260830,cpu,d,67,3,7216.988334999769,10.7070239901077,7205.553303996567,0.24610200489405543,2
260830,cpu,d,68,4,7189.9766019923845,10.591551006655209,7178.651281006751,0.23075699573382735,3
260830,cpu,d,69,5,7205.073081000592,11.61313099146355,7189.709324011346,0.2421429962851107,2
260830,cpu,d,70,6,7250.918186997296,15.535275000729598,7234.651881997706,0.2265920047648251,2
260830,cpu,d,71,7,7212.109433996375,10.697581004933454,7200.671950005926,0.24941998708527535,3
260830,cpu,d,72,8,7249.778320008772,10.5766819906421,7238.481749009225,0.22802500461693853,7
260830,cpu,d,73,9,7236.034403991653,10.705085995141417,7224.613448997843,0.23031899763736874,14
260830,cpu,d,74,10,7196.043536008801,10.664379995432682,7184.673017996829,0.22744300076738,7
260830,cpu,d,75,11,7210.997894988395,15.607075998559594,7194.680048007285,0.22837599681224674,3
260830,cpu,d,76,12,7220.889887001249,15.597271994920447,7204.579340992495,0.22947200341150165,8
260830,cpu,d,77,13,7188.973052005167,10.691825998947024,7177.567317994544,0.23114398936741054,3
260830,cpu,d,78,14,7198.0889109981945,10.713437004596926,7186.669126997003,0.22755500685889274,1
260830,cpu,d,79,15,7231.9074220140465,10.702532992581837,7220.48888100835,0.2352110022911802,4
260830,cpu,d,80,0,7238.193404002232,10.685453002224676,7223.756542996853,3.249887013225816,12
260830,cpu,d,81,1,7266.885550998268,11.479606997454539,7254.669481990277,0.2329499984625727,1
260830,cpu,d,82,2,7259.970895000151,10.661027001333423,7248.582353000529,0.22762099979445338,7
260830,cpu,d,83,3,7244.897471988224,10.697071993490681,7233.4904320014175,0.2278059982927516,2
260830,cpu,d,84,4,7200.950668004225,10.706984001444653,7189.537679005298,0.22794799588155001,3
260830,cpu,d,85,5,7204.026060993783,10.731308997492306,7192.572588988696,0.230413003009744,2
260830,cpu,d,86,6,7198.082643997623,10.711209004512057,7186.671044997638,0.22749300114810467,2
260830,cpu,d,87,7,7249.019101989688,11.616099000093527,7233.691096000257,0.22907300444785506,3
260830,cpu,d,88,8,7193.938474010793,15.590171999065205,7177.61870699178,0.2429770102025941,7
260830,cpu,d,89,9,7229.1090869985055,10.624205999192782,7217.74043199548,0.23669599613640457,14
260830,cpu,d,90,10,7236.792470997898,15.497207001317292,7220.569694996811,0.22786999761592597,7
260830,cpu,d,91,11,7221.0055549949175,10.706346001825295,7209.5685089880135,0.2312039869138971,3
260830,cpu,d,92,12,7243.123784995987,10.647068003891036,7228.707921007299,0.23249900550581515,8
260830,cpu,d,93,13,7239.804092008853,11.54720901104156,7227.554455996142,0.22867000370752066,3
260830,cpu,d,94,14,7218.074265998439,10.728672001278028,7206.625462989905,0.241939997067675,1
260830,cpu,d,95,15,7211.997610997059,10.70911600254476,7200.560461002169,0.22934599837753922,4
260830,cpu,d,96,0,7195.990658990922,10.71169599890709,7184.546507996856,0.2410400047665462,12
260830,cpu,d,97,1,7194.893838997814,10.594899009447545,7183.561395009747,0.22415998682845384,1
260830,cpu,d,98,2,7202.0146750001,10.721186001319438,7190.5869969923515,0.22493400319945067,7
260830,cpu,d,99,3,7190.107656992041,10.697069999878295,7178.683617996285,0.23401601356454194,2
260830,cpu,d,100,4,7229.873375996249,15.571491996524855,7213.570465988596,0.2348569978494197,3
260830,cpu,d,101,5,7233.042564010248,10.66324299608823,7221.639026000048,0.22537700715474784,2
260830,cpu,d,102,6,7221.921261996613,11.651487002382055,7206.567792993155,0.22939199698157609,2
260830,cpu,d,103,7,7228.007546000299,10.712472008890472,7216.586925002048,0.22762099979445338,3
260830,cpu,d,104,8,7284.970252992935,10.701514998800121,7273.5642610059585,0.22956599423196167,7
260830,cpu,d,105,9,7207.034317005309,10.718268997152336,7195.599428989226,0.23388999397866428,14
260830,cpu,d,106,10,7226.973666998674,10.666175003279932,7215.5757779983105,0.22714800434187055,7
260830,cpu,d,107,11,7204.03524300491,10.686709996662103,7192.627320007887,0.23726699873805046,3
260830,cpu,d,108,12,7210.91785900353,10.632480989443138,7199.564166992786,0.22721500135958195,8
260830,cpu,d,109,13,7194.068936005351,10.713548006606288,7182.65011299809,0.22626300051342696,3
260830,cpu,d,110,14,7190.914630002226,15.633613002137281,7174.5781750069,0.22409499797504395,1
260830,cpu,d,111,15,7219.054903005599,10.708038011216559,7207.620275003137,0.24181099433917552,4
260830,cpu,d,112,0,7261.967114987783,10.599650006042793,7250.605095003266,0.2358779893256724,12
260830,cpu,d,113,1,7199.998597992817,10.658305996912532,7188.62999000703,0.22237299708649516,1
260830,cpu,d,114,2,7242.9476469988,15.66502099740319,7226.586182994652,0.2275139995617792,7
260830,cpu,d,115,3,7211.111986005562,10.708748988690786,7199.690103996545,0.2340540086152032,2
260830,cpu,d,116,4,7210.923901991919,15.560870000626892,7194.639879002352,0.22703300055582076,3
260830,cpu,d,117,5,7195.92551200185,10.728378998464905,7184.481343007064,0.23227999918162823,2
260830,cpu,d,118,6,7196.0585880005965,10.689496994018555,7184.646763998899,0.22633600747212768,2
260830,cpu,d,119,7,7191.931556997588,11.639217991614714,7176.5870899980655,0.22727799660060555,3
260830,cpu,d,120,8,7179.971007004497,10.702778992708772,7168.565670988755,0.2281709894305095,7
260830,cpu,d,121,9,7191.0831019922625,10.718029996496625,7179.639786001644,0.23973800125531852,14
260830,cpu,d,122,10,7246.898775003501,10.592331003863364,7235.564664995763,0.22921401250641793,7
260830,cpu,d,123,11,7212.002574000508,10.559888003626838,7200.580655000522,0.22982600785326213,3
260830,cpu,d,124,12,7209.076350001851,10.705220003728755,7197.671369998716,0.22698800603393465,8
260830,cpu,d,125,13,7269.934294003178,15.621765007381327,7253.597867995268,0.23906200658529997,3
260830,cpu,d,126,14,7220.0011540116975,10.6573309894884,7208.605690990225,0.23476799833588302,1
260830,cpu,d,127,15,7204.076360998442,10.654852012521587,7192.685326997889,0.23930300085339695,4
260830,cpu,d,128,0,7200.013551992015,10.649238000041805,7188.628046002123,0.2309239935129881,12
260830,cpu,d,129,1,7211.889004000113,10.64041000790894,7200.552428010269,0.22309301130007952,1
260830,cpu,d,130,2,7215.960247995099,10.734224008047022,7204.517707999912,0.22848699882160872,7
260830,cpu,d,131,3,7186.948408998433,10.671152005670592,7175.5619250034215,0.2289139956701547,2
260830,cpu,d,132,4,7222.1062460012035,10.713534997194074,7210.669883992523,0.23439200595021248,3
260830,cpu,d,133,5,7256.858325999929,15.578731006826274,7240.554306001286,0.22775999968871474,2
260830,cpu,d,134,6,7205.108369002119,10.721536003984511,7193.675836999319,0.22794801043346524,2
260830,cpu,d,135,7,7269.9229790014215,10.684324995963834,7258.516317000613,0.22921299387235194,3
260830,cpu,d,136,8,7232.0488809928065,10.66751500184182,7220.661808998557,0.22870099928695709,7
260830,cpu,d,137,9,7196.09994100756,11.607198001001962,7180.752158004907,0.2484210126567632,14
260830,cpu,d,138,10,7202.870893990621,10.583812007098459,7191.566490000696,0.22682201233692467,7
260830,cpu,d,139,11,7206.918323005084,15.621376995113678,7190.588020996074,0.2255240106023848,3
260830,cpu,d,140,12,7210.100384996622,10.692016003304161,7195.689932996174,0.22925299708731472,8
260830,cpu,d,141,13,7189.846392007894,11.584100997424684,7177.553500994691,0.22575499315280467,3
260830,cpu,d,142,14,7215.033753993339,10.735935997217894,7203.590999008156,0.23178700939752162,1
260830,cpu,d,143,15,7269.956065007136,10.679965009330772,7258.559577996493,0.22787800116930157,4
260830,cpu,d,144,0,7211.0962649894645,10.720391001086682,7199.668487010058,0.22955499298404902,12
260830,cpu,d,145,1,7261.056005998398,10.709059002692811,7249.628100005793,0.2392169990343973,1
260830,cpu,d,146,2,7219.9695669987705,10.625481998431496,7208.6073350074,0.23554300423711538,7
260830,cpu,d,147,3,7219.922757009044,10.643817993695848,7208.536357997218,0.24160899920389056,2
260830,cpu,d,148,4,7206.976729008602,10.615487000904977,7195.63402600761,0.22465399524662644,3
260830,cpu,d,149,5,7189.985995006282,11.642794997897,7174.634455004707,0.22662000264972448,2
260830,cpu,d,150,6,7205.028458003653,10.734347000834532,7193.582057007006,0.22912200074642897,2
260830,cpu,d,151,7,7177.995592006482,15.605466993292794,7161.679023003671,0.2278199972352013,3
260830,cpu,d,152,8,7219.909003993962,10.683919012080878,7208.501262997743,0.2322590007679537,7
260830,cpu,d,153,9,7235.077167002601,10.668483009794727,7223.6806959990645,0.2269910037284717,14
260830,cpu,d,154,10,7200.881502998527,15.603086008923128,7184.578993998002,0.22963600349612534,7
260830,cpu,d,155,11,7209.069939999608,10.707671011914499,7197.662241000216,0.22717700630892068,3
260830,cpu,d,156,12,7259.092904991121,10.681273008231074,7244.655711008818,3.2447280100313947,8
260830,cpu,d,157,13,7236.787902002106,11.478161002742127,7224.565079988679,0.22545800311490893,3
260830,cpu,d,158,14,7222.084555003676,10.684620996471494,7210.662452998804,0.22463900677394122,1
260830,cpu,d,159,15,7222.028074000264,11.607974010985345,7203.6856210033875,0.23259200679603964,4
260830,cpu,d,160,0,7194.894299987936,11.58902799943462,7182.5905660080025,0.2351970033487305,12
260830,cpu,d,161,1,7205.953021009918,10.675896992324851,7194.566399004543,0.22425499628297985,1
260830,cpu,d,162,2,7185.13160799921,10.715041004004888,7170.69609000464,0.23159399279393256,7
260830,cpu,d,163,3,7223.02298800787,11.576744000194594,7210.7145709887845,0.2414719929220155,2
260830,cpu,d,164,4,7242.872408009134,10.60774399957154,7231.527880998328,0.22594099573325366,3
260830,cpu,d,165,5,7220.916806996684,15.64841199433431,7204.551720991731,0.22583699319511652,2
260830,cpu,d,166,6,7250.086025000201,10.745022998889908,7238.6305179970805,0.2387709973845631,2
260830,cpu,d,167,7,7219.939234986668,10.604020004393533,7208.589735993883,0.22896200243849307,3
260830,cpu,d,168,8,7227.021196988062,10.691097006201744,7215.614013999584,0.23667700588703156,7
260830,cpu,d,169,9,7221.053141998709,10.642771012498997,7209.677765000379,0.23171798966359347,14
260830,cpu,d,170,10,7219.880514006945,10.681699990527704,7208.4960479987785,0.2264119975734502,7
260830,cpu,d,171,11,7204.127962992061,10.683098007575609,7189.712326988229,0.2331449941266328,3
260830,cpu,d,172,12,7210.8492700062925,11.550484006875195,7198.573786008637,0.2303180081071332,8
260830,cpu,d,173,13,7221.163419002551,10.69694699253887,7209.726506000152,0.24911199579946697,3
260830,cpu,d,174,14,7230.8082439994905,10.582540009636432,7219.488652001019,0.22515800083056092,1
260830,cpu,d,175,15,7206.107901001815,9.187960997223854,7196.211846996448,0.2314669982297346,4
260830,cpu,d,176,0,7246.943370002555,10.681826999643818,7235.544655995909,0.24032899818848819,12
260830,cpu,d,177,1,7242.976599998656,10.613539008772932,7231.641532009235,0.22205000277608633,1
260830,cpu,d,178,2,7224.029199001961,11.646781000308692,7208.675107991439,0.2297890023328364,7
260830,cpu,d,179,3,7226.989777002018,10.69242600351572,7215.58721299516,0.22789598733652383,2
260830,cpu,d,180,4,7213.936551997904,11.577376004424877,7198.624293989269,0.22809000802226365,3
260830,cpu,d,181,5,7187.049727988779,10.748111002612859,7175.584965007147,0.23273599799722433,2
260830,cpu,d,182,6,7200.94599800359,10.67572200554423,7189.536825011601,0.2408599975751713,2
260830,cpu,d,183,7,7229.121716009104,10.61326899798587,7217.736699996749,0.24942599702626467,3
260830,cpu,d,184,8,7252.775336004561,10.574711006483994,7241.471902991179,0.22577699564862996,7
260830,cpu,d,185,9,7202.023161997204,10.70275399251841,7190.584867988946,0.23030900047160685,14
260830,cpu,d,186,10,7213.042944000335,10.68558199040126,7201.636140991468,0.23715999850537628,7
260830,cpu,d,187,11,7262.92953499069,10.628068004734814,7251.581228003488,0.22981299844104797,3
260830,cpu,d,188,12,7242.044566999539,10.677758007659577,7230.642442009412,0.226677002501674,8
260830,cpu,d,189,13,7229.992501990637,10.72566700167954,7218.555116007337,0.2273499994771555,3
260830,cpu,d,190,14,7214.999322008225,10.72483099414967,7203.566383992438,0.2256880106870085,1
260830,cpu,d,191,15,7207.89739099564,15.628704000846483,7191.562004998559,0.2255970030091703,4
260830,cpu,d,192,0,7187.072057990008,10.718676989199594,7175.6259170069825,0.23868300195317715,12
260830,cpu,d,193,1,7197.073375995387,10.629169002640992,7185.704067000188,0.239455999690108,1
260830,cpu,d,194,2,7231.832269986626,10.640344000421464,7220.4773260018555,0.2250399993499741,7
260830,cpu,d,195,3,7232.074649000424,10.7213680021232,7220.625321002444,0.24288399436045438,2
260830,cpu,d,196,4,7217.00410800986,10.609314005705528,7205.653338998673,0.23532500199507922,3
260830,cpu,d,197,5,7240.887293999549,15.606417000526562,7224.5609239907935,0.2291489945491776,2
260830,cpu,d,198,6,7236.076226996374,10.703205000027083,7224.649848008994,0.229199999012053,2
260830,cpu,d,199,7,7216.010493997601,15.611658993293531,7199.666494008852,0.22862499463371933,3
260831,cpu,a,0,0,5141.058631998021,11.24966298812069,5105.065367009956,24.242907005827874,15
260831,cpu,a,1,1,5102.920349003398,11.196790001122281,5072.999363997951,18.231460999231786,1
260831,cpu,a,2,2,5100.986842007842,15.190970996627584,5061.095225988538,24.239858001237735,5
260831,cpu,a,3,3,5147.0312449964695,15.200654001091607,5113.067648999277,18.29798200924415,2
260831,cpu,a,4,4,5144.947168999352,11.1368039943045,5115.051867003785,18.273077002959326,4
260831,cpu,a,5,5,5097.006716008764,11.188895994564518,5067.131975010852,18.210268011898734,2
260831,cpu,a,6,6,5101.971172000049,11.241105996305123,5072.0305669965455,18.20941899495665,2
260831,cpu,a,7,7,5092.992760997731,11.283354993793182,5063.039446002222,18.206203007139266,3
260831,cpu,a,8,8,5106.997814000351,11.277470999630168,5070.98903201404,24.2644370009657,8
260831,cpu,a,9,9,5101.994279000792,17.17919099610299,5060.0580900063505,24.286975007271394,16
260831,cpu,a,10,10,5093.994872004259,11.168110999278724,5058.059465998667,24.287939013447613,8
260831,cpu,a,11,11,5085.976894013584,11.152313003549352,5056.098102999385,18.23699299711734,5
260831,cpu,a,12,12,5106.990323998616,11.275254000793211,5071.024083998054,24.225533998105675,8
260831,cpu,a,13,13,5104.014046999509,11.271832991042174,5074.048544003745,18.21904900134541,2
260831,cpu,a,14,14,5126.0147229913855,14.249532003304921,5092.962045004242,18.29440100118518,1
260831,cpu,a,15,15,5143.937137996545,11.092815999290906,5108.062532992335,24.273928996990435,5
260831,cpu,a,16,0,5115.993464001804,11.191135010449216,5080.117076999159,24.223936998168938,15
260831,cpu,a,17,1,5108.038684993517,11.277136989519931,5078.061421998427,18.225102001451887,1
260831,cpu,a,18,2,5154.953437988297,15.115094007342122,5115.058815994416,24.28336899902206,5
260831,cpu,a,19,3,5159.969831001945,11.164278999785893,5130.119196997839,18.210602007457055,2
260831,cpu,a,20,4,5104.985023994232,11.277569006779231,5075.023704994237,18.217671997263096,4
260831,cpu,a,21,5,5106.993513996713,15.190930993412621,5073.059146991,18.27149500604719,2
260831,cpu,a,22,6,5103.988770002616,12.171565991593525,5073.056157998508,18.27143199625425,2
260831,cpu,a,23,7,5100.988642006996,11.188440999831073,5071.1277540103765,18.20397899427917,3
260831,cpu,a,24,8,5100.997556000948,11.280880993581377,5065.025926000089,24.22597499389667,8
260831,cpu,a,25,9,5102.026943000965,11.269167996942997,5066.040589998011,24.23767298751045,16
260831,cpu,a,26,10,5092.952695995336,11.179816006915644,5056.971215002704,24.28002600208856,8
260831,cpu,a,27,11,5071.000662996084,11.186442992766388,5041.063615994062,18.28276900050696,5
260831,cpu,a,28,12,5138.978552000481,11.160433001350611,5103.096941005788,24.238851998234168,8
260831,cpu,a,29,13,5115.992659993935,11.271319002844393,5085.9871749999,18.266352999489754,2
260831,cpu,a,30,14,5151.980530994479,11.156610999023542,5122.062249996816,18.269466003403068,1
260831,cpu,a,31,15,5127.031579002505,11.193171012564562,5091.087453009095,24.279218006995507,5
260831,cpu,a,32,0,5149.965497999801,11.141370996483602,5114.114352996694,24.23511400411371,15
260831,cpu,a,33,1,5153.985377008212,11.2627530033933,5123.975567999878,18.27679600683041,1
260831,cpu,a,34,2,5115.98110399791,11.172621001605876,5080.056788996444,24.278274999232963,5
260831,cpu,a,35,3,5099.979478996829,11.186730000190437,5070.0623220036505,18.266689003212377,2
260831,cpu,a,36,4,5086.011908992077,11.187957003130578,5056.113298996934,18.23502800834831,4
260831,cpu,a,37,5,5100.973713997519,11.274541000602767,5070.981854994898,18.232984002679586,2
260831,cpu,a,38,6,5092.997343992465,11.27940000151284,5062.972418993013,18.27999801025726,2
260831,cpu,a,39,7,5099.976590005099,11.155782005516812,5070.060662008473,18.27094898908399,3
260831,cpu,a,40,8,5094.016659000772,11.18860999122262,5058.063525997568,24.29011499043554,8
260831,cpu,a,41,9,5092.981905996567,11.152067003422417,5057.1204149891855,24.232441995991394,16
260831,cpu,a,42,10,5131.995962001383,11.260547005804256,5095.976882003015,24.28685501217842,8
260831,cpu,a,43,11,5118.025216012029,11.149246012791991,5088.077858003089,18.29841500148177,5
260831,cpu,a,44,12,5153.998965004575,11.086397003964521,5118.158934012172,24.223608008469455,8
260831,cpu,a,45,13,5089.916703000199,11.1307439947268,5060.022185003618,18.221042002551258,2
260831,cpu,a,46,14,5126.97751900123,15.1924640085781,5093.096855998738,18.224468003609218,1
260831,cpu,a,47,15,5160.0521090003895,17.207097000209615,5118.075043006684,24.299029013491236,5
260831,cpu,a,48,0,5158.954986007302,11.125358010758646,5123.117101000389,24.229922011727467,15
260831,cpu,a,49,1,5096.971780993044,11.26700900204014,5067.043332994217,18.19821300159674,1
260831,cpu,a,50,2,5125.032095005736,11.268578004091978,5089.061534003122,24.218699996708892,5
260831,cpu,a,51,3,5119.945981001365,18.14087499224115,5083.09082800406,18.227338005090132,2
260831,cpu,a,52,4,5090.990298995166,11.285127999144606,5060.974236999755,18.26872699894011,4
260831,cpu,a,53,5,5091.989445994841,11.188536998815835,5062.09115999809,18.23652999883052,2
260831,cpu,a,54,6,5101.9946960004745,11.276916004135273,5071.9771860021865,18.267475999891758,2
260831,cpu,a,55,7,5098.98193499248,11.181858004420064,5069.057844011695,18.26901698950678,3
260831,cpu,a,56,8,5089.999879011884,11.192695004865527,5054.0603090048535,24.27751899813302,8
260831,cpu,a,57,9,5101.039571003639,11.177405001944862,5065.115025994601,24.264354011393152,16
260831,cpu,a,58,10,5130.009451007936,11.190117002115585,5093.973677998292,24.336809990927577,8
260831,cpu,a,59,11,5124.916682994808,12.095553000108339,5094.086842000252,18.24051399307791,5
260831,cpu,a,60,12,5115.985634009121,11.27808800083585,5080.002713002614,24.24373799294699,8
260831,cpu,a,61,13,5125.01916999463,11.286941007710993,5094.992243000888,18.274122005095705,2
260831,cpu,a,62,14,5119.95564699464,11.140802002046257,5090.058678993955,18.263691003085114,1
260831,cpu,a,63,15,5116.037240994046,11.188777003553696,5080.060324995429,24.311046989168972,5
260831,cpu,a,64,0,5105.968222007505,11.148720994242467,5070.166149002034,24.183650995837525,15
260831,cpu,a,65,1,5111.963774004835,11.254932003794238,5082.030644000042,18.208768000476994,1
260831,cpu,a,66,2,5104.013368996675,11.281369996140711,5067.983701999765,24.276416006614454,5
260831,cpu,a,67,3,5109.965946001466,11.15902500168886,5080.108094000025,18.220803001895547,2
260831,cpu,a,68,4,5101.999618986156,11.284734995570034,5071.977927000262,18.2701550074853,4
260831,cpu,a,69,5,5087.981732009212,11.182936999830417,5057.097188007901,19.23250600520987,2
260831,cpu,a,70,6,5084.0288670005975,11.286086999461986,5054.01610500121,18.259047996252775,2
260831,cpu,a,71,7,5101.977065001847,11.233885001274757,5072.043388005113,18.219101009890437,3
260831,cpu,a,72,8,5115.962084004423,11.246964000747539,5080.027015996166,24.213793003582396,8
260831,cpu,a,73,9,5127.005630987696,11.289019006653689,5090.971129990066,24.28565100126434,16
260831,cpu,a,74,10,5117.998019006336,11.181971989572048,5082.059009000659,24.290672998176888,8
260831,cpu,a,75,11,5139.962298999308,11.171044010552578,5110.056197998347,18.272272995091043,5
260831,cpu,a,76,12,5122.999733008328,11.207568997633643,5087.058753997553,24.275101997773163,8
260831,cpu,a,77,13,5104.017110992572,11.185519004357047,5074.13341398933,18.22297798935324,2
260831,cpu,a,78,14,5118.956758000422,11.2223920004908,5088.97866299958,18.264012993313372,1
260831,cpu,a,79,15,5113.999923996744,11.17179098946508,5078.059139006655,24.280190002173185,5
260831,cpu,a,80,0,5094.988518991158,11.17357099428773,5059.059619001346,24.28131698979996,15
260831,cpu,a,81,1,5087.973985995632,11.171730002388358,5058.112537008128,18.214335999800824,1
260831,cpu,a,82,2,5087.016043995391,11.288444002275355,5051.052476992481,24.208272006944753,5
260831,cpu,a,83,3,5099.967734000529,11.247407994233072,5070.008045993745,18.233283000881784,2
260831,cpu,a,84,4,5091.99377099867,11.28340199647937,5062.041879005847,18.203819010523148,4
260831,cpu,a,85,5,5103.99185300048,11.274933000095189,5074.018728002557,18.228023996925913,2
260831,cpu,a,86,6,5121.008635993348,11.264381988439709,5091.045277004014,18.214116993476637,2
260831,cpu,a,87,7,5119.971306005027,15.141851006774232,5086.117341998033,18.21839000331238,3
260831,cpu,a,88,8,5136.023137005395,11.291135000647046,5099.998065008549,24.266332999104634,8
260831,cpu,a,89,9,5121.956182003487,11.231812997721136,5086.019199996372,24.23263200034853,16
260831,cpu,a,90,10,5154.040489011095,11.279307000222616,5117.995284002973,24.295044990140013,8
260831,cpu,a,91,11,5115.935934998561,11.114973996882327,5086.09072699619,18.237177006085403,5
260831,cpu,a,92,12,5103.012375999242,11.274755001068115,5067.010045007919,24.254235002445057,8
260831,cpu,a,93,13,5102.993988009985,11.229133000597358,5072.990843007574,18.278442992595956,2
260831,cpu,a,94,14,5090.952635000576,11.150128993904218,5061.056953010848,18.264311001985334,1
260831,cpu,a,95,15,5110.016851991531,11.19329099310562,5074.100671001361,24.250041009509005,5
260831,cpu,a,96,0,5109.978809006861,15.143078009714372,5070.059363992186,24.28492000035476,15
260831,cpu,a,97,1,5095.976883996627,11.178307002410293,5066.109751001932,18.218525001429953,1
260831,cpu,a,98,2,5116.999117992236,15.195575993857346,5077.120963003836,24.221924002631567,5
260831,cpu,a,99,3,5084.03012099734,11.268874994129874,5054.041669995058,18.239224998978898,2
260831,cpu,a,100,4,5117.993432999356,11.21120699099265,5088.053861996741,18.232899994472973,4
260831,cpu,a,101,5,5165.972764996695,11.204566006199457,5135.994021999068,18.2686600019224,2
260831,cpu,a,102,6,5130.951770988759,11.155992004205473,5101.112559001194,18.217789998743683,2
260831,cpu,a,103,7,5112.007318995893,11.280663995421492,5082.010100988555,18.249134998768568,3
260831,cpu,a,104,8,5142.014295997797,11.258069003815763,5105.999917999725,24.280186000396498,8
260831,cpu,a,105,9,5119.011026006774,11.118695008917712,5083.118652008125,24.26926798943896,16
260831,cpu,a,106,10,5104.9768020020565,11.192400997970253,5068.973045999883,24.31070798775181,8
260831,cpu,a,107,11,5111.974333005492,11.117764006485231,5082.087478003814,18.272437009727582,5
260831,cpu,a,108,12,5129.9664190009935,11.14125200547278,5094.058457005303,24.278560013044626,8
260831,cpu,a,109,13,5095.039457999519,11.171769991051406,5065.145966000273,18.23906699428335,2
260831,cpu,a,110,14,5086.921426001936,11.190876000910066,5056.9624380004825,18.266011000378057,1
260831,cpu,a,111,15,5098.997105000308,11.188128992216662,5063.116586999968,24.220192994107492,5
260831,cpu,a,112,0,5091.017866987386,11.266711007920094,5055.060235987185,24.21492298890371,15
260831,cpu,a,113,1,5086.9511580094695,15.156794004724361,5053.059960002429,18.265901002450846,1
260831,cpu,a,114,2,5111.06662399834,11.191675992449746,5075.081171002239,24.310239998158067,5
260831,cpu,a,115,3,5146.983122991514,11.055452996515669,5117.134072992485,18.242659003590234,2
260831,cpu,a,116,4,5106.915089010727,11.08315700548701,5077.111327991588,18.21507199201733,4
260831,cpu,a,117,5,5090.987892006524,11.287847999483347,5061.018865002552,18.217600998468697,2
260831,cpu,a,118,6,5128.04498198966,15.20960099878721,5094.0723630046705,18.298377995961346,2
260831,cpu,a,119,7,5152.944739005761,11.133906999020837,5123.100287994021,18.232221002108417,3
260831,cpu,a,120,8,5112.0086739974795,11.275525990640745,5075.976939988323,24.28443799726665,8
260831,cpu,a,121,9,5098.003874009009,11.145830998430029,5062.118052999722,24.245941007393412,16
260831,cpu,a,122,10,5093.961835009395,11.238912004046142,5058.03041299805,24.21641799446661,8
260831,cpu,a,123,11,5098.985486009042,11.267501002294011,5068.972925990238,18.27524500549771,5
260831,cpu,a,124,12,5098.9908579940675,11.184746996150352,5063.061253997148,24.27601400995627,8
260831,cpu,a,125,13,5080.986885994207,11.188881006091833,5051.132527994923,18.199965998064727,2
260831,cpu,a,126,14,5100.98551500414,15.189914993243292,5067.117938000592,18.211902992334217,1
260831,cpu,a,127,15,5103.012734994991,11.279818005277775,5067.046739990474,24.213262993725948,5
260831,cpu,a,128,0,5108.046492998255,11.242598004173487,5072.0404620078625,24.266573003842495,15
260831,cpu,a,129,1,5135.907629999565,15.093206005985849,5102.05564100761,18.26780599367339,1
260831,cpu,a,130,2,5124.991864999174,11.184832008439116,5089.057910008705,24.277106989757158,5
260831,cpu,a,131,3,5106.974619004177,11.195001992746256,5077.055767993443,18.266843995661475,2
260831,cpu,a,132,4,5124.0439629909815,11.214250000193715,5094.074751003063,18.29385598830413,4
260831,cpu,a,133,5,5109.948151992285,11.134715998196043,5080.0596329936525,18.269782987772487,2
260831,cpu,a,134,6,5103.997842001263,11.187640004209243,5074.105781997787,18.233510010759346,2
260831,cpu,a,135,7,5102.000850994955,11.265810986515135,5072.034885000903,18.227178996312432,3
260831,cpu,a,136,8,5094.976267006132,11.263293999945745,5059.0320019982755,24.218033999204636,8
260831,cpu,a,137,9,5094.009692998952,11.255157995037735,5057.976053998573,24.28970798791852,16
260831,cpu,a,138,10,5097.270202008076,11.156064996612258,5061.097159006749,24.542312006815337,8
260831,cpu,a,139,11,5099.689306996879,13.965890000690706,5066.974108995055,18.273667999892496,5
260831,cpu,a,140,12,5103.993226002785,11.184375995071605,5068.1764829932945,24.16418300708756,8
260831,cpu,a,141,13,5082.998953992501,11.25742400472518,5052.978991006967,18.278074989211746,2
260831,cpu,a,142,14,5109.974178005359,11.158324996358715,5080.12519600743,18.207121000159532,1
260831,cpu,a,143,15,5145.01704799477,18.187574998592027,5102.071362009156,24.276962998555973,5
260831,cpu,a,144,0,5140.971264001564,11.14817000052426,5105.0614660052815,24.282218000735156,15
260831,cpu,a,145,1,5116.972111994983,11.18122399202548,5087.101584998891,18.225047999294475,1
260831,cpu,a,146,2,5144.005226000445,11.286866996670142,5108.02991699893,24.22398599446751,5
260831,cpu,a,147,3,5133.993019000627,11.267973008216359,5104.022536004777,18.23031299863942,2
260831,cpu,a,148,4,5110.969982997631,11.199754997505806,5081.032637986937,18.20601300278213,4
260831,cpu,a,149,5,5124.9870769970585,11.280586011707783,5094.9718470074,18.26875700498931,2
260831,cpu,a,150,6,5102.0113339909585,11.203261004993692,5072.121475008316,18.220947997178882,2
260831,cpu,a,151,7,5097.970087997965,11.250148992985487,5068.007528010639,18.234232993563637,3
260831,cpu,a,152,8,5097.001486006775,11.287129003903829,5061.0314549994655,24.22337200550828,8
260831,cpu,a,153,9,5103.996261997963,11.268506990745664,5068.032415001653,24.227223999332637,16
260831,cpu,a,154,10,5102.99109701009,11.260515006142668,5066.9710759975715,24.28966799925547,8
260831,cpu,a,155,11,5095.982343002106,11.176571002579294,5066.060469005606,18.282044999068603,5
260831,cpu,a,156,12,5134.063017991139,11.17279399477411,5098.084255994763,24.318433002918027,8
260831,cpu,a,157,13,5103.919556990149,11.079536998295225,5074.060883009224,18.27524899272248,2
260831,cpu,a,158,14,5164.965942996787,11.163685994688421,5135.114684002474,18.21019299677573,1
260831,cpu,a,159,15,5123.0500689998735,11.294181997072883,5086.990891999449,24.289352993946522,5
260831,cpu,a,160,0,5134.95156999852,11.11182599561289,5099.110879004002,24.228833004599437,15
260831,cpu,a,161,1,5135.9743459906895,11.268253001617268,5106.0114719875855,18.22938300028909,1
260831,cpu,a,162,2,5130.992307997076,11.276194010861218,5094.9743109958945,24.271379996207543,5
260831,cpu,a,163,3,5108.98581201036,11.187199008418247,5079.125262011075,18.206234002718702,2
260831,cpu,a,164,4,5111.991179001052,11.272004994680174,5081.972080006381,18.27416699961759,4
260831,cpu,a,165,5,5093.993545990088,11.18384298752062,5064.060245000292,18.27287299965974,2
260831,cpu,a,166,6,5084.995299999719,11.191276993486099,5055.121886995039,18.219902995042503,2
260831,cpu,a,167,7,5095.997437994811,15.17828699434176,5062.122248011292,18.224719999125227,3
260831,cpu,a,168,8,5093.977297001402,11.713849002262577,5054.057550005382,24.279759993078187,8
260831,cpu,a,169,9,5101.04411499924,11.854187992867082,5064.110702005564,24.272807990200818,16
260831,cpu,a,170,10,5136.9503820023965,11.808105002273805,5100.094490000629,24.252514995168895,8
260831,cpu,a,171,11,5122.999797007651,15.162933996180072,5089.069134002784,18.286723003257066,5
260831,cpu,a,172,12,5136.963286000537,11.12777400703635,5101.061240013223,24.276511001517065,8
260831,cpu,a,173,13,5118.991409006412,12.169433990493417,5088.0618920054985,18.28206900972873,2
260831,cpu,a,174,14,5103.995830999338,11.166846001287922,5074.140239012195,18.208282999694347,1
260831,cpu,a,175,15,5105.986784998095,11.249161994783208,5069.979438005248,24.276761992950924,5
260831,cpu,a,176,0,5130.993020007736,11.170401005074382,5095.122829996399,24.230124996392988,15
260831,cpu,a,177,1,5107.968677999452,11.243297005421482,5077.976646003663,18.264258003910072,1
260831,cpu,a,178,2,5115.014682000037,11.1900590127334,5079.068884006119,24.283043007017113,5
260831,cpu,a,179,3,5104.969458989217,11.80472299165558,5074.1203960060375,18.212996001238935,2
260831,cpu,a,180,4,5103.991195996059,12.170793997938745,5073.059957008809,18.27321898599621,4
260831,cpu,a,181,5,5084.002809002413,11.90954798948951,5053.135686001042,18.210567999631166,2
260831,cpu,a,182,6,5108.007008006098,11.254699013079517,5077.972729995963,18.303479999303818,2
260831,cpu,a,183,7,5110.952942006406,12.12270099495072,5080.126968008699,18.202634993940592,3
260831,cpu,a,184,8,5103.00095200364,14.736917990376242,5060.061259995564,24.280359997646883,8
260831,cpu,a,185,9,5089.997233997565,12.165248990640976,5053.101309007616,24.247049004770815,16
260831,cpu,a,186,10,5118.990083006793,11.739305991795845,5079.102218005573,24.24424799392,8
260831,cpu,a,187,11,5140.001923995442,14.740762999281287,5103.100948006613,18.24329399096314,5
260831,cpu,a,188,12,5141.965371003607,16.126007001730613,5101.056630999665,24.277242002426647,8
260831,cpu,a,189,13,5105.98067099636,11.800524007412605,5075.055970009998,18.274218993610702,2
260831,cpu,a,190,14,5120.991782998317,11.698675996740349,5090.118383988738,18.20931100519374,1
260831,cpu,a,191,15,5150.001100992085,11.736793007003143,5110.05678800575,24.28339900507126,5
260831,cpu,a,192,0,5123.006428999361,11.857232006150298,5086.064385002828,24.288941989652812,15
260831,cpu,a,193,1,5105.966903007356,11.154139996506274,5076.101237005787,18.229872002848424,1
260831,cpu,a,194,2,5106.994562011096,11.252689000684768,5071.04140901356,24.213384996983223,5
260831,cpu,a,195,3,5127.993557005539,11.735798994777724,5094.102338000084,18.236338990391232,2
260831,cpu,a,196,4,5097.981196988258,11.8196440016618,5067.1004519972485,18.232285990961827,4
260831,cpu,a,197,5,5086.985230998835,12.16815400402993,5056.12418599776,18.205651998869143,2
260831,cpu,a,198,6,5095.014177990379,15.176808999967761,5061.097867001081,18.25313500012271,2
260831,cpu,a,199,7,5099.9678789958125,11.848287002067082,5069.058038003277,18.272750996402465,3
260831,cpu,b,0,0,5088.07244298805,11.681913005304523,5072.678402997553,0.23419498756993562,14
260831,cpu,b,1,1,5077.904424004373,15.594551005051471,5061.611270997673,0.22610499581787735,1
260831,cpu,b,2,2,5089.030381001066,15.67243499448523,5072.64795100491,0.22684200666844845,6
260831,cpu,b,3,3,5095.051626994973,10.739237011875957,5083.600049008965,0.23838700144551694,2
260831,cpu,b,4,4,5089.787185002933,10.65679598832503,5078.422730002785,0.22840200108475983,3
260831,cpu,b,5,5,5074.081899001612,10.781849006889388,5062.599858996691,0.23260500165633857,3
260831,cpu,b,6,6,5096.112482002354,15.686401995480992,5079.705200987519,0.23646400950383395,2
260831,cpu,b,7,7,5124.998033003067,15.55485800781753,5105.710358999204,0.2400899975327775,3
260831,cpu,b,8,8,5124.843728000997,11.53495600738097,5112.558962995536,0.24280601064674556,8
260831,cpu,b,9,9,5090.99085800699,10.702302999561653,5079.58937100193,0.2306160022271797,14
260831,cpu,b,10,10,5121.045223000692,10.68795299215708,5109.6460330008995,0.2294000005349517,7
260831,cpu,b,11,11,5133.97522699961,10.72196000313852,5122.527867992176,0.24027799372561276,5
260831,cpu,b,12,12,5100.9729799989145,10.648257986758836,5089.604075998068,0.23818000045139343,8
260831,cpu,b,13,13,5098.014596005669,10.669722993043251,5086.633525992511,0.2300649939570576,2
260831,cpu,b,14,14,5084.891221005819,10.738451994257048,5073.46005900763,0.22186798742040992,0
260831,cpu,b,15,15,5081.192439000006,10.75106298958417,5069.720984000014,0.2388540015090257,4
260831,cpu,b,16,0,5077.928027007147,15.527324998402037,5061.676052006078,0.2320380008313805,14
260831,cpu,b,17,1,5082.946682989132,15.604957996401936,5066.625106992433,0.23932500334922224,1
260831,cpu,b,18,2,5089.887199006625,10.607302989228629,5078.543947005528,0.22753300436306745,6
260831,cpu,b,19,3,5095.998542994494,10.751501002232544,5084.553238004446,0.2275809965794906,2
260831,cpu,b,20,4,5106.208553988836,10.73676100349985,5094.727784002316,0.2564489986980334,3
260831,cpu,b,21,5,5115.873909991933,10.601860005408525,5104.5258849917445,0.24950600345619023,3
260831,cpu,b,22,6,5137.099013998522,10.585911993985064,5125.725089004845,0.24644700170028955,2
260831,cpu,b,23,7,5094.993606995558,10.577715991530567,5083.655342008569,0.24547601060476154,3
260831,cpu,b,24,8,5140.964056001394,15.508182987105101,5124.713915007305,0.24632799613755196,8
260831,cpu,b,25,9,5139.81294700352,15.53962800244335,5123.55888899765,0.22999900102149695,14
260831,cpu,b,26,10,5100.001522994717,10.722438993980177,5088.571012005559,0.23417000193148851,7
260831,cpu,b,27,11,5097.968029003823,10.696231998736039,5086.556845999439,0.22986199473962188,5
260831,cpu,b,28,12,5086.092180994456,10.718637000536546,5074.657994991867,0.2294709993293509,8
260831,cpu,b,29,13,5072.931303991936,10.718361008912325,5061.514834000263,0.2276779996464029,2
260831,cpu,b,30,14,5076.362301988411,10.771683999337256,5064.879872996244,0.23078700178302824,0
260831,cpu,b,31,15,5089.688462001504,11.392897999030538,5077.582280995557,0.230076999287121,4
260831,cpu,b,32,0,5100.940750999143,10.703991007176228,5089.523039991036,0.24038500851020217,14
260831,cpu,b,33,1,5095.900462009013,10.667281007044949,5084.5390290051,0.2257169981021434,1
260831,cpu,b,34,2,5097.226294994471,10.75411400233861,5085.750026002643,0.24546700296923518,6
260831,cpu,b,35,3,5108.855448997929,15.495223997277208,5092.602574994089,0.24405200383625925,2
260831,cpu,b,36,4,5124.870821004151,10.609147007926367,5113.520450002397,0.22912000713404268,3
260831,cpu,b,37,5,5099.087270995369,10.768767009722069,5087.622174993157,0.22559599892701954,3
260831,cpu,b,38,6,5118.982397005311,11.68131100712344,5103.599687005044,0.23799299378879368,2
260831,cpu,b,39,7,5118.036942003528,10.686230001738295,5106.654724004329,0.22883100609760731,3
260831,cpu,b,40,8,5099.994709002203,11.63295199512504,5084.65459299623,0.23354300356004387,8
260831,cpu,b,41,9,5118.9255909994245,10.703435007599182,5107.507984008407,0.22941100178286433,14
260831,cpu,b,42,10,5094.094403990312,10.687061003409326,5082.682109001325,0.24146899522747844,7
260831,cpu,b,43,11,5080.871408994426,10.671665004338138,5069.478696997976,0.24362800468225032,5
260831,cpu,b,44,12,5110.079616002622,10.697074991185218,5098.67206698982,0.2291410055477172,8
260831,cpu,b,45,13,5089.981868004543,10.699079997721128,5078.5747389891185,0.2321759966434911,2
260831,cpu,b,46,14,5079.8743730119895,10.695385004510172,5068.470234997221,0.22123599774204195,0
260831,cpu,b,47,15,5095.999933007988,12.382229993818328,5081.534940007259,0.23081600375007838,4
260831,cpu,b,48,0,5094.089357997291,14.41371999680996,5078.658598009497,0.22904499201104045,14
260831,cpu,b,49,1,5096.007382991957,10.714287011069246,5084.577238987549,0.23460299416910857,1
260831,cpu,b,50,2,5120.947697010706,15.585377987008542,5104.645104001975,0.2278320025652647,6
260831,cpu,b,51,3,5107.969108998077,15.653647991712205,5091.6291720059235,0.22430899844039232,2
260831,cpu,b,52,4,5143.8843670039205,15.674219990614802,5127.517428001738,0.2292629942530766,3
260831,cpu,b,53,5,5136.114827997517,10.773517002235167,5124.6443720010575,0.22653999621979892,3
260831,cpu,b,54,6,5090.086372001679,10.737043005065061,5078.633066004841,0.23515299835707992,2
260831,cpu,b,55,7,5108.955452000373,15.535019992967136,5089.679269003682,0.23523000709246844,3
260831,cpu,b,56,8,5093.054625991499,11.583778003114276,5077.733622005326,3.255507006542757,8
260831,cpu,b,57,9,5090.889950995916,11.476459010737017,5078.630407006131,0.2519730041967705,14
260831,cpu,b,58,10,5093.94023900677,10.583501003566198,5082.607585994992,0.23870899167377502,7
260831,cpu,b,59,11,5073.967521995655,10.653577002813108,5062.586508007371,0.23944998974911869,5
260831,cpu,b,60,12,5093.023623994668,10.680232007871382,5081.631071996526,0.22916498710401356,8
260831,cpu,b,61,13,5078.918792001787,10.74288300878834,5067.474288996891,0.2282210043631494,2
260831,cpu,b,62,14,5101.168881999911,10.706809000112116,5089.721850003116,0.23702500038780272,0
260831,cpu,b,63,15,5096.038531992235,15.541863001999445,5079.741727997316,0.2609549992484972,4
260831,cpu,b,64,0,5122.848817001795,10.555126005783677,5111.549330991693,0.23010699078440666,14
260831,cpu,b,65,1,5092.866129998583,10.734670009696856,5081.444908006233,0.22597001225221902,1
260831,cpu,b,66,2,5117.136399989249,10.764878010377288,5105.671374985832,0.23244900512509048,6
260831,cpu,b,67,3,5116.843073992641,15.616016011335887,5100.5324849975295,0.2256640000268817,2
260831,cpu,b,68,4,5084.017922999919,10.756155999843031,5072.54685900989,0.23299299937207252,3
260831,cpu,b,69,5,5086.971607001033,14.394402998732403,5071.537608993822,0.22982798691373318,3
260831,cpu,b,70,6,5090.024635006557,13.435013010166585,5075.570469998638,0.22901900229044259,2
260831,cpu,b,71,7,5092.0697130059125,12.337067004409619,5077.649258004385,0.23023399990051985,3
260831,cpu,b,72,8,5090.874084999086,15.635050993296318,5074.538252010825,0.2271389967063442,8
260831,cpu,b,73,9,5083.024275008938,10.75257800403051,5071.565370002645,0.2317809994565323,14
260831,cpu,b,74,10,5074.094087001868,10.711244991398416,5062.667566002347,0.2336610050406307,7
260831,cpu,b,75,11,5073.940821006545,12.126896996051073,5060.6125140038785,0.2359649952268228,5
260831,cpu,b,76,12,5155.189672004781,10.602037989883684,5143.775527001708,0.2610560040920973,8
260831,cpu,b,77,13,5111.799898004392,15.413379995152354,5095.6178049964365,0.2404990082141012,2
260831,cpu,b,78,14,5144.89668198803,10.645758011378348,5133.54605899076,0.22038099996279925,0
260831,cpu,b,79,15,5100.121281997417,10.724362000473775,5088.671436998993,0.23213600798044354,4
260831,cpu,b,80,0,5130.9247220051475,15.612103990861215,5114.5886610029265,0.23361500643659383,14
260831,cpu,b,81,1,5147.947774006752,10.663869994459674,5136.562893007067,0.2459940005792305,1
260831,cpu,b,82,2,5088.003217999358,10.697310994146392,5076.588670010096,0.2342750085517764,6
260831,cpu,b,83,3,5087.958906995482,10.659820996806957,5076.560446002986,0.22880999313201755,2
260831,cpu,b,84,4,5078.983981991769,10.717103999922983,5067.549097002484,0.23501800023950636,3
260831,cpu,b,85,5,5085.078841002542,10.727515997132286,5073.6463719949825,0.22873500711284578,3
260831,cpu,b,86,6,5082.114585005911,10.726449996582232,5070.658548007486,0.25000500318128616,2
260831,cpu,b,87,7,5086.828521001735,10.59828800498508,5075.510934999329,0.23572900681756437,3
260831,cpu,b,88,8,5079.065593003179,10.652675991877913,5067.6685639919015,0.2427120052743703,8
260831,cpu,b,89,9,5081.904645005125,10.681170999305323,5070.515600004001,0.2317930047865957,14
260831,cpu,b,90,10,5080.00549999997,10.676370991859585,5068.611014008638,0.23650299408473074,7
260831,cpu,b,91,11,5090.0223729986465,10.643778994563036,5078.63312101108,0.24164699425455183,5
260831,cpu,b,92,12,5133.996954988106,10.617156003718264,5122.628127995995,0.24349598970729858,8
260831,cpu,b,93,13,5097.163737009396,10.6033890042454,5085.783553993679,0.26254499971400946,2
260831,cpu,b,94,14,5109.801914994023,10.47902600839734,5098.565780004719,0.2207869983976707,0
260831,cpu,b,95,15,5126.990990989725,12.151140996138565,5113.63204898953,0.24470500648021698,4
260831,cpu,b,96,0,5143.979972999659,14.175411997712217,5128.642258001491,0.22963399533182383,14
260831,cpu,b,97,1,5100.089015002595,15.653648995794356,5083.702463991358,0.24175700673367828,1
260831,cpu,b,98,2,5111.909111001296,10.60613700246904,5100.521714994102,0.26624200108926743,6
260831,cpu,b,99,3,5111.970298996312,10.617324005579576,5100.636171002407,0.22685500152874738,2
260831,cpu,b,100,4,5083.9768150035525,10.730452995630912,5072.5296110031195,0.23490200692322105,3
260831,cpu,b,101,5,5079.892997993738,11.611084002652206,5067.532921006205,0.22761199215892702,3
260831,cpu,b,102,6,5093.201277006301,14.430612995056435,5077.723177004373,0.2403859980404377,2
260831,cpu,b,103,7,5098.890203007613,15.232209989335388,5082.642689987551,0.22924199583940208,3
260831,cpu,b,104,8,5080.884369002888,14.330767007777467,5062.541228995542,0.22780300059821457,8
260831,cpu,b,105,9,5106.225864001317,12.418780999723822,5092.741330998251,0.2550899953348562,14
260831,cpu,b,106,10,5122.8921150031965,10.584611009107903,5111.574438997195,0.2379649959038943,7
260831,cpu,b,107,11,5113.955125008943,11.603580001974478,5098.641980002867,0.2288919931743294,5
260831,cpu,b,108,12,5115.901547003887,15.649438006221317,5099.555856999359,0.22732799698133022,8
260831,cpu,b,109,13,5122.05261499912,14.261781005188823,5106.606077009928,0.24110499361995608,2
260831,cpu,b,110,14,5110.985770996194,12.261031006346457,5096.622633995139,0.21974400442559272,0
260831,cpu,b,111,15,5106.942667000112,11.734022002201527,5091.562286994304,0.23539000540040433,4
260831,cpu,b,112,0,5107.054141990375,12.33144200523384,5091.611183001078,0.24717999622225761,14
260831,cpu,b,113,1,5099.953361990629,14.316715998575091,5084.603513998445,0.22575899492949247,1
260831,cpu,b,114,2,5087.165004995768,11.723635005182587,5071.737125996151,0.2468939928803593,6
260831,cpu,b,115,3,5093.865521004773,10.587213997496292,5082.5626910082065,0.2282859932165593,2
260831,cpu,b,116,4,5084.850806000759,10.728470006142743,5073.420122003881,0.22915800218470395,3
260831,cpu,b,117,5,5076.989537003101,10.7741500105476,5065.512294997461,0.22832000104244798,3
260831,cpu,b,118,6,5052.151880998281,15.822043002117425,5035.326212993823,0.2258669992443174,2
260831,cpu,b,119,7,5089.138276001904,11.741052003344521,5073.757980004302,0.25372499658260494,3
260831,cpu,b,120,8,5121.874823991675,11.70938900031615,5105.673097001272,0.24213299911934882,8
260831,cpu,b,121,9,5125.944421000895,11.733984007150866,5110.642213010578,0.24194699653889984,14
260831,cpu,b,122,10,5105.999569990672,10.61184098944068,5094.659352995222,0.23362599313259125,7
260831,cpu,b,123,11,5120.985169996857,11.6026940086158,5108.659502991941,0.22949000413063914,5
260831,cpu,b,124,12,5127.972513990244,15.33273799577728,5111.654167005327,0.22571500448975712,8
260831,cpu,b,125,13,5078.911971999332,15.343032995588146,5062.5647170090815,0.23425200197380036,2
260831,cpu,b,126,14,5091.114613998798,12.35123400692828,5073.684493007022,0.23121299454942346,0
260831,cpu,b,127,15,5089.8349179915385,12.313269995502196,5075.542082995526,0.22741399880032986,4
260831,cpu,b,128,0,5085.031505004736,12.368145995424129,5070.579985011136,0.23272501130122691,14
260831,cpu,b,129,1,5085.910184003296,14.330695994431153,5070.513379003387,0.22731799981556833,1
260831,cpu,b,130,2,5082.151003996842,12.426280998624861,5068.662250007037,0.23366599634755403,6
260831,cpu,b,131,3,5085.847433001618,12.138796999352053,5072.528714998043,0.22872300178278238,2
260831,cpu,b,132,4,5116.99401801161,12.018097011605278,5103.533098008484,0.23229699581861496,3
260831,cpu,b,133,5,5115.112054001656,12.432378993253224,5101.626777002821,0.2494000073056668,3
260831,cpu,b,134,6,5130.959116999293,11.729967998689972,5115.602541991393,0.23841200163587928,2
260831,cpu,b,135,7,5109.0783219988225,12.273104002815671,5095.694965988514,0.2412009926047176,3
260831,cpu,b,136,8,5134.818108999752,11.733442996046506,5119.543836990488,0.22888300009071827,8
260831,cpu,b,137,9,5130.0578090013005,12.247669001226313,5116.59645299369,0.2417659998172894,14
260831,cpu,b,138,10,5103.018982001231,14.376106002600864,5087.634979005088,0.22905500372871757,7
260831,cpu,b,139,11,5088.941800000612,11.651088003418408,5073.5866489994805,0.23237199638970196,5
260831,cpu,b,140,12,5085.035513999173,10.695906996261328,5073.639975002152,0.2279270120197907,8
260831,cpu,b,141,13,5085.992484004237,10.742179001681507,5074.553538986947,0.22717298998031765,2
260831,cpu,b,142,14,5080.989050009521,15.649672990548424,5064.6440640121,0.22285699378699064,0
260831,cpu,b,143,15,5102.89798300073,15.646140003809705,5086.544863006566,0.23027099086903036,4
260831,cpu,b,144,0,5088.99939499679,10.73911199637223,5077.553755007102,0.23083799169398844,14
260831,cpu,b,145,1,5075.103070994373,10.728289998951368,5063.662543005194,0.23483300174120814,1
260831,cpu,b,146,2,5109.881034004502,11.601890000747517,5094.561814999906,0.22962200455367565,6
260831,cpu,b,147,3,5112.03321100038,10.729440007708035,5100.581680002506,0.24490299983881414,2
260831,cpu,b,148,4,5135.903772999882,10.64689400664065,5124.520748999203,0.22872000408824533,3
260831,cpu,b,149,5,5093.001974004437,10.770126013085246,5081.536407000385,0.23099500685930252,3
260831,cpu,b,150,6,5120.9978480037535,10.756224000942893,5109.549902001163,0.22793600510340184,2
260831,cpu,b,151,7,5120.029922996764,10.74464300472755,5108.584724002867,0.2321579959243536,3
260831,cpu,b,152,8,5090.071679995162,10.700849001295865,5078.664013999514,0.23373099975287914,8
260831,cpu,b,153,9,5094.938252004795,15.617965997080319,5078.605350005091,0.23201499425340444,14
260831,cpu,b,154,10,5090.956224987167,10.658365004928783,5079.579621000448,0.2298640029039234,7
260831,cpu,b,155,11,5084.074789003353,10.698329002480023,5072.667165004532,0.2298680046806112,5
260831,cpu,b,156,12,5083.868924994022,15.619623998645693,5067.553331988165,0.22592800087295473,8
260831,cpu,b,157,13,5065.06485400314,10.729494999395683,5053.624470994691,0.22791400260757655,2
260831,cpu,b,158,14,5075.9735309984535,15.650881003239192,5059.61845398997,0.21888800256419927,0
260831,cpu,b,159,15,5082.9612240049755,10.76564499817323,5071.488430010504,0.23166899336501956,4
260831,cpu,b,160,0,5118.113143005758,9.766390998265706,5107.614224994904,0.2432040055282414,14
260831,cpu,b,161,1,5114.98681800731,12.290919999941252,5101.672613993287,0.24188299721572548,1
260831,cpu,b,162,2,5108.968661996187,15.556067999568768,5092.6694460067665,0.23648800561204553,6
260831,cpu,b,163,3,5102.836281002965,15.620472986483946,5086.527734994888,0.22971499129198492,2
260831,cpu,b,164,4,5145.021414005896,10.744380997493863,5133.554277999792,0.23785899975337088,3
260831,cpu,b,165,5,5128.961694994359,10.727076994953677,5117.53695999505,0.22714000078849494,3
260831,cpu,b,166,6,5088.053384999512,10.757933996501379,5076.590818993282,0.23277699074242264,2
260831,cpu,b,167,7,5087.956226998358,10.656460988684557,5076.564985996811,0.22906099911779165,3
260831,cpu,b,168,8,5085.0663790042745,10.727981003583409,5073.640022994368,0.22988500131759793,8
260831,cpu,b,169,9,5075.947787001496,10.732606999226846,5064.506490001804,0.23147999309003353,14
260831,cpu,b,170,10,5084.9288609897485,10.678860999178141,5073.539477001759,0.22694299696013331,7
260831,cpu,b,171,11,5080.08439099649,10.752390007837676,5068.633212998975,0.22933699074201286,5
260831,cpu,b,172,12,5104.931633002707,10.737795004388317,5093.485402001534,0.22964199888519943,8
260831,cpu,b,173,13,5065.057222003816,10.713957002735697,5053.628914000001,0.24256299366243184,2
260831,cpu,b,174,14,5090.095780004049,10.584910996840335,5078.723168000579,0.239176006289199,0
260831,cpu,b,175,15,5115.864606006653,10.603671995340846,5104.544064990478,0.22729698684997857,4
260831,cpu,b,176,0,5109.991079996689,10.756128991488367,5098.542940002517,0.22968000848777592,14
260831,cpu,b,177,1,5116.962665997562,11.645056001725607,5101.607921998948,0.22551999427378178,1
260831,cpu,b,178,2,5131.11875699542,10.778126990771852,5119.62174900691,0.24151999969035387,6
260831,cpu,b,179,3,5123.803599999519,15.553125005681068,5107.540281009278,0.2291879936819896,2
260831,cpu,b,180,4,5068.050646994379,10.754115995950997,5056.606009005918,0.22963200171943754,3
260831,cpu,b,181,5,5074.072002986213,15.676025999709964,5057.671135000419,0.23909799347165972,3
260831,cpu,b,182,6,5079.96582800115,15.592235999065451,5063.666955000372,0.22887600061949342,2
260831,cpu,b,183,7,5089.908684996772,11.620745994150639,5074.578435000149,0.235906001762487,3
260831,cpu,b,184,8,5080.944289002218,10.684545995900407,5069.540201991913,0.22956800239626318,8
260831,cpu,b,185,9,5074.095531002968,10.724862993811257,5062.64865299454,0.2291209966642782,14
260831,cpu,b,186,10,5076.888506999239,10.689940012525767,5065.45773500693,0.22760099091101438,7
260831,cpu,b,187,11,5064.096008005436,11.716292996425182,5051.658290001797,0.22583900135941803,5
260831,cpu,b,188,12,5101.964529996621,15.633735005394556,5085.615780000808,0.23980900004971772,8
260831,cpu,b,189,13,5103.025449003326,10.66445600008592,5091.631218994735,0.24137400032486767,2
260831,cpu,b,190,14,5114.923973000259,10.544435994233936,5103.609056997811,0.21952200040686876,0
260831,cpu,b,191,15,5087.024042004487,15.663402999052778,5070.640549005475,0.2241869951831177,4
260831,cpu,b,192,0,5127.083989995299,10.731172005762346,5112.624321991461,0.23831801081541926,14
260831,cpu,b,193,1,5130.862041012733,11.557726000319235,5118.6025780043565,0.22321598953567445,1
260831,cpu,b,194,2,5079.122697992716,10.787285005790181,5067.63038400095,0.2345870016142726,6
260831,cpu,b,195,3,5095.874067003024,10.653181001543999,5084.4875409966335,0.23922200489323586,2
260831,cpu,b,196,4,5077.9750410001725,10.66225599788595,5066.5975870069815,0.2299690095242113,3
260831,cpu,b,197,5,5087.928078995901,12.368377996608615,5074.538729997585,0.23075299395713955,3
260831,cpu,b,198,6,5090.118480002275,14.365342998644337,5074.668899003882,0.22666400764137506,2
260831,cpu,b,199,7,5082.996074997936,11.725149000994861,5067.666468996322,0.23431400768458843,3
260831,cpu,c,0,0,7245.065794995753,11.186703995917924,7209.135201002937,24.254251999082044,15
260831,cpu,c,1,1,7244.978468996123,11.189875003765337,7215.055141001358,18.229768989840522,1
260831,cpu,c,2,2,7247.954610007582,11.179036999237724,7211.970707998262,24.29118200961966,5
260831,cpu,c,3,3,7238.982366994605,11.122137002530508,7209.059852000792,18.28706699598115,2
260831,cpu,c,4,4,7224.976863988559,11.162416005390696,7195.0580650009215,18.27561300888192,4
260831,cpu,c,5,5,7209.0117469924735,11.185102004674263,7179.133735990035,18.21919999201782,3
260831,cpu,c,6,6,7213.994905992877,11.244982000789605,7183.972950995667,18.295198009582236,2
260831,cpu,c,7,7,7206.997615998262,11.136800007079728,7177.102011002717,18.258765994687565,3
260831,cpu,c,8,8,7230.964839996886,11.197603002074175,7194.970609998563,24.28601900464855,9
260831,cpu,c,9,9,7229.04804800055,11.167710006702691,7193.076567011303,24.304139005835168,16
260831,cpu,c,10,10,7241.949257004308,11.092897999333218,7204.83015399077,25.532504994771443,8
260831,cpu,c,11,11,7236.961268004961,11.125869990792125,7207.092355994973,18.244983002659865,3
260831,cpu,c,12,12,7283.048804994905,11.278992998995818,7246.996594010852,24.299218988744542,8
260831,cpu,c,13,13,7241.928313000244,11.109429993666708,7212.110214997665,18.215171992778778,2
260831,cpu,c,14,14,7240.997171000345,11.273800992057659,7210.973027002183,18.27726699411869,1
260831,cpu,c,15,15,7235.992572008399,11.172007987624966,7200.058107002405,24.28308399976231,5
260831,cpu,c,16,0,7219.001350007602,11.17385399993509,7183.100171008846,24.253255003714003,15
260831,cpu,c,17,1,7206.978818998323,11.250840005232021,7176.973907000502,18.27661899733357,1
260831,cpu,c,18,2,7222.996954995324,11.15885199396871,7187.06092100183,24.28804599912837,5
260831,cpu,c,19,3,7232.019989998662,11.169895995408297,7202.157459003502,18.211967006209306,2
260831,cpu,c,20,4,7250.953153998125,11.20359799824655,7220.0298950047,19.22234300582204,4
260831,cpu,c,21,5,7219.972966995556,11.261591003858484,7190.022816997953,18.216317999758758,3
260831,cpu,c,22,6,7247.004914999707,11.293403993477114,7216.971665999154,18.27993600454647,2
260831,cpu,c,23,7,7247.997243001009,12.134778007748537,7217.062230993179,18.280897988006473,3
260831,cpu,c,24,8,7239.027310992242,11.156570995808579,7203.140843004803,24.235546006821096,9
260831,cpu,c,25,9,7209.968406998087,11.198715001228265,7173.974046992953,24.299166005221196,16
260831,cpu,c,26,10,7209.969700998045,11.138008994748816,7174.115185000119,24.22888099681586,8
260831,cpu,c,27,11,7212.997045004158,11.25368800421711,7182.981817997643,18.281419994309545,3
260831,cpu,c,28,12,7228.034796004067,11.14936599333305,7192.163102998165,24.222644991823472,8
260831,cpu,c,29,13,7218.987340005697,11.191925994353369,7188.992451003287,18.29532699775882,2
260831,cpu,c,30,14,7278.923287012731,11.087613995186985,7249.05358000251,18.273537993081845,1
260831,cpu,c,31,15,7234.046189987566,11.186126997927204,7198.115209990647,24.26142898912076,5
260831,cpu,c,32,0,7274.955436994787,15.128351005841978,7235.058157995809,24.291697001899593,15
260831,cpu,c,33,1,7206.989127997076,12.168707005912438,7176.0991149931215,18.250498003908433,1
260831,cpu,c,34,2,7223.0005049932515,15.141901007154956,7183.062762996997,24.292362009873614,5
260831,cpu,c,35,3,7238.9759849902475,11.135131993796676,7209.098688996164,18.245020997710526,2
260831,cpu,c,36,4,7212.0227700070245,11.224536996451207,7182.021093001822,18.261063989484683,4
260831,cpu,c,37,5,7213.9614789921325,11.180376997799613,7183.989288008888,18.271755005116574,3
260831,cpu,c,38,6,7192.008305006311,11.12889900105074,7162.112053993042,18.25585299229715,2
260831,cpu,c,39,7,7226.982956999564,11.210415992536582,7197.045242006425,18.22074300434906,3
260831,cpu,c,40,8,7253.993527003331,11.204285998246633,7217.975902996841,24.300620003486983,9
260831,cpu,c,41,9,7257.966971999849,11.149344005389139,7222.05436200602,24.293734997627325,16
260831,cpu,c,42,10,7254.990352987079,12.170226997113787,7218.060013008653,24.284975996124558,8
260831,cpu,c,43,11,7212.979125004495,11.159665999002755,7183.05954799871,18.278329996974207,3
260831,cpu,c,44,12,7225.997360990732,11.182080997969024,7190.121990992338,24.220810999395326,8
260831,cpu,c,45,13,7210.994580993429,11.265809996984899,7181.030907013337,18.226644999231212,2
260831,cpu,c,46,14,7197.97079199634,11.229108000406995,7168.053870002041,18.189360009273514,1
260831,cpu,c,47,15,7235.00376699667,11.263303997111507,7198.9727430045605,24.281167992739938,5
260831,cpu,c,48,0,7235.054292992572,11.163918999955058,7199.089822999667,24.3046560062794,15
260831,cpu,c,49,1,7239.001060996088,11.085026999353431,7209.117456994136,18.278217990882695,1
260831,cpu,c,50,2,7247.911794998799,11.02514700323809,7212.055046999012,24.283881997689605,5
260831,cpu,c,51,3,7269.03900000616,11.176300002261996,7239.080714993179,18.301057003554888,2
260831,cpu,c,52,4,7243.933188001392,11.092660002759658,7214.124069010722,18.20613800373394,4
260831,cpu,c,53,5,7238.990022000507,11.261687002843246,7209.029464997002,18.219218007288873,3
260831,cpu,c,54,6,7236.988338001538,11.2702759943204,7206.972441999824,18.274122005095705,2
260831,cpu,c,55,7,7214.990485008457,11.181574998772703,7185.059430994443,18.27467800467275,3
260831,cpu,c,56,8,7210.031748996698,11.180653003975749,7174.107834987808,24.261976999696344,9
260831,cpu,c,57,9,7220.960632999777,15.096212999196723,7181.058296991978,24.292059999424964,16
260831,cpu,c,58,10,7241.062846995192,11.167005999595858,7205.0840289884945,24.32039601262659,8
260831,cpu,c,59,11,7248.898163990816,11.04193199716974,7219.089118996635,18.240957986563444,3
260831,cpu,c,60,12,7228.993058000924,11.27928399364464,7192.9640589951305,24.281396996229887,8
260831,cpu,c,61,13,7265.990726999007,11.196391002158634,7236.059831004241,18.275269991136156,2
260831,cpu,c,62,14,7216.985817998648,11.175188003107905,7187.099781993311,18.23000299918931,1
260831,cpu,c,63,15,7225.047061001533,11.262518994044513,7188.988968991907,24.29989300435409,5
260831,cpu,c,64,0,7221.954192995327,11.112682012026198,7186.124038998969,24.224838998634368,15
260831,cpu,c,65,1,7195.967153005768,11.249118004343472,7165.971233000164,18.271683002240025,1
260831,cpu,c,66,2,7214.998117007781,11.18472300004214,7179.057432003901,24.282190992380492,5
260831,cpu,c,67,3,7214.101278004819,11.174829007359222,7185.083845004556,17.356751006445847,2
260831,cpu,c,68,4,7216.935258009471,12.045106996083632,7186.119890000555,18.25596101116389,4
260831,cpu,c,69,5,7265.927934000501,15.08315300452523,7232.048082994879,18.276773000252433,3
260831,cpu,c,70,6,7229.991929008975,11.16889700642787,7200.113537997822,18.223984006908722,2
260831,cpu,c,71,7,7277.038404994528,15.18740999745205,7243.126856003073,18.256187002407387,3
260831,cpu,c,72,8,7229.973916997551,12.198887998238206,7193.042291997699,24.230605995398946,9
260831,cpu,c,73,9,7224.993234005524,11.206758004846051,7189.054565998958,24.22494100756012,16
260831,cpu,c,74,10,7206.96125998802,11.194509992492385,7171.042171001318,24.216764999437146,8
260831,cpu,c,75,11,7208.997930996702,11.250798997934908,7179.009555999073,18.255682996823452,3
260831,cpu,c,76,12,7214.988877007272,16.135103011038154,7174.058892996982,24.293156995554455,8
260831,cpu,c,77,13,7205.973138989066,11.161731003085151,7176.141746007488,18.195076991105452,2
260831,cpu,c,78,14,7225.043880011071,11.231201991904527,7195.057236007415,18.234282004414126,1
260831,cpu,c,79,15,7250.950253990595,16.061222995631397,7210.079933996894,24.257256009150296,5
260831,cpu,c,80,0,7251.992468009121,11.216657003387809,7215.9660139877815,24.300221004523337,15
260831,cpu,c,81,1,7246.970074003912,13.50484200520441,7214.770627004327,18.213011004263535,1
260831,cpu,c,82,2,7224.997596000321,15.175820997683331,7185.1165469997795,24.229489004937932,5
260831,cpu,c,83,3,7219.982157010236,11.256387006142177,7190.034369996283,18.212581999250688,2
260831,cpu,c,84,4,7213.988008996239,11.25828801013995,7183.97487999755,18.274821995873936,4
260831,cpu,c,85,5,7206.986179007799,11.154131003422663,7177.057605993468,18.274269998073578,3
260831,cpu,c,86,6,7207.984087013756,11.179870998603292,7178.057522003655,18.2715620030649,2
260831,cpu,c,87,7,7198.9971220027655,11.181182999280281,7169.057492996217,18.274889996973798,3
260831,cpu,c,88,8,7220.04004700284,11.178084998391569,7184.082439998747,24.294169998029247,9
260831,cpu,c,89,9,7248.97472000157,11.118005990283564,7211.11158101121,26.247948000673205,16
260831,cpu,c,90,10,7269.980135009973,11.23021901003085,7234.0119809960015,24.258720994112082,8
260831,cpu,c,91,11,7245.964604007895,11.249745992245153,7216.009220006526,18.23719299864024,3
260831,cpu,c,92,12,7241.020430010394,16.177301993593574,7200.135966006201,24.226975001511164,8
260831,cpu,c,93,13,7202.958902998944,11.210240991204046,7172.971517997212,18.277319992193952,2
260831,cpu,c,94,14,7213.981146007427,11.185406998265535,7184.060580999358,18.265621998580173,1
260831,cpu,c,95,15,7205.004119998193,11.190258010174148,7169.1393479995895,24.20269801223185,5
260831,cpu,c,96,0,7225.054693000857,15.161774994339794,7185.147045005579,24.250624992419034,15
260831,cpu,c,97,1,7242.927380997571,15.077668998856097,7209.104263005429,18.233444992802106,1
260831,cpu,c,98,2,7268.02619099908,11.228600007598288,7231.989731997601,24.298304997500964,5
260831,cpu,c,99,3,7240.945718003786,11.117101006675512,7211.114142002771,18.217524004285224,2
260831,cpu,c,100,4,7250.031461997423,11.271497001871467,7220.040478990995,18.243425991386175,4
260831,cpu,c,101,5,7226.9484940043185,15.116688999114558,7193.114791996777,18.220416008261964,3
260831,cpu,c,102,6,7220.023280999158,11.257430000114255,7189.999017995433,18.278023999300785,2
260831,cpu,c,103,7,7213.951322002686,11.125183998956345,7184.058705999632,18.272581000928767,3
260831,cpu,c,104,8,7223.9949719951255,11.179581997566856,7188.05837900436,24.281685007736087,9
260831,cpu,c,105,9,7212.00006500294,11.181690002558753,7176.121130003594,24.229172995546833,16
260831,cpu,c,106,10,7205.992722010706,11.245059009524994,7169.97433299548,24.287915002787486,8
260831,cpu,c,107,11,7247.024755008169,11.163162998855114,7217.084452990093,18.291233995114453,3
260831,cpu,c,108,12,7257.979539004737,11.099762996309437,7221.108619996812,25.264429990784265,8
260831,cpu,c,109,13,7231.944950995967,15.125049991183914,7198.115138991852,18.222926009912044,2
260831,cpu,c,110,14,7249.008433005656,11.267628011410125,7219.05056599644,18.212647002656013,1
260831,cpu,c,111,15,7270.989557000576,11.256761004915461,7235.011681012111,24.22828999988269,5
260831,cpu,c,112,0,7227.036640004371,15.139162991545163,7187.110209997627,24.287050997372717,15
260831,cpu,c,113,1,7211.927977987216,11.166441006935202,7182.022681008675,18.219713994767517,1
260831,cpu,c,114,2,7206.994456995744,11.257459002081305,7171.009661993594,24.250043992651626,5
260831,cpu,c,115,3,7225.035198003752,16.171946001122706,7189.131601000554,19.248894997872412,2
260831,cpu,c,116,4,7219.936262990814,11.201314002391882,7190.045634997659,18.2051260053413,4
260831,cpu,c,117,5,7230.012982006883,11.26043900148943,7199.982104997616,18.283400000655092,3
260831,cpu,c,118,6,7281.965312009561,11.124058000859804,7252.062778992695,18.270439002662897,2
260831,cpu,c,119,7,7235.420291006449,11.17908199375961,7204.054774003453,19.71445900562685,3
260831,cpu,c,120,8,7252.552129997639,11.752121994504705,7216.091132009751,24.241745995823294,9
260831,cpu,c,121,9,7271.005577989854,11.288517998764291,7235.020666004857,24.24205798888579,16
260831,cpu,c,122,10,7260.980953986291,11.265506007475778,7225.027787993895,24.223293003160506,8
260831,cpu,c,123,11,7277.976618002867,11.27516699489206,7247.967695002444,18.271891996846534,3
260831,cpu,c,124,12,7278.004428997519,11.204207999981008,7242.055541995796,24.28352199785877,8
260831,cpu,c,125,13,7269.974564987933,11.190602992428467,7240.057925999281,18.266616010805592,2
260831,cpu,c,126,14,7268.991883000126,11.205704999156296,7239.056286998675,18.270410990226083,1
260831,cpu,c,127,15,7261.9948310020845,11.194211998372339,7226.111469994066,24.220744002377614,5
260831,cpu,c,128,0,7265.034009004012,11.29020401276648,7229.019156002323,24.26158799789846,15
260831,cpu,c,129,1,7279.953621997265,11.23088200984057,7250.031648000004,18.219962003058754,1
260831,cpu,c,130,2,7260.986184992362,11.263238993706182,7224.970975003089,24.277415999677032,5
260831,cpu,c,131,3,7261.9839910039445,11.186331990757026,7232.126902003074,18.20400000724476,2
260831,cpu,c,132,4,7253.985129005741,11.281329003395513,7223.971260988037,18.270992004545406,4
260831,cpu,c,133,5,7249.989702992025,11.197662999620661,7220.092877993011,18.235745999845676,3
260831,cpu,c,134,6,7254.987367006834,11.293596995528787,7224.967419009772,18.270614003995433,2
260831,cpu,c,135,7,7264.9922509881435,11.209846008569002,7235.109430999728,18.217864009784535,3
260831,cpu,c,136,8,7265.9930549998535,11.289379006484523,7229.965869002626,24.276758995256387,9
260831,cpu,c,137,9,7281.00564199849,11.196295003173873,7245.093122008257,24.252458999399096,16
260831,cpu,c,138,10,7260.984371998347,11.269188995356672,7224.9685650022,24.281769001390785,8
260831,cpu,c,139,11,7263.975848996779,11.191718993359245,7234.090844009188,18.236463001812808,3
260831,cpu,c,140,12,7275.996976997703,11.293552001006901,7240.000595993479,24.245213004178368,8
260831,cpu,c,141,13,7259.985039010644,11.295449003227986,7230.021499999566,18.217017001006752,2
260831,cpu,c,142,14,7260.98812300188,11.288224995951168,7231.005362002179,18.22869099851232,1
260831,cpu,c,143,15,7273.995522002224,11.293873001704924,7238.0211260024225,24.221162995672785,5
260831,cpu,c,144,0,7271.0220540029695,11.287547997198999,7234.98128898791,24.287660999107175,15
260831,cpu,c,145,1,7263.952410008642,11.160960988490842,7234.110149991466,18.212308001238853,1
260831,cpu,c,146,2,7268.998115003342,11.292319002677687,7233.025420006015,24.219364000600763,5
260831,cpu,c,147,3,7276.981069997419,11.280189995886758,7247.021848990698,18.21557999937795,2
260831,cpu,c,148,4,7266.012388005038,11.290038004517555,7235.97000099835,18.28380298684351,4
260831,cpu,c,149,5,7260.9759340120945,11.175891006132588,7230.055220992654,19.28032300202176,3
260831,cpu,c,150,6,7267.987257000641,11.194852006155998,7238.057891008793,18.273367997608148,2
260831,cpu,c,151,7,7246.994314991753,11.19450900296215,7217.057203000877,18.276360002346337,3
260831,cpu,c,152,8,7274.996075997478,11.193082013051026,7239.072348995251,24.26696100155823,9
260831,cpu,c,153,9,7264.991806994658,11.16039500629995,7229.057849996025,24.2874379910063,16
260831,cpu,c,154,10,7268.980243999977,11.185841998667456,7233.055257995147,24.278582000988536,8
260831,cpu,c,155,11,7268.983864996699,11.191880999831483,7239.055994999944,18.27401400078088,3
260831,cpu,c,156,12,7261.993674997939,11.198521999176592,7226.092427998083,24.24112100561615,8
260831,cpu,c,157,13,7259.993629006203,11.293522999039851,7230.005892008194,18.241084995679557,2
260831,cpu,c,158,14,7266.977349005174,11.26990799093619,7236.965008007246,18.269162988872267,1
260831,cpu,c,159,15,7271.004577996791,11.208238996914588,7235.092180009815,24.243141000624746,5
260831,cpu,c,160,0,7276.997749999282,11.280929000349715,7241.005821997533,24.250964997918345,15
260831,cpu,c,161,1,7266.977563005639,11.278211997705512,7237.027586990735,18.216243988717906,1
260831,cpu,c,162,2,7278.990395992878,11.28718099789694,7243.022758004372,24.222955005825497,5
260831,cpu,c,163,3,7273.99412500381,16.199477991904132,7239.058146995376,18.274963993462734,2
260831,cpu,c,164,4,7259.987148994696,11.190813005669042,7230.0600450107595,18.27043600496836,4
260831,cpu,c,165,5,7281.981279011234,11.201417990378104,7252.055883000139,18.270004002260976,3
260831,cpu,c,166,6,7263.994103996083,11.194197009899653,7234.053885011235,18.275185007951222,2
260831,cpu,c,167,7,7256.99938100297,11.199922999367118,7227.058587988722,18.277509007020853,3
260831,cpu,c,168,8,7276.985370001057,11.182085989275947,7241.057367005851,24.2750469915336,9
260831,cpu,c,169,9,7273.006297997199,11.187052994500846,7237.057624006411,24.289216002216563,16
260831,cpu,c,170,10,7271.9767739909,11.174101993674412,7236.1116989923175,24.225107990787365,8
260831,cpu,c,171,11,7246.987304999493,11.276025994447991,7217.004826001357,18.241172001580708,3
260831,cpu,c,172,12,7282.9923600074835,11.282662002486177,7246.967465995112,24.28117000090424,8
260831,cpu,c,173,13,7256.97867499548,11.192942998604849,7227.056367992191,18.272064000484534,2
260831,cpu,c,174,14,7257.981593007571,11.200574997928925,7228.093810001155,18.22858300874941,1
260831,cpu,c,175,15,7291.000226003234,11.291571994661354,7255.021945005865,24.2193799931556,5
260831,cpu,c,176,0,7269.008806993952,11.28065500233788,7233.043364001787,24.216277000959963,15
260831,cpu,c,177,1,7254.970531008439,11.271708994172513,7225.0052919989685,18.233793001854792,1
260831,cpu,c,178,2,7280.99516799557,11.291403992800042,7245.027179000317,24.21697099634912,5
260831,cpu,c,179,3,7276.985467004124,11.288658992270939,7246.024606007268,19.21472800313495,2
260831,cpu,c,180,4,7263.991020008689,11.292195005808026,7233.967505992041,18.2716609997442,4
260831,cpu,c,181,5,7257.985373013071,11.196631006896496,7228.109340008814,18.21565300633665,3
260831,cpu,c,182,6,7260.997689008946,15.205436997348443,7227.114566994715,18.216087992186658,2
260831,cpu,c,183,7,7283.99106800498,11.278627993306145,7253.952196988394,18.276950999279507,3
260831,cpu,c,184,8,7256.993373011937,11.193807993549854,7221.057176007889,24.28011600568425,9
260831,cpu,c,185,9,7279.019640991464,11.19411300169304,7243.05990699213,24.299336000694893,16
260831,cpu,c,186,10,7237.98776800686,11.153818995808251,7202.127071999712,24.22538000973873,8
260831,cpu,c,187,11,7229.995778994635,11.237035010708496,7200.051758001791,18.21902100346051,3
260831,cpu,c,188,12,7237.970228001359,16.146245994605124,7197.051923998515,24.28467699792236,8
260831,cpu,c,189,13,7228.97815000033,11.16922200890258,7199.059389997274,18.272740999236703,2
260831,cpu,c,190,14,7209.005982993403,11.184584989678115,7179.062586990767,18.28406599815935,1
260831,cpu,c,191,15,7212.032045004889,11.16449199616909,7176.089925007545,24.294875998748466,5
260831,cpu,c,192,0,7237.986271997215,10.082332999445498,7203.128505992936,24.253675001091324,15
260831,cpu,c,193,1,7262.928904994624,11.19673800712917,7233.004859008361,18.236368006910197,1
260831,cpu,c,194,2,7239.993486000458,11.278822988970205,7204.023680998944,24.223532003816217,5
260831,cpu,c,195,3,7235.990529996343,15.189377998467535,7202.057030997821,18.27809699170757,2
260831,cpu,c,196,4,7264.993469012552,11.181642999872565,7235.05950300023,18.278773000929505,4
260831,cpu,c,197,5,7225.995877000969,11.171449004905298,7196.117988001788,18.223920997115783,3
260831,cpu,c,198,6,7219.024470992736,11.239446001127362,7189.0237479965435,18.255142000271007,2
260831,cpu,c,199,7,7206.952642998658,11.216355007491075,7177.021527997567,18.22680199984461,3
260831,cpu,d,0,0,7241.942540000309,15.581685001961887,7225.63924100541,0.22836501011624932,13
260831,cpu,d,1,1,7251.898546004668,10.72501900489442,7240.470666991314,0.22471499687526375,1
260831,cpu,d,2,2,7229.190476005897,10.692049007047899,7214.735385990934,0.23921301180962473,6
260831,cpu,d,3,3,7208.879498997703,11.522345987032168,7196.645819989499,0.22793900279793888,2
260831,cpu,d,4,4,7209.997139012557,11.635411996394396,7194.644677001634,0.23301799956243485,3
260831,cpu,d,5,5,7197.93604699953,10.69855499372352,7186.49656100024,0.23819100169930607,3
260831,cpu,d,6,6,7210.031972004799,10.67198500095401,7198.621313000331,0.2396769996266812,2
260831,cpu,d,7,7,7210.983850003686,10.632776000420563,7199.616959987907,0.23819100169930607,3
260831,cpu,d,8,8,7257.966516001034,10.61181299155578,7246.596530007082,0.23715299903415143,8
260831,cpu,d,9,9,7202.969944002689,10.666528003639542,7191.5923729975475,0.22823200561106205,13
260831,cpu,d,10,10,7210.974938003346,10.687125992262736,7199.577739011147,0.22853499103803188,7
260831,cpu,d,11,11,7261.079601987149,10.709977999795228,7249.646963988198,0.24115398991853,4
260831,cpu,d,12,12,7252.99045999418,10.59457600058522,7241.658416009159,0.2285759983351454,9
260831,cpu,d,13,13,7213.860999007011,10.704608997912146,7202.455671998905,0.225554991629906,3
260831,cpu,d,14,14,7212.0285050041275,10.740322002675384,7200.578900999972,0.2247160009574145,1
260831,cpu,d,15,15,7213.035808992572,10.704647997044958,7201.598418992944,0.24713898892514408,5
260831,cpu,d,16,0,7197.926463006297,10.619858003337868,7186.552685991046,0.22943200019653887,13
260831,cpu,d,17,1,7209.076102008112,10.716186996432953,7197.629425005289,0.23935700301080942,1
260831,cpu,d,18,2,7242.963134005549,10.624081987771206,7231.599077000283,0.2369190042372793,6
260831,cpu,d,19,3,7250.933007002459,10.642626992193982,7239.562101996853,0.2289629919687286,2
260831,cpu,d,20,4,7216.940496000461,10.719914003857411,7205.522108008154,0.22320500283967704,3
260831,cpu,d,21,5,7212.018566991901,10.772881010780111,7200.543586004642,0.2269709948450327,3
260831,cpu,d,22,6,7256.1176830058685,10.732978989835829,7244.652134002536,0.24167299852706492,2
260831,cpu,d,23,7,7237.899690997438,10.589181998511776,7226.573552994523,0.2292889985255897,3
260831,cpu,d,24,8,7233.045574001153,10.697542995330878,7221.639069990488,0.22647599689662457,8
260831,cpu,d,25,9,7201.055279001594,11.648341998807155,7185.6940610014135,0.23068100563250482,13
260831,cpu,d,26,10,7188.961723004468,10.671866999473423,7177.584819000913,0.22813699615653604,7
260831,cpu,d,27,11,7210.918468001182,15.605824999511242,7194.595948007191,0.2321319916518405,4
260831,cpu,d,28,12,7224.963357002707,10.673615004634485,7213.571369997226,0.22907099628355354,9
260831,cpu,d,29,13,7225.135040003806,10.711550989071839,7213.69709999999,0.23837698972783983,3
260831,cpu,d,30,14,7253.821207996225,15.531404002103955,7237.553252998623,0.2279740001540631,1
260831,cpu,d,31,15,7222.078305989271,10.733458999311551,7210.642431004089,0.22815100965090096,5
260831,cpu,d,32,0,7212.930979003431,10.717818993725814,7201.489731989568,0.23204300669021904,13
260831,cpu,d,33,1,7260.050159005914,10.706981003750116,7248.625138003263,0.23848601267673075,1
260831,cpu,d,34,2,7223.912859000848,10.62883400300052,7212.564148998354,0.23043499095365405,6
260831,cpu,d,35,3,7237.067440000828,11.717501998646185,7224.648001007154,0.22571301087737083,2
260831,cpu,d,36,4,7217.874405992916,15.63324399467092,7201.529963000212,0.22833599359728396,3
260831,cpu,d,37,5,7197.0043520123,10.750365006970242,7185.546446999069,0.22677300148643553,3
260831,cpu,d,38,6,7188.022288988577,10.74139699630905,7176.578414990217,0.22740301210433245,2
260831,cpu,d,39,7,7217.07642399997,10.700090002501383,7205.669018003391,0.22512998839374632,3
260831,cpu,d,40,8,7225.0594549987,10.706646004109643,7213.623686999199,0.24077999114524573,8
260831,cpu,d,41,9,7229.951993998839,10.624595000990666,7218.591582000954,0.23087499721441418,13
260831,cpu,d,42,10,7234.960312998737,10.680774008505978,7223.577244993066,0.2295279991813004,7
260831,cpu,d,43,11,7216.973059010343,10.70437699672766,7205.569386991556,0.22736299433745444,4
260831,cpu,d,44,12,7253.089506004471,15.631782996933907,7236.729172000196,0.24155600112862885,9
260831,cpu,d,45,13,7234.8838609905215,15.506814990658313,7218.635832992732,0.23030099691823125,3
260831,cpu,d,46,14,7238.987221993739,10.720496997237206,7227.556238998659,0.22805100888945162,1
260831,cpu,d,47,15,7236.022017998039,11.640488999546506,7220.675418997416,0.2274389989906922,5
260831,cpu,d,48,0,7194.952865000232,10.698411002522334,7183.55306200101,0.22719899425283074,13
260831,cpu,d,49,1,7196.993136996753,10.73634899512399,7185.557870005141,0.22706699382979423,1
260831,cpu,d,50,2,7200.917180991382,11.626702005742118,7185.565501000383,0.22996700135990977,6
260831,cpu,d,51,3,7202.162364003016,10.711686001741327,7190.712906987756,0.24219200713559985,2
260831,cpu,d,52,4,7240.778415987734,10.59637899743393,7229.440483002691,0.22862500918563455,3
260831,cpu,d,53,5,7205.083519002073,10.751485009677708,7193.6320009990595,0.22602900571655482,3
260831,cpu,d,54,6,7228.050061996328,15.650146990083158,7211.683374989661,0.2322389918845147,2
260831,cpu,d,55,7,7251.953815997695,10.672470001736656,7240.571180009283,0.22692399215884507,3
260831,cpu,d,56,8,7239.967472996796,10.719871992478147,7228.548247992876,0.22707700554747134,8
260831,cpu,d,57,9,7217.072138999356,10.736686992459,7202.618736002478,0.2339000056963414,13
260831,cpu,d,58,10,7193.944882994401,11.578282006666996,7181.666869000765,0.22818200523033738,7
260831,cpu,d,59,11,7194.014273001812,11.611519992584363,7178.678218013374,0.23920599778648466,4
260831,cpu,d,60,12,7211.981471002218,10.661415988579392,7200.58873599919,0.23447899729944766,9
260831,cpu,d,61,13,7202.939277005498,15.575812998577021,7186.624524008948,0.24339600349776447,3
260831,cpu,d,62,14,7230.919694004115,10.608634998789057,7219.563969003502,0.22910900588613003,1
260831,cpu,d,63,15,7252.078983001411,10.707378998631611,7240.649386003497,0.23878600040916353,5
260831,cpu,d,64,0,7214.992672990775,10.60935400892049,7203.655470002559,0.23156699899118394,13
260831,cpu,d,65,1,7214.030883988016,10.666065994882956,7202.6045750099,0.23521001276094466,1
260831,cpu,d,66,2,7248.863425003947,10.661436012014747,7237.4891320068855,0.23260898888111115,6
260831,cpu,d,67,3,7239.057676008088,10.702483006753027,7227.653920999728,0.22523800726048648,2
260831,cpu,d,68,4,7213.878062000731,15.633843999239616,7197.536532999948,0.2298829931532964,3
260831,cpu,d,69,5,7195.114608999575,10.735785006545484,7183.646694000345,0.23005600087344646,3
260831,cpu,d,70,6,7221.046733000549,10.683608998078853,7209.620763998828,0.2346279943594709,2
260831,cpu,d,71,7,7217.85482300038,10.652915996615775,7206.49862200662,0.22739899577572942,3
260831,cpu,d,72,8,7192.999972990947,10.688094000215642,7181.588122999528,0.23402601073030382,8
260831,cpu,d,73,9,7205.102129999432,10.688566995668225,7193.671365006594,0.24713399761822075,13
260831,cpu,d,74,10,7213.947960000951,10.56975600658916,7202.66437799728,0.22895399888511747,7
260831,cpu,d,75,11,7239.020547000109,15.615793003235012,7222.687184999813,0.23406599939335138,4
260831,cpu,d,76,12,7218.975693991524,15.594739001244307,7202.678931993432,0.23075100034475327,9
260831,cpu,d,77,13,7222.959270991851,15.59553800325375,7206.656291993568,0.2313860022695735,3
260831,cpu,d,78,14,7258.963675994892,10.714407006162219,7247.5524169858545,0.22351399820763618,1
260831,cpu,d,79,15,7234.054341999581,10.742755010141991,7219.5924679981545,0.2424569975119084,5
260831,cpu,d,80,0,7214.869727002224,11.58858899725601,7202.576628013048,0.22835000709164888,13
260831,cpu,d,81,1,7198.981052002637,10.672568998415954,7187.5713629997335,0.22717200045008212,1
260831,cpu,d,82,2,7200.0939620047575,10.702375991968438,7188.6740930058295,0.22860699391458184,6
260831,cpu,d,83,3,7211.954259997583,11.615638999501243,7196.64243501029,0.22584499674849212,2
260831,cpu,d,84,4,7204.0051280055195,15.650468005333096,7187.646815000335,0.230972989811562,3
260831,cpu,d,85,5,7193.058632998145,10.719144993345253,7181.606668993481,0.24449400370940566,3
260831,cpu,d,86,6,7291.873907000991,10.643946006894112,7280.5167290061945,0.22872400586493313,2
260831,cpu,d,87,7,7212.972804001765,10.644120993674733,7201.594218990067,0.22579099459107965,3
260831,cpu,d,88,8,7202.045740006724,10.686401001294143,7190.650602002279,0.22445899958256632,8
260831,cpu,d,89,9,7261.051188994315,10.738220997154713,7246.612421004102,0.23121898993849754,13
260831,cpu,d,90,10,7228.868206992047,11.584710999159142,7216.580752996379,0.22995300241746008,7
260831,cpu,d,91,11,7203.153924987419,10.693604010157287,7191.720996008371,0.2395160117885098,4
260831,cpu,d,92,12,7210.828670009505,15.549714997177944,7194.5628139947075,0.23294799029827118,9
260831,cpu,d,93,13,7205.110220995266,10.678903010557406,7193.662495003082,0.26949400489684194,3
260831,cpu,d,94,14,7213.846093000029,15.583997999783605,7197.562713990919,0.22870600514579564,1
260831,cpu,d,95,15,7190.142623003339,10.716273987782188,7178.70773600589,0.2314650046173483,5
260831,cpu,d,96,0,7212.072067995905,15.572981996228918,7195.754786007456,0.25754400121513754,13
260831,cpu,d,97,1,7253.787923007621,15.449750004336238,7237.589618001948,0.2341189974686131,1
260831,cpu,d,98,2,7205.0721640116535,10.671212003217079,7193.68178100558,0.22902799537405372,6
260831,cpu,d,99,3,7210.965546997613,11.611679001362063,7198.659729008796,0.23041199892759323,2
260831,cpu,d,100,4,7233.950591995381,10.714491989347152,7222.512452994124,0.24515300174243748,3
260831,cpu,d,101,5,7223.021536003216,10.650679003447294,7211.628403005307,0.237792992265895,3
260831,cpu,d,102,6,7207.05226699647,15.619436991983093,7190.705393004464,0.2330370043637231,2
260831,cpu,d,103,7,7204.853189003188,10.655726000550203,7193.491611003992,0.2287339884787798,3
260831,cpu,d,104,8,7199.087191998842,10.700551996706054,7187.672539002961,0.23417299962602556,8
260831,cpu,d,105,9,7187.06426800054,15.608543006237596,7170.734813000308,0.24157599546015263,13
260831,cpu,d,106,10,7194.04602299619,10.608557000523433,7179.677031002939,3.260058001615107,7
260831,cpu,d,107,11,7217.960794005194,11.414148000767455,7202.745033006067,3.2538429950363934,4
260831,cpu,d,108,12,7236.78289000236,11.498027000925504,7224.5803530095145,0.2254779974464327,9
260831,cpu,d,109,13,7241.04553599318,10.704842003178783,7229.639893994317,0.2291670098202303,3
260831,cpu,d,110,14,7215.899250004441,15.647480002371594,7199.5586910052225,0.22439000895246863,1
260831,cpu,d,111,15,7227.0037139969645,10.735579999163747,7215.570073996787,0.2300080086570233,5
260831,cpu,d,112,0,7243.997045006836,10.72064098843839,7232.5744519912405,0.2293720026500523,13
260831,cpu,d,113,1,7211.026196993771,10.709262991440482,7199.599533996661,0.2364819956710562,1
260831,cpu,d,114,2,7207.0541199937,10.656280996045098,7195.672519999789,0.23028100258670747,6
260831,cpu,d,115,3,7218.975612006034,15.615683005307801,7202.658794005401,0.22943801013752818,2
260831,cpu,d,116,4,7209.8671440035105,10.70587600406725,7198.447218994261,0.23283000336959958,3
260831,cpu,d,117,5,7198.06428400625,10.740103010903113,7186.618950989214,0.22482899657916278,3
260831,cpu,d,118,6,7186.956183999428,10.76039498730097,7175.4921689862385,0.22955299937166274,2
260831,cpu,d,119,7,7199.032980992342,10.698334008338861,7187.605901010102,0.23653300013393164,3
260831,cpu,d,120,8,7258.14697300666,10.612280006171204,7246.753674990032,0.25148199347313493,8
260831,cpu,d,121,9,7219.865899998695,10.586336007690988,7208.551727002487,0.24211900017689914,13
260831,cpu,d,122,10,7203.015643011895,10.60806900204625,7191.656889001024,0.2484279975760728,7
260831,cpu,d,123,11,7243.874581006821,10.575987995252945,7232.571963002556,0.22782899031881243,4
260831,cpu,d,124,12,7237.980267003877,10.716169999795966,7226.570929997251,0.22535098833031952,9
260831,cpu,d,125,13,7202.9849239916075,10.720535996370018,7191.561751998961,0.22987400006968528,3
260831,cpu,d,126,14,7190.010669990443,10.72983699850738,7178.577241997118,0.23244699696078897,1
260831,cpu,d,127,15,7190.089548996184,10.682500986149535,7178.6801790003665,0.2308569964952767,5
260831,cpu,d,128,0,7186.976880999282,11.59851199190598,7174.67295100505,0.2300830092281103,13
260831,cpu,d,129,1,7183.878376992652,10.696843994082883,7172.481782006798,0.2241389884147793,1
260831,cpu,d,130,2,7219.0192109992495,10.720609992858954,7207.586921998882,0.23432000307366252,6
260831,cpu,d,131,3,7224.045395996654,10.662696993676946,7212.628042005235,0.2429149899398908,2
260831,cpu,d,132,4,7211.857332993532,10.62175800325349,7200.514252006542,0.22492799325846136,3
260831,cpu,d,133,5,7207.157459997688,10.765182989416644,7195.669692999218,0.24081399897113442,3
260831,cpu,d,134,6,7233.897256999626,10.672357995645143,7222.497852999368,0.2320869971299544,2
260831,cpu,d,135,7,7228.974447993096,10.68799800123088,7217.580180004006,0.23043299734126776,3
260831,cpu,d,136,8,7217.063616000814,10.700184997403994,7205.652075004764,0.23312300618272275,8
260831,cpu,d,137,9,7202.033651992679,11.625443992670625,7186.692679999396,0.22788500064052641,13
260831,cpu,d,138,10,7202.992784004891,15.589254995575175,7186.685467997449,0.23888100986368954,7
260831,cpu,d,139,11,7184.87828799698,10.648125011357479,7173.501208002563,0.23169800988398492,4
260831,cpu,d,140,12,7191.969059000257,10.6904140120605,7180.573545003426,0.22845400962978601,9
260831,cpu,d,141,13,7190.065857997979,10.717583005316556,7178.647130000172,0.2304560039192438,3
260831,cpu,d,142,14,7197.9446960031055,10.722149003413506,7186.505097997724,0.23405300453305244,1
260831,cpu,d,143,15,7225.0858019979205,10.665839989087544,7213.69283500826,0.23001398949418217,5
260831,cpu,d,144,0,7212.881567000295,15.592341995215975,7196.57886501227,0.2341090003028512,13
260831,cpu,d,145,1,7205.109097005334,10.697174991946667,7193.694611007231,0.23552800121251494,1
260831,cpu,d,146,2,7222.929619994829,10.665052002877928,7211.560680007096,0.22787100169807673,6
260831,cpu,d,147,3,7215.346049997606,10.70015600998886,7203.913592995377,0.23054599296301603,2
260831,cpu,d,148,4,7191.55338400742,11.27778300724458,7179.559013995458,0.23513501218985766,3
260831,cpu,d,149,5,7183.057468995685,10.706047003623098,7171.637517996714,0.23001499357633293,3
260831,cpu,d,150,6,7185.081845003879,10.726123000495136,7173.629198005074,0.2366419939789921,2
260831,cpu,d,151,7,7205.844587995671,15.541043001576327,7189.585173007799,0.23039600637275726,3
260831,cpu,d,152,8,7187.0138329977635,10.69091098906938,7175.600640999619,0.23802299983799458,8
260831,cpu,d,153,9,7194.198427998344,10.648390991264023,7182.786270001088,0.25826500495895743,13
260831,cpu,d,154,10,7224.755214992911,15.45408800302539,7208.572882009321,0.2309520059498027,7
260831,cpu,d,155,11,7235.062742998707,10.684307999326847,7223.6670320125995,0.22559800709132105,4
260831,cpu,d,156,12,7211.981194996042,10.716122997109778,7200.565842009382,0.2281159977428615,9
260831,cpu,d,157,13,7246.934631999466,15.622418010025285,7230.586056000902,0.23571700148750097,3
260831,cpu,d,158,14,7217.040549003286,10.670785995898768,7205.645087000448,0.2295339945703745,1
260831,cpu,d,159,15,7213.0150250013685,15.635536998161115,7196.639878995484,0.2460630057612434,5
260831,cpu,d,160,0,7197.977188989171,10.598679989925586,7186.645282010431,0.23011099256109446,13
260831,cpu,d,161,1,7195.004834997235,10.705419001169503,7183.585257997038,0.22839599114377052,1
260831,cpu,d,162,2,7194.617800996639,10.697239995351993,7183.214112999849,0.23026300186756998,6
260831,cpu,d,163,3,7197.282356006326,12.98212401161436,7183.590671993443,0.23372100258711725,2
260831,cpu,d,164,4,7201.987523003481,10.681600993848406,7190.5832899938105,0.23863099340815097,3
260831,cpu,d,165,5,7255.02774900815,10.6560959975468,7243.6314539954765,0.22693599748890847,3
260831,cpu,d,166,6,7210.920075012837,10.735325995483436,7199.48193700111,0.22382099996320903,2
260831,cpu,d,167,7,7235.103300001356,10.730169000453316,7223.676884997985,0.22814900148659945,3
260831,cpu,d,168,8,7214.882690997911,10.68625801417511,7203.48062600533,0.2292279968969524,8
260831,cpu,d,169,9,7211.109443989699,10.700465005356818,7199.665906999144,0.242780995904468,13
260831,cpu,d,170,10,7201.87132099818,10.580296991975047,7190.572341001825,0.22783300664741546,7
260831,cpu,d,171,11,7193.0718469957355,10.700680999434553,7181.658773988602,0.22889899264555424,4
260831,cpu,d,172,12,7207.00419601053,15.614012998412363,7190.671332005877,0.22881399490870535,9
260831,cpu,d,173,13,7194.952316000126,15.612012997735292,7178.616232005879,0.24335899797733873,3
260831,cpu,d,174,14,7196.033517990145,10.608911994495429,7184.640723004122,0.24795399804133922,1
260831,cpu,d,175,15,7258.87726500514,12.556735004181974,7245.564930010005,0.22938101028557867,5
260831,cpu,d,176,0,7212.070228997618,10.70016500307247,7200.6600169988815,0.2283630019519478,13
260831,cpu,d,177,1,7251.986281989957,15.63597000495065,7235.658883000724,0.2241440088255331,1
260831,cpu,d,178,2,7221.938885006239,11.635592993116006,7206.592675007414,0.2347739937249571,6
260831,cpu,d,179,3,7223.038857991924,10.65699900209438,7211.630891993991,0.24234800366684794,2
260831,cpu,d,180,4,7210.87247999094,10.61703400046099,7199.528533994453,0.2266810042783618,3
260831,cpu,d,181,5,7193.091110006208,10.731130998465233,7181.636605993845,0.2285470109200105,3
260831,cpu,d,182,6,7190.0371160008945,15.648023996618576,7173.684333989513,0.22853199334349483,2
260831,cpu,d,183,7,7189.909937995253,10.685138011467643,7178.5121790017,0.2348260022699833,3
260831,cpu,d,184,8,7195.0004499958595,10.660378000466153,7183.601775002899,0.23935400531627238,8
260831,cpu,d,185,9,7272.057348003727,10.63489199441392,7260.690198003431,0.22592699679080397,13
260831,cpu,d,186,10,7188.9554929948645,10.682210995582864,7177.575101988623,0.22825700580142438,7
260831,cpu,d,187,11,7232.9639899980975,10.723825995228253,7221.534124008031,0.23708099615760148,4
260831,cpu,d,188,12,7221.933509994415,10.642303008353338,7210.575808989233,0.2268190000904724,9
260831,cpu,d,189,13,7207.013081002515,10.698701997171156,7195.587398993666,0.236672000028193,3
260831,cpu,d,190,14,7200.026591992355,10.655580001184717,7188.637943007052,0.22409700613934547,1
260831,cpu,d,191,15,7200.014691989054,10.730566005804576,7188.572953993571,0.2273900026921183,5
260831,cpu,d,192,0,7201.934179000091,10.710618007578887,7190.507607010659,0.23655701079405844,13
260831,cpu,d,193,1,7188.181824996718,10.668268005247228,7176.764584000921,0.2500909904483706,1
260831,cpu,d,194,2,7219.846976993722,10.532991000218317,7208.53733200056,0.2427589934086427,6
260831,cpu,d,195,3,7242.999252994196,10.622050991514698,7231.655737006804,0.22938998881727457,2
260831,cpu,d,196,4,7202.907244995004,10.706976987421513,7191.486412004451,0.2365139953326434,3
260831,cpu,d,197,5,7239.104418011266,10.69536000431981,7227.680019001127,0.2394339971942827,3
260831,cpu,d,198,6,7211.881618000916,10.656888000085019,7200.497696991079,0.23316800070460886,2
260831,cpu,d,199,7,7216.06344000611,10.6868949951604,7204.6676320023835,0.22807299683336169,3
