seed,device,cell,sample,image_index,total_ms,preprocess_ms,inference_ms,postprocess_ms,detections
260829,0,a,0,0,12.96746799198445,1.0758319986052811,10.351724995416589,1.0344580077799037,16
260829,0,a,1,1,13.109514009556733,1.144320995081216,10.447813998325728,1.0039280023192987,1
260829,0,a,2,2,12.979331004316919,1.107050004065968,10.346235008910298,1.0160529927816242,6
260829,0,a,3,3,13.088423991575837,1.192907991935499,10.391595002147369,1.0103740060003474,2
260829,0,a,4,4,12.939938009367324,1.0975589975714684,10.326567004085518,1.0166310094064102,4
260829,0,a,5,5,12.88337899313774,1.0829800012288615,10.293325001839548,1.013552988297306,2
260829,0,a,6,6,12.996710996958427,1.1158660054206848,10.367517999839038,1.0103929962497205,2
260829,0,a,7,7,13.176858992665075,1.1640260054264218,10.444927000207826,1.0642520064720884,3
260829,0,a,8,8,13.269761999254115,1.1277599987806752,10.593740007607266,1.0469550034031272,7
260829,0,a,9,9,13.057324002147652,1.1087090097134933,10.438676996272989,1.0092099983012304,16
260829,0,a,10,10,12.875622007413767,1.076767992344685,10.300756999640726,1.0066760005429387,7
260829,0,a,11,11,12.922407986479811,1.0796819988172501,10.33138700586278,1.0160289966734126,5
260829,0,a,12,12,13.00731000083033,1.1981779971392825,10.306430995115079,1.012589011224918,7
260829,0,a,13,13,12.892526996438392,1.123135007219389,10.24695800151676,1.02790399978403,2
260829,0,a,14,14,12.914749007904902,1.0555140033829957,10.348045994760469,1.0088529961649328,1
260829,0,a,15,15,13.02395599486772,1.1583570012589917,10.351267992518842,1.0160100064240396,5
260829,0,a,16,0,13.073285997961648,1.094239007215947,10.434434996568598,1.043461001245305,16
260829,0,a,17,1,13.038760997005738,1.1520679981913418,10.373372002504766,1.0145300038857386,1
260829,0,a,18,2,13.134295993950218,1.099512999644503,10.469697008375078,1.0581389942672104,6
260829,0,a,19,3,13.365061997319572,1.2325599964242429,10.608138996758498,1.006719990982674,2
260829,0,a,20,4,13.302724008099176,1.1621559970080853,10.599380999337882,1.0379039886174724,4
260829,0,a,21,5,13.127715996233746,1.05391199758742,10.544104996370152,1.032234009471722,2
260829,0,a,22,6,13.204603994381614,1.0618399974191561,10.5908669938799,1.0470609995536506,2
260829,0,a,23,7,13.087348997942172,1.1464049894129857,10.43171901255846,1.0094669996760786,3
260829,0,a,24,8,12.832825013902038,1.081016001990065,10.236174988676794,1.0169220040552318,7
260829,0,a,25,9,13.018334007938392,1.090842008125037,10.40122500853613,1.0208500025328249,16
260829,0,a,26,10,13.031502996454947,1.106951996916905,10.367613009293564,1.0474059963598847,7
260829,0,a,27,11,13.185667005018331,1.10889200004749,10.54017800197471,1.0335190017940477,5
260829,0,a,28,12,13.388082006713375,1.221357990289107,10.628962001646869,1.0316330008208752,7
260829,0,a,29,13,13.348851003684103,1.1466729920357466,10.673084005247802,1.0314239916624501,2
260829,0,a,30,14,13.104379992000759,1.0266610042890534,10.553462008829229,1.0112150048371404,1
260829,0,a,31,15,13.336471994989552,1.1751959973480552,10.635466998792253,1.0221130069112405,5
260829,0,a,32,0,13.015404998441227,1.0943850065814331,10.405345994513482,1.016845999401994,16
260829,0,a,33,1,13.00911400176119,1.1300330079393461,10.384962995885871,1.0039220069302246,1
260829,0,a,34,2,13.013809992116876,1.10628800757695,10.374196994234808,1.0272230138070881,6
260829,0,a,35,3,13.100077005219646,1.2129579990869388,10.383741988334805,1.0078970080940053,2
260829,0,a,36,4,12.936024009832181,1.0990250011673197,10.312255995813757,1.0195680079050362,4
260829,0,a,37,5,12.930600001709536,1.0761770099634305,10.30287699541077,1.0623760026646778,2
260829,0,a,38,6,13.067392996163107,1.0998770012520254,10.466142994118854,1.012814012938179,2
260829,0,a,39,7,13.090350010315888,1.1471339967101812,10.386028996435925,1.0580670059425756,3
260829,0,a,40,8,13.51722799881827,1.0816909925779328,10.88055998843629,1.0535549954511225,7
260829,0,a,41,9,13.38185800705105,1.1483990092528984,10.69148899114225,1.02689400955569,16
260829,0,a,42,10,13.070544999209233,1.0981699888361618,10.45353600056842,1.0197749943472445,7
260829,0,a,43,11,12.99462300084997,1.1071650078520179,10.383700995589606,1.014909998048097,5
260829,0,a,44,12,13.094304013065994,1.209502006531693,10.376653997809626,1.0112320014741272,7
260829,0,a,45,13,12.92412901239004,1.1149189958814532,10.305397998308763,1.0051889985334128,2
260829,0,a,46,14,13.086895007290877,1.0993339965352789,10.442985003464855,1.0400909959571436,1
260829,0,a,47,15,13.25540199468378,1.1635050032055005,10.561254995991476,1.0219889954896644,5
260829,0,a,48,0,13.030956994043663,1.0984129912685603,10.399210994364694,1.0296929976902902,16
260829,0,a,49,1,13.164117000997066,1.1444299889262766,10.48923000053037,1.019900999381207,1
260829,0,a,50,2,13.261938001960516,1.132115998188965,10.592609003651887,1.041112991515547,6
260829,0,a,51,3,13.390095002250746,1.2139669997850433,10.65209299849812,1.0233259963570163,2
260829,0,a,52,4,13.133290005498566,1.087592012481764,10.505559999728575,1.0349869990022853,4
260829,0,a,53,5,12.93425599578768,1.041608993546106,10.356430997489952,1.0320750006940216,2
260829,0,a,54,6,13.121696014422923,1.1100980045739561,10.475039001903497,1.0229470062768087,2
260829,0,a,55,7,13.265005996800028,1.148729003034532,10.55911100411322,1.0536619956837967,3
260829,0,a,56,8,13.254584991955198,1.1094349902123213,10.595318002742715,1.0449490073369816,7
260829,0,a,57,9,13.177568005630746,1.1056699877372012,10.531251013162546,1.0301129950676113,16
260829,0,a,58,10,13.145296004950069,1.125322000007145,10.487364008440636,1.026282989187166,7
260829,0,a,59,11,13.097495000693016,1.1230680102016777,10.433235991513357,1.0280590067850426,5
260829,0,a,60,12,13.015017000725493,1.1946759914280847,10.359338994021527,0.972431997070089,7
260829,0,a,61,13,12.807197999791242,1.0997339995810762,10.233135006274097,1.0003060015151277,2
260829,0,a,62,14,12.614251987542957,1.0422409977763891,10.161536993109621,0.9299049997935072,1
260829,0,a,63,15,12.272894993657246,1.0517750051803887,9.899971992126666,0.8952700009103864,5
260829,0,a,64,0,11.74213198828511,0.9031270019477233,9.631570006604306,0.8291379926959053,16
260829,0,a,65,1,11.738223998690955,0.9151139965979382,9.66607300506439,0.8208719955291599,1
260829,0,a,66,2,11.61820100969635,0.8692769915796816,9.582950006006286,0.8192069944925606,6
260829,0,a,67,3,11.942413009819575,1.0062570072477683,9.749666001880541,0.8359869971172884,2
260829,0,a,68,4,11.881710990564898,0.8841310045681894,9.746262003318407,0.8753900037845597,4
260829,0,a,69,5,11.80027300142683,0.912928007892333,9.669136998127215,0.8344719972228631,2
260829,0,a,70,6,11.831117008114234,0.8690649992786348,9.73505100409966,0.8661159954499453,2
260829,0,a,71,7,11.976584006333724,0.9767690062290058,9.749914999702014,0.870054995175451,3
260829,0,a,72,8,11.98658898647409,0.9004059975268319,9.791568998480216,0.904631000594236,7
260829,0,a,73,9,12.127251000492834,0.9713129984447733,9.866823995253071,0.8815530018182471,16
260829,0,a,74,10,12.11597399378661,0.9125759970629588,9.871242989902385,0.9336540097137913,7
260829,0,a,75,11,12.218404997838661,0.9685429977253079,9.903208003379405,0.9145679941866547,5
260829,0,a,76,12,12.346949995844625,1.0816760041052476,9.921894001308829,0.9191640128847212,7
260829,0,a,77,13,11.925620012334548,0.9724350093165413,9.71461999870371,0.8351959986612201,2
260829,0,a,78,14,11.625943006947637,0.8352419972652569,9.635442998842336,0.8111860079225153,1
260829,0,a,79,15,11.968638995313086,0.9617050091037527,9.70153599337209,0.9315450006397441,5
260829,0,a,80,0,12.028619006741792,0.969984001130797,9.795103003853,0.8515460067428648,16
260829,0,a,81,1,11.843946005683392,0.9594110015314072,9.672501997556537,0.8414240001002327,1
260829,0,a,82,2,12.167451001005247,0.8909589960239828,9.95545499608852,0.938132987357676,6
260829,0,a,83,3,12.20027799718082,1.0990260052494705,9.795652993489057,0.8739979966776446,2
260829,0,a,84,4,12.085644993931055,0.898359008715488,9.848832007264718,0.9428289922652766,4
260829,0,a,85,5,12.43320399953518,0.980431999778375,10.084269000799395,0.9397579997312278,2
260829,0,a,86,6,12.497294999775477,0.9655709873186424,10.07798699720297,1.0068739939015359,2
260829,0,a,87,7,12.980793995666318,1.1335450108163059,10.351383010856807,0.999518990283832,3
260829,0,a,88,8,12.920627996209078,1.081316004274413,10.346201990614645,1.0040140041382983,7
260829,0,a,89,9,12.39293000253383,1.062579991412349,9.963848991901614,0.8996410033432767,16
260829,0,a,90,10,12.275271990802139,0.9464189934078604,9.935251000570133,0.9840499988058582,7
260829,0,a,91,11,12.348632997600362,1.0247669997625053,9.958474009181373,0.9097010042751208,5
260829,0,a,92,12,12.058072999934666,1.0734899988165125,9.715780994156376,0.8637389983050525,7
260829,0,a,93,13,12.129014998208731,0.9359200048493221,9.89555699925404,0.918907011509873,2
260829,0,a,94,14,12.040059998980723,0.944841987802647,9.816162986680865,0.864693007315509,1
260829,0,a,95,15,12.29626800341066,0.9922129975166172,9.948830003850162,0.9608639957150444,5
260829,0,a,96,0,12.37316599872429,0.9902189922286198,10.061845008749515,0.8853180042933673,16
260829,0,a,97,1,12.0492880087113,0.9265609987778589,9.917984003550373,0.833809986943379,1
260829,0,a,98,2,12.169227004051208,0.882527994690463,10.0201370078139,0.9000480058602989,6
260829,0,a,99,3,12.755961011862382,1.1016109929187223,10.24527198751457,0.9835660021053627,2
260829,0,a,100,4,12.850993996835314,1.0761860030470416,10.259810005663894,1.0166040010517463,4
260829,0,a,101,5,12.977425998542458,1.0976179910358042,10.363832989241928,1.0153149924008176,2
260829,0,a,102,6,12.966738999239169,1.0876540036406368,10.346660012146458,1.0267530014971271,2
260829,0,a,103,7,13.055679999524727,1.1483709968160838,10.393329997896217,1.0095819889102131,3
260829,0,a,104,8,12.9165840044152,1.1147769982926548,10.27794300171081,1.0178249940508977,7
260829,0,a,105,9,12.809742009267211,1.058516005286947,10.259135000524111,0.9985679935198277,16
260829,0,a,106,10,12.725864013191313,1.0637400118866935,10.17856999533251,0.9934030094882473,7
260829,0,a,107,11,12.627496005734429,1.05581599927973,10.111146999406628,0.977029005298391,5
260829,0,a,108,12,12.594675994478166,1.1311319976812229,10.02922499901615,0.9691310115158558,7
260829,0,a,109,13,12.61065699509345,1.0381680040154606,10.120420003659092,0.9803199936868623,2
260829,0,a,110,14,12.416908008162864,0.9991780098062009,10.004089999711141,0.9374839864904061,1
260829,0,a,111,15,12.67600200662855,1.0988459980580956,10.103804990649223,1.010560998111032,5
260829,0,a,112,0,12.826852005673572,1.0736650001490489,10.240991003229283,1.0122340027010068,16
260829,0,a,113,1,12.963532994035631,1.1344429949531332,10.325309995096177,1.0082160006277263,1
260829,0,a,114,2,12.894751998828724,1.07924900657963,10.302879993105307,1.0204269929090515,6
260829,0,a,115,3,12.721047009108588,1.1898340017069131,10.080824999022298,0.9625630045775324,2
260829,0,a,116,4,12.769277003826573,1.0199920070590451,10.249993007164448,1.016644004266709,4
260829,0,a,117,5,12.7160309930332,1.044662989443168,10.236643996904604,0.9540900064166635,2
260829,0,a,118,6,12.251552994712256,0.946423999266699,9.972126004868187,0.8979080012068152,2
260829,0,a,119,7,12.580782000441104,0.9708440047688782,10.269142992910929,0.9277849894715473,3
260829,0,a,120,8,12.271201994735748,0.9256019984604791,10.03116498759482,0.89955200382974,7
260829,0,a,121,9,12.461377991712652,0.9488369978498667,10.166200008825399,0.9349429892608896,16
260829,0,a,122,10,12.491737012169324,0.9753509948495775,10.152453003684059,0.9228119888575748,7
260829,0,a,123,11,12.119990002247505,0.9862070000963286,9.86168700910639,0.8514979999745265,5
260829,0,a,124,12,12.11897999746725,1.021792006213218,9.838411002419889,0.8857409993652254,7
260829,0,a,125,13,11.857896999572404,0.9372990025440231,9.69068800623063,0.8376359910471365,2
260829,0,a,126,14,11.651145003270358,0.8348579867742956,9.616654002456926,0.840067004901357,1
260829,0,a,127,15,12.000463000731543,0.9732070029713213,9.774526988621801,0.8894349884940311,5
260829,0,a,128,0,11.86601200606674,0.9136350126937032,9.71332700282801,0.8486879960400984,16
260829,0,a,129,1,11.74417999573052,0.9441550064366311,9.626072001992725,0.817643987829797,1
260829,0,a,130,2,11.712079998687841,0.8656370046082884,9.660751995397732,0.8343049994437024,6
260829,0,a,131,3,11.733459003153257,1.0137880017282441,9.561989005305804,0.8027930016396567,2
260829,0,a,132,4,11.738740999135189,0.8647649956401438,9.676404006313533,0.8634580008219928,4
260829,0,a,133,5,11.984701006440446,0.917508004931733,9.810495001147501,0.8784120000200346,2
260829,0,a,134,6,12.232234992552549,0.9205789974657819,9.955433997674845,0.9532029944239184,2
260829,0,a,135,7,12.050580000504851,1.0279669950250536,9.736785010318272,0.846419992740266,3
260829,0,a,136,8,11.861585997394286,0.8553440129617229,9.73725201038178,0.8983730076579377,7
260829,0,a,137,9,11.93495599727612,0.9517520084045827,9.727843003929593,0.8613230020273477,16
260829,0,a,138,10,11.957494003581814,0.9007100015878677,9.776577993761748,0.8962290012277663,7
260829,0,a,139,11,12.078883999492973,0.9521019965177402,9.838949001277797,0.8822169911582023,5
260829,0,a,140,12,12.338578992057592,1.0735739924712107,9.929748004651628,0.9319800010416657,7
260829,0,a,141,13,11.933898000279441,0.9731989994179457,9.706926997750998,0.8354570018127561,2
260829,0,a,142,14,11.801147004007362,0.839091997477226,9.703846008051187,0.8900009997887537,1
260829,0,a,143,15,12.104822002584115,1.0325680050300434,9.783529996639118,0.8783039957052097,5
260829,0,a,144,0,11.782952991779894,0.9013109956867993,9.652786000515334,0.8436219941359013,16
260829,0,a,145,1,11.699711001710966,0.9169690019916743,9.616682000341825,0.8108909969450906,1
260829,0,a,146,2,12.003007999737747,0.883901011548005,9.85625499743037,0.9081489988602698,6
260829,0,a,147,3,12.211756999022327,1.0611879988573492,9.873159986454993,0.8800170035101473,2
260829,0,a,148,4,12.06555200042203,0.9009430068545043,9.838019002927467,0.9219830099027604,4
260829,0,a,149,5,11.985808989265934,0.9580610058037564,9.744809998665005,0.8673150005051866,2
260829,0,a,150,6,11.91922499856446,0.9075639973161742,9.752958008903079,0.8752090070629492,2
260829,0,a,151,7,12.34066000324674,0.997246999759227,9.990833001211286,0.940747995628044,3
260829,0,a,152,8,12.637655992875807,0.9840619895840064,10.166964988457039,1.027140999212861,7
260829,0,a,153,9,13.243661989690736,1.1180860019521788,10.611482997774146,1.019092000206001,16
260829,0,a,154,10,13.187963995733298,1.090368998120539,10.59209399682004,1.0082799999509007,7
260829,0,a,155,11,13.08174099540338,1.0791569948196411,10.510281004826538,1.0012889979407191,5
260829,0,a,156,12,12.830530002247542,1.189582995721139,10.145792999537662,1.0070339922094718,7
260829,0,a,157,13,12.678487997618504,1.063833013176918,10.15986299898941,0.9764040005393326,2
260829,0,a,158,14,12.449290996300988,0.9916130074998364,10.032428996055387,0.9483989997534081,1
260829,0,a,159,15,12.445879008737393,1.0853370040422305,9.97103400004562,0.9348669991595671,5
260829,0,a,160,0,11.964001998421736,0.9556629956932738,9.738756998558529,0.8417190110776573,16
260829,0,a,161,1,11.941541990381666,0.9178710024571046,9.793917997740209,0.8650939998915419,1
260829,0,a,162,2,11.77328398625832,0.9094970009755343,9.641085998737253,0.8436019998043776,6
260829,0,a,163,3,11.92519000323955,1.016098991385661,9.656063004513271,0.8820520015433431,2
260829,0,a,164,4,11.883265993674286,0.8725150109967217,9.731824000482447,0.9050449880305678,4
260829,0,a,165,5,11.963730008574203,0.960719000431709,9.764034010004252,0.8319449989357963,2
260829,0,a,166,6,11.6553020052379,0.8589240023866296,9.61384100082796,0.8329450065502897,2
260829,0,a,167,7,12.139875994762406,0.9346739971078932,9.89795700297691,0.9282430110033602,3
260829,0,a,168,8,11.900060999323614,0.9843989973887801,9.66220699774567,0.8391020091949031,7
260829,0,a,169,9,11.751657002605498,0.8529719925718382,9.670378000009805,0.8698970050318167,16
260829,0,a,170,10,12.117557009332813,0.9259910002583638,9.896983989165165,0.9014229872263968,7
260829,0,a,171,11,11.908590007806197,0.9252529998775572,9.735026993439533,0.8496910013491288,5
260829,0,a,172,12,11.924318998353556,1.0670300107449293,9.672606000094675,0.8246450015576556,7
260829,0,a,173,13,11.86115101154428,0.889221002580598,9.751484001753852,0.8661839965498075,2
260829,0,a,174,14,11.665144993457943,0.8813439926598221,9.614657989004627,0.803488990641199,1
260829,0,a,175,15,11.827170004835352,0.9593599970685318,9.654605004470795,0.8728789980523288,5
260829,0,a,176,0,11.842164996778592,0.9068080107681453,9.720246001961641,0.8444240083917975,16
260829,0,a,177,1,11.690654995618388,0.9164570074062794,9.598299991921522,0.8126609900500625,1
260829,0,a,178,2,11.683443997753784,0.8693919953657314,9.625612001400441,0.8437219948973507,6
260829,0,a,179,3,12.420776998624206,1.038349000737071,9.941992000676692,1.028302009217441,2
260829,0,a,180,4,13.324694999027997,1.1137940018670633,10.641418004524894,1.0417680023238063,4
260829,0,a,181,5,13.42037100403104,1.143386005423963,10.71127199975308,1.049596001394093,2
260829,0,a,182,6,13.609993999125436,1.1225409980397671,10.86995200603269,1.1074240028392524,2
260829,0,a,183,7,14.412037009606138,1.2629999982891604,11.495098995510489,1.127026989706792,3
260829,0,a,184,8,14.3018060043687,1.2109240051358938,11.480150991701521,1.0671140043996274,7
260829,0,a,185,9,13.469280995195732,1.1937480012420565,10.676997000700794,1.0625470022205263,16
260829,0,a,186,10,13.845171997672878,1.1682140029734,11.004112006048672,1.1315090087009594,7
260829,0,a,187,11,13.69408100435976,1.1537319951457903,10.941782995359972,1.0641340049915016,5
260829,0,a,188,12,13.710587998502888,1.265476006665267,10.857332992600277,1.0493029985809699,7
260829,0,a,189,13,13.513944009901024,1.170218994957395,10.760905002825893,1.048758000251837,2
260829,0,a,190,14,13.538158003939316,1.1545669985935092,10.828349011717364,1.0335789993405342,1
260829,0,a,191,15,13.679476993274875,1.2154920113971457,10.837896988959983,1.0874319996219128,5
260829,0,a,192,0,14.309261998278089,1.1838600039482117,11.484297006973065,1.109667995478958,16
260829,0,a,193,1,14.392237993888557,1.2683590030064806,11.494947000755928,1.085694006178528,1
260829,0,a,194,2,13.810175005346537,1.2475399998947978,10.959260005620308,1.0688540060073137,6
260829,0,a,195,3,13.656128008733504,1.3066529936622828,10.814818000653759,1.0092480079038069,2
260829,0,a,196,4,12.852768995799124,1.0975419863825664,10.242843010928482,1.0072570003103465,4
260829,0,a,197,5,12.903791997814551,1.0840979957720265,10.311313002603129,1.0080509964609519,2
260829,0,a,198,6,12.830703999497928,1.076294996892102,10.242744014249183,1.014827998005785,2
260829,0,a,199,7,13.028260000282899,1.1385270045138896,10.36620199738536,1.0147009888896719,3
260829,0,b,0,0,11.360635995515622,0.8132630027830601,9.93394199758768,0.28989500424358994,14
260829,0,b,1,1,11.557058998732828,0.867736991494894,10.046155002783053,0.2967220061691478,1
260829,0,b,2,2,11.441987007856369,0.8687069930601865,9.929765001288615,0.291955002467148,7
260829,0,b,3,3,11.702215997502208,0.9929090010700747,10.064588990644552,0.31095900340005755,2
260829,0,b,4,4,11.517974999151193,0.8780600037425756,9.989394995500334,0.29058200016152114,3
260829,0,b,5,5,11.374031004379503,0.8233570115407929,9.927293998771347,0.29266301135066897,2
260829,0,b,6,6,11.464777009678073,0.8464429993182421,9.998641005950049,0.29266499041114,2
260829,0,b,7,7,11.485005001304671,0.907249006559141,9.953913991921581,0.2890150062739849,3
260829,0,b,8,8,11.3496490084799,0.8269859972642735,9.917540999595076,0.28484800714068115,7
260829,0,b,9,9,11.507069997605868,0.8404770051129162,10.04027201270219,0.30166500073391944,13
260829,0,b,10,10,11.48390700109303,0.8715360017959028,9.966394994989969,0.2900020044762641,7
260829,0,b,11,11,11.398258997360244,0.847855000756681,9.937180002452806,0.2873259945772588,4
260829,0,b,12,12,11.799851999967359,1.0112290037795901,10.143356994376518,0.30768300348427147,9
260829,0,b,13,13,11.571643000934273,0.8879910019459203,10.011289006797597,0.3005800099344924,2
260829,0,b,14,14,11.668397986795753,0.8251469989772886,10.218954004812986,0.2642939944053069,0
260829,0,b,15,15,11.846441004308872,1.0299429995939136,10.101647014380433,0.3067859943257645,4
260829,0,b,16,0,11.723736999556422,0.8880499954102561,10.147472014068626,0.318966995109804,14
260829,0,b,17,1,11.719436995917931,0.9404559968970716,10.087873000884429,0.30881399288773537,1
260829,0,b,18,2,11.709347993019037,0.8816430054139346,10.139303005416878,0.3204489912604913,7
260829,0,b,19,3,11.899528006324545,1.079523004591465,10.116724006365985,0.3016519913217053,2
260829,0,b,20,4,11.700613002176397,0.8576270047342405,10.152909002499655,0.3213299933122471,3
260829,0,b,21,5,11.797429993748665,0.9178449981845915,10.171706002438441,0.3100469912169501,2
260829,0,b,22,6,11.737886001355946,0.8840480004437268,10.153092996915802,0.3208490088582039,2
260829,0,b,23,7,11.788142001023516,0.9685109980637208,10.12828599778004,0.30246599635574967,3
260829,0,b,24,8,11.75227400381118,0.8478669915348291,10.194390997639857,0.3366449964232743,7
260829,0,b,25,9,11.906153988093138,0.978248004685156,10.198119998676702,0.30554100521840155,13
260829,0,b,26,10,11.70265999098774,0.8702750055817887,10.137866003788076,0.3213110030628741,7
260829,0,b,27,11,11.694686996634118,0.9073160035768524,10.098229002323933,0.29787000676151365,4
260829,0,b,28,12,11.566079992917366,1.0152220056625083,9.924756988766603,0.28857699362561107,9
260829,0,b,29,13,11.593652990995906,0.8542660070816055,10.101870997459628,0.3098559973295778,2
260829,0,b,30,14,11.414167005568743,0.8443300030194223,9.982193994801491,0.23182900622487068,0
260829,0,b,31,15,11.624541992205195,0.9800820116652176,10.017729000537656,0.299577004625462,4
260829,0,b,32,0,11.586048000026494,0.8572390070185065,10.066164002637379,0.3130289987893775,14
260829,0,b,33,1,11.852850002469495,0.9573269926477224,10.192285000812262,0.31286399462260306,1
260829,0,b,34,2,11.897684002178721,0.9083350014407188,10.247137994156219,0.33077000989578664,7
260829,0,b,35,3,11.9793199992273,1.0937940096482635,10.150068992516026,0.30695099849253893,2
260829,0,b,36,4,11.892258989973925,0.8983890002127737,10.28470799792558,0.3277320065535605,3
260829,0,b,37,5,11.862407001899555,0.9518430015305057,10.18847301020287,0.3072709951084107,2
260829,0,b,38,6,11.614889008342288,0.864934001583606,10.069213996757753,0.3098460001638159,2
260829,0,b,39,7,12.101341999368742,0.9329909953521565,10.429401998408139,0.35827700048685074,3
260829,0,b,40,8,12.012505991151556,1.030183004331775,10.20009399508126,0.3211270086467266,7
260829,0,b,41,9,11.888434004504234,0.924395993934013,10.243554002954625,0.31954799487721175,13
260829,0,b,42,10,11.732058992492966,0.8848669967846945,10.145918000489473,0.31697298982180655,7
260829,0,b,43,11,11.879801997565664,0.8872940088622272,10.26141899637878,0.33026799792423844,4
260829,0,b,44,12,11.896100011654198,1.0868390090763569,10.079508007038385,0.30215599690563977,9
260829,0,b,45,13,11.830214993096888,0.8999060082715005,10.247156998957507,0.3183070075465366,2
260829,0,b,46,14,11.641218996373937,0.8828080026432872,10.096930011059158,0.26217800041195005,0
260829,0,b,47,15,12.373560995911248,1.0296730033587664,10.565648990450427,0.3527200024109334,4
260829,0,b,48,0,12.41750999179203,1.0434599971631542,10.524026001803577,0.3613779990701005,14
260829,0,b,49,1,12.748370005283505,1.090482997824438,10.794497997267172,0.35913199826609343,1
260829,0,b,50,2,12.707547008176334,1.0856970038730651,10.750916000688449,0.36495599488262087,7
260829,0,b,51,3,12.844990997109562,1.2028799974359572,10.775862989248708,0.3663059906102717,2
260829,0,b,52,4,12.607826996827498,1.0730559879448265,10.672730000806041,0.3584900114219636,3
260829,0,b,53,5,12.534973997389898,1.0485620005056262,10.626807998050936,0.35905199183616787,2
260829,0,b,54,6,12.519798998255283,1.0557490022620186,10.614696002448909,0.34945500374305993,2
260829,0,b,55,7,12.40682799834758,1.0767080093501136,10.496239003259689,0.3471300005912781,3
260829,0,b,56,8,12.354616992524825,0.9992019913624972,10.528722006711178,0.3517540026223287,7
260829,0,b,57,9,12.375051999697462,1.0435659933136776,10.49909800349269,0.34929599496535957,13
260829,0,b,58,10,12.067508010659367,1.0132299939868972,10.273678009980358,0.33059800625778735,7
260829,0,b,59,11,11.972920008702204,0.9118400048464537,10.296929001924582,0.34709699684754014,4
260829,0,b,60,12,12.431808005203493,1.1416490015108138,10.4976829898078,0.3299160016467795,9
260829,0,b,61,13,11.849310991237871,0.9502979955868796,10.145878011826426,0.3198039921699092,2
260829,0,b,62,14,11.690878003719263,0.8907110022846609,10.148039000341669,0.25016099971253425,0
260829,0,b,63,15,11.831546013127081,1.0010530095314607,10.126082008355297,0.32006899709813297,4
260829,0,b,64,0,11.736373999156058,0.9162439964711666,10.122153005795553,0.3085249918513,14
260829,0,b,65,1,11.941060991375707,0.9167090029222891,10.3103980072774,0.32714399276301265,1
260829,0,b,66,2,11.992458996246569,0.9558739984640852,10.316323998267762,0.30783099646214396,7
260829,0,b,67,3,11.974929991993122,1.0507789993425831,10.236026995698921,0.3061419993173331,2
260829,0,b,68,4,12.051022000377998,0.9027410123962909,10.457961005158722,0.31952500285115093,3
260829,0,b,69,5,11.817777005489916,0.8788730046944693,10.237272988888435,0.3098640008829534,2
260829,0,b,70,6,11.919313998077996,0.863011009641923,10.363531997427344,0.3040309966308996,2
260829,0,b,71,7,12.091523996787146,0.9267530112992972,10.463111000717618,0.3284760023234412,3
260829,0,b,72,8,12.133037991588935,0.9390859922859818,10.4466560005676,0.3263239923398942,7
260829,0,b,73,9,12.27438599744346,0.9387899917783216,10.567896999418736,0.34065800718963146,13
260829,0,b,74,10,12.603439012309536,0.9735830099089071,10.86177199613303,0.34120900090783834,7
260829,0,b,75,11,12.06115800596308,0.968734995694831,10.35236200550571,0.3043109900318086,4
260829,0,b,76,12,12.159202000475489,1.026375000947155,10.42373399832286,0.33363999682478607,9
260829,0,b,77,13,12.112019001506269,0.972791007370688,10.39231100003235,0.329561997205019,2
260829,0,b,78,14,11.874054005602375,0.906486005987972,10.28900800156407,0.26752299163490534,0
260829,0,b,79,15,11.881932005053386,1.0162590042455122,10.147163004148751,0.3121170011581853,4
260829,0,b,80,0,11.546085006557405,0.8699979953235015,10.010747995693237,0.2988889900734648,14
260829,0,b,81,1,11.815170000772923,0.9153629944194108,10.231035004835576,0.3160049964208156,1
260829,0,b,82,2,11.783687004935928,0.9210490097757429,10.149801993975416,0.32459899375680834,7
260829,0,b,83,3,11.751921992981806,1.0550459992373362,10.02007799979765,0.29728899244219065,2
260829,0,b,84,4,11.839157014037482,0.8844469994073734,10.245996003504843,0.3404379967832938,3
260829,0,b,85,5,12.046963005559519,0.97971799550578,10.306112992111593,0.31345699972007424,2
260829,0,b,86,6,11.95665200066287,0.8959650003816932,10.326579998945817,0.3326419973745942,2
260829,0,b,87,7,11.921248995349742,1.013212007819675,10.174780007218942,0.3032089880434796,3
260829,0,b,88,8,11.739495006622747,0.8442789985565469,10.204736012383364,0.3147810057271272,7
260829,0,b,89,9,11.569897993467748,0.9169979894068092,9.977696987334639,0.2963739971164614,13
260829,0,b,90,10,11.411839004722424,0.8394580072490498,9.959849005099386,0.28731199563480914,7
260829,0,b,91,11,11.450796999270096,0.8422620012424886,9.980299990274943,0.3029749932466075,4
260829,0,b,92,12,11.658117990009487,1.0197279916610569,9.99564900121186,0.29338400054257363,9
260829,0,b,93,13,11.44006299728062,0.8654220000607893,9.948556005838327,0.292591008474119,2
260829,0,b,94,14,11.493297992274165,0.8072759956121445,10.11096801084932,0.2461849944666028,0
260829,0,b,95,15,11.681457006488927,0.9764629940036684,10.022654998465441,0.3100339963566512,4
260829,0,b,96,0,11.686673999065533,0.8675570134073496,10.139314996195026,0.315716999466531,14
260829,0,b,97,1,11.61549000244122,0.9415170061402023,10.008062003180385,0.29127500602044165,1
260829,0,b,98,2,11.450108999270014,0.8503870049025863,9.964255994418636,0.30664900259580463,7
260829,0,b,99,3,11.763426999095827,1.0236419911962003,10.095726000145078,0.29645200993400067,2
260829,0,b,100,4,11.416701003327034,0.860357002238743,9.92287699773442,0.2902140113292262,3
260829,0,b,101,5,11.590850001084618,0.8267720113508403,10.122021994902752,0.3114880091743544,2
260829,0,b,102,6,11.685021003358997,0.9078239963855594,10.088152994285338,0.3023009921889752,2
260829,0,b,103,7,11.699953000061214,0.914887001272291,10.10426800348796,0.3163799992762506,3
260829,0,b,104,8,11.732669998309575,0.923163999686949,10.134110998478718,0.30349299777299166,7
260829,0,b,105,9,11.621212994214147,0.8572060032747686,10.107541995239444,0.30755100306123495,13
260829,0,b,106,10,11.56423200154677,0.8744889928493649,10.019495995948091,0.29844799428246915,7
260829,0,b,107,11,11.4160959928995,0.8521579875377938,9.947625003405847,0.2860570093616843,4
260829,0,b,108,12,11.804006004240364,0.9934800036717206,10.152517992537469,0.326423003571108,9
260829,0,b,109,13,11.81297299626749,0.9366309968754649,10.191248002229258,0.29722299950663,2
260829,0,b,110,14,11.56294699467253,0.8581900037825108,10.111203009728342,0.2453929919283837,0
260829,0,b,111,15,11.714288004441187,0.9844239975791425,10.060654996777885,0.3018340066773817,4
260829,0,b,112,0,11.464306997368112,0.8579319983255118,9.973350999644026,0.2941730053862557,14
260829,0,b,113,1,11.597325996262953,0.890905997948721,10.073878002003767,0.30261599749792367,1
260829,0,b,114,2,11.511194999911822,0.8658770093461499,9.957265996490605,0.32534099591430277,7
260829,0,b,115,3,11.668296996504068,1.0203249985352159,10.008961995481513,0.2895740035455674,2
260829,0,b,116,4,11.510830008774064,0.8443030092166737,10.034942999482155,0.30109799990896136,3
260829,0,b,117,5,11.49755300139077,0.8550000056857243,10.000730995670892,0.2902859996538609,2
260829,0,b,118,6,11.438493995228782,0.8413070027017966,9.970954997697845,0.2978069969685748,2
260829,0,b,119,7,11.708065998391248,0.9310189925599843,10.123265004949644,0.30937801057007164,3
260829,0,b,120,8,11.642982004559599,0.8735660085221753,10.098814003868029,0.30514600803144276,7
260829,0,b,121,9,11.859175996505655,0.8818229980533943,10.283462004736066,0.31912699341773987,13
260829,0,b,122,10,11.704082993674092,0.8816879999358207,10.12811900000088,0.2987420011777431,7
260829,0,b,123,11,11.79787098953966,0.8360409992747009,10.289266996551305,0.3279140073573217,4
260829,0,b,124,12,12.112814001739025,1.0586090065771714,10.376685997471213,0.2985620085382834,9
260829,0,b,125,13,11.665279002045281,0.8774640009505674,10.154998002690263,0.29108099988661706,2
260829,0,b,126,14,11.740489993826486,0.8289010002044961,10.308576005627401,0.26009901193901896,0
260829,0,b,127,15,12.052420992404222,1.048304999130778,10.27176299248822,0.3204660024493933,4
260829,0,b,128,0,12.025058007566258,0.9154980070888996,10.372692995588295,0.3335189976496622,14
260829,0,b,129,1,11.725467993528582,0.9870170033536851,10.040438995929435,0.2897200029110536,1
260829,0,b,130,2,11.63067300512921,0.8530210034223273,10.131200004252605,0.31320999551098794,7
260829,0,b,131,3,11.760595996747725,1.0238480026600882,10.055752994958311,0.2977359981741756,2
260829,0,b,132,4,11.652506000245921,0.857252991409041,10.12850200640969,0.31115199089981616,3
260829,0,b,133,5,11.759330998756923,0.9004640014609322,10.169258996029384,0.3052810061490163,2
260829,0,b,134,6,12.152245995821431,0.8910990000003949,10.546619989327155,0.3353950014570728,2
260829,0,b,135,7,12.217817013151944,1.0239870025543496,10.395966994110495,0.34328400215599686,3
260829,0,b,136,8,12.30644399765879,1.0057600011350587,10.494959002244286,0.34027099900413305,7
260829,0,b,137,9,12.216609989991412,0.9689319995231926,10.46438999765087,0.33942601294256747,13
260829,0,b,138,10,12.161949998699129,0.9863689920166507,10.397812991868705,0.33194800198543817,7
260829,0,b,139,11,12.136980003560893,0.9637339971959591,10.40829900011886,0.3292079927632585,4
260829,0,b,140,12,12.067987001501024,1.1031939939130098,10.218602998065762,0.31570000282954425,9
260829,0,b,141,13,11.784275993704796,0.8957699901657179,10.16638899454847,0.32237199775408953,2
260829,0,b,142,14,11.677260001306422,0.8955359953688458,10.132135997992009,0.24861100246198475,0
260829,0,b,143,15,11.750449993996881,0.9885610052151605,10.069044001284055,0.317810001433827,4
260829,0,b,144,0,11.750951991416514,0.8732970018172637,10.185511011513881,0.3206190012861043,14
260829,0,b,145,1,12.341020003077574,1.0067190014524385,10.579490990494378,0.33632799750193954,1
260829,0,b,146,2,12.047620009980164,0.9150740079348907,10.387468995759264,0.3252260066801682,7
260829,0,b,147,3,12.269832004676573,1.0703040024964139,10.469212007592432,0.3277810028521344,2
260829,0,b,148,4,12.081233988283202,0.9685539989732206,10.36846000351943,0.3195140016032383,3
260829,0,b,149,5,11.94337400374934,0.9021660080179572,10.301993010216393,0.32803299836814404,2
260829,0,b,150,6,11.839819999295287,0.9466170013183728,10.15880900376942,0.3101460024481639,2
260829,0,b,151,7,11.692832995322533,0.9341449913335964,10.068101008073427,0.3141210036119446,3
260829,0,b,152,8,11.613459995714948,0.8714490104466677,10.049264994449914,0.3172550059389323,7
260829,0,b,153,9,11.900981000508182,0.9275260090362281,10.254049993818626,0.3257060016039759,13
260829,0,b,154,10,11.938645999180153,0.931182992644608,10.25378200574778,0.3320960095152259,7
260829,0,b,155,11,11.957586000789888,0.951412002905272,10.243711003568023,0.3211229923181236,4
260829,0,b,156,12,12.02011399436742,1.0666279995348305,10.213708999799564,0.3292330075055361,9
260829,0,b,157,13,12.044062998029403,0.9739420056575909,10.30356100818608,0.32509700395166874,2
260829,0,b,158,14,11.863010004162788,0.890789000550285,10.27585299743805,0.27313899772707373,0
260829,0,b,159,15,12.404690001858398,1.0786420025397092,10.533214997849427,0.34822999441530555,4
260829,0,b,160,0,12.128694012062624,1.0060030035674572,10.345075002987869,0.3325690049678087,14
260829,0,b,161,1,12.390072995913215,0.998162999167107,10.621978988638148,0.34590398718137294,1
260829,0,b,162,2,12.449775997083634,1.0252089996356517,10.593933999189176,0.3600880008889362,7
260829,0,b,163,3,12.618495005881414,1.145856993389316,10.657746999640949,0.3474260010989383,2
260829,0,b,164,4,12.607348005985841,1.0341249871999025,10.75296501221601,0.35479399957694113,3
260829,0,b,165,5,12.22504499310162,1.0234180081170052,10.428512003272772,0.322762003634125,2
260829,0,b,166,6,11.84068201109767,0.9085539932129905,10.184956990997307,0.3369250043760985,2
260829,0,b,167,7,11.932296998566017,0.9724580013426021,10.224509998806752,0.32380799530074,3
260829,0,b,168,8,11.639403994195163,0.8953000069595873,10.046715004136786,0.3059639857383445,7
260829,0,b,169,9,11.620549994404428,0.8798139897407964,10.078695006086491,0.3018340066773817,13
260829,0,b,170,10,11.749119003070518,0.8612989913672209,10.186008003074676,0.33424299908801913,7
260829,0,b,171,11,11.964096993324347,0.9721789974719286,10.239791998174042,0.3306260041426867,4
260829,0,b,172,12,12.546496000140905,1.0953799937851727,10.682125997846015,0.3502890031086281,9
260829,0,b,173,13,12.097124999854714,1.06054000207223,10.225100006209686,0.3273330075899139,2
260829,0,b,174,14,12.463688006391749,0.9652010048739612,10.766431005322374,0.282200999208726,0
260829,0,b,175,15,12.06926500890404,1.1148080084240064,10.181706995354034,0.31632999889552593,4
260829,0,b,176,0,11.878372009960003,0.8822480012895539,10.297358996467665,0.3225410036975518,14
260829,0,b,177,1,12.413041986292228,0.9424690069863573,10.693115997128189,0.36096799885854125,1
260829,0,b,178,2,12.62050100194756,1.042136995238252,10.781586010125466,0.32686999475117773,7
260829,0,b,179,3,12.445704007404856,1.0561609960859641,10.623890993883833,0.3527749940985814,2
260829,0,b,180,4,12.208158994326368,0.9761789988260716,10.457766999024898,0.32493099570274353,3
260829,0,b,181,5,11.836260004201904,0.920328006031923,10.194953007157892,0.320368999382481,2
260829,0,b,182,6,11.87277800636366,0.9118949965341017,10.259657006827183,0.31064500217325985,2
260829,0,b,183,7,11.773658989113756,0.9443479939363897,10.129829999641515,0.31147700792644173,3
260829,0,b,184,8,11.7671520129079,0.9051039960468188,10.165491999941878,0.3084839991061017,7
260829,0,b,185,9,11.723217990947887,0.8840060036163777,10.145274995011277,0.31945700175128877,13
260829,0,b,186,10,11.638918993412517,0.8968950132839382,10.066326998639852,0.29539898969233036,7
260829,0,b,187,11,11.501517990836874,0.8608359930803999,9.996270993724465,0.2955370000563562,4
260829,0,b,188,12,11.668209001072682,1.0095259931404144,10.005992007791065,0.3105930081801489,9
260829,0,b,189,13,11.728512996342033,0.8924540015868843,10.162736987695098,0.3095130086876452,2
260829,0,b,190,14,11.585878004552796,0.8362669905181974,10.120156002813019,0.24699400819372386,0
260829,0,b,191,15,11.795376005466096,1.0064779926324263,10.095106001244858,0.31177399796433747,4
260829,0,b,192,0,11.491714001749642,0.8813459862722084,9.968475002096966,0.29048699070699513,14
260829,0,b,193,1,11.458162000053562,0.8959349943324924,9.931656997650862,0.29813199944328517,1
260829,0,b,194,2,11.589450004976243,0.8448040025541559,10.104206987307407,0.30996200803201646,7
260829,0,b,195,3,11.70710800215602,1.0319180000806227,10.00770200334955,0.2972490037791431,2
260829,0,b,196,4,11.551231000339612,0.855477002914995,10.037846004706807,0.30941700970288366,3
260829,0,b,197,5,11.573590993066318,0.8758460026001558,10.047093004686758,0.29583000286947936,2
260829,0,b,198,6,11.447946992120706,0.8444639970548451,9.958719005226158,0.2974899980472401,2
260829,0,b,199,7,11.719936999725178,0.9136120061157271,10.157270997297019,0.31066700466908514,3
260829,0,c,0,0,25.4431770008523,1.0598069929983467,22.95371299260296,0.935930002015084,16
260829,0,c,1,1,25.692747993161902,1.0938219929812476,23.174279995146208,0.9309599990956485,1
260829,0,c,2,2,25.509850005619228,1.0845829965546727,22.989884004346095,0.9379389957757667,5
260829,0,c,3,3,25.524443000904284,1.1962769931415096,22.914727000170387,0.9129050013143569,2
260829,0,c,4,4,25.117643002886325,1.0757440031738952,22.66459699603729,0.8958200050983578,4
260829,0,c,5,5,25.422723003430292,1.0953950113616884,22.926673002075404,0.9247429989045486,2
260829,0,c,6,6,25.889892000122927,1.099050001357682,23.35823798784986,0.9257670026272535,3
260829,0,c,7,7,25.590996010578237,1.1485959985293448,23.009779004496522,0.9296299976995215,3
260829,0,c,8,8,25.345658999867737,1.0929600102826953,22.849945002235472,0.9177860047202557,7
260829,0,c,9,9,25.461808996624313,1.1000939994119108,22.92236099310685,0.9379240073030815,16
260829,0,c,10,10,25.599820000934415,1.0940860083792359,23.05199501279276,0.9450340003240854,8
260829,0,c,11,11,25.538678004522808,1.0745629988377914,23.01735400396865,0.9433520026504993,4
260829,0,c,12,12,26.04799999971874,1.22309300058987,23.37780200468842,0.9399779955856502,8
260829,0,c,13,13,25.71635600179434,1.1402000091038644,23.11307100171689,0.9419289999641478,2
260829,0,c,14,14,25.58067000063602,1.0790110100060701,23.062735999701545,0.9251689916709438,1
260829,0,c,15,15,25.884454007609747,1.1631389934336767,23.262054004590027,0.9583369974279776,5
260829,0,c,16,0,26.106119010364637,1.1301140038995072,23.502424999605864,0.9518669976387173,16
260829,0,c,17,1,26.190600998234004,1.177707003080286,23.580538007081486,0.9217949991580099,1
260829,0,c,18,2,25.87992099870462,1.1086739978054538,23.289887001737952,0.9702649986138567,5
260829,0,c,19,3,25.824402007856406,1.2190980050945655,23.152591005782597,0.9336640068795532,2
260829,0,c,20,4,25.810659004491754,1.1514789948705584,23.195178000605665,0.9561210026731715,4
260829,0,c,21,5,26.0965260094963,1.1009440058842301,23.52446599979885,0.9636100003262982,2
260829,0,c,22,6,26.196070000878535,1.1284110078122467,23.547808988951147,0.9971270046662539,3
260829,0,c,23,7,25.91434700298123,1.1274559947196394,23.29988700512331,0.9740800014697015,3
260829,0,c,24,8,25.90051500010304,1.1682710028253496,23.245570992003195,0.9604229999240488,7
260829,0,c,25,9,25.924409987055697,1.1418760113883764,23.268204007763416,0.9938370058080181,16
260829,0,c,26,10,25.91439000389073,1.1106429883511737,23.294717000680976,0.9875329997157678,8
260829,0,c,27,11,26.24902199022472,1.2017469998681918,23.566618998302147,0.9523059998173267,4
260829,0,c,28,12,25.973520998377353,1.2283370015211403,23.302355999476276,0.9246319968951866,8
260829,0,c,29,13,25.610497992602177,1.089034994947724,23.096839999197982,0.9321199904661626,2
260829,0,c,30,14,25.71832800458651,1.070874001015909,23.216256988234818,0.9353109926450998,1
260829,0,c,31,15,25.871604986605234,1.1775849998230115,23.2267520041205,0.9547969966661185,5
260829,0,c,32,0,25.727273998199962,1.1330889974487945,23.132714006351307,0.9435540123376995,16
260829,0,c,33,1,25.537964000250213,1.1687959922710434,22.934057997190394,0.9209660056512803,1
260829,0,c,34,2,25.493959998129867,1.1101460113422945,22.95766600582283,0.9315729985246435,5
260829,0,c,35,3,25.931252996088006,1.2378520041238517,23.243515999638475,0.9368809987790883,2
260829,0,c,36,4,25.526202996843494,1.1486759904073551,22.94321500812657,0.9238299971912056,4
260829,0,c,37,5,25.56059800554067,1.123481008107774,22.997835010755807,0.9432980004930869,2
260829,0,c,38,6,25.450947010540403,1.1323840008117259,22.887781989993528,0.9205350070260465,3
260829,0,c,39,7,25.582120011677034,1.1368259874871,22.988614000496455,0.9512870019534603,3
260829,0,c,40,8,25.62887799285818,1.1226990027353168,22.989417004282586,0.9721729875309393,7
260829,0,c,41,9,26.297738004359417,1.1405179975554347,23.66438000171911,0.972269001067616,16
260829,0,c,42,10,26.507192000281066,1.153598990640603,23.854539002059028,0.9806479938561097,8
260829,0,c,43,11,26.648393002687953,1.0983039974234998,24.040286996751092,0.9875740070128813,4
260829,0,c,44,12,25.940157007426023,1.1910809989785776,23.3055940043414,0.9477980056544766,8
260829,0,c,45,13,26.186394010437652,1.1946870072279125,23.52716999303084,0.9507580107310787,2
260829,0,c,46,14,26.040870012366213,1.1130640050396323,23.481732001528144,0.9367519960505888,1
260829,0,c,47,15,25.85086799808778,1.2091319949831814,23.206874990137294,0.9300039964728057,5
260829,0,c,48,0,25.767744999029674,1.0792760003823787,23.233450003317557,0.9570699912728742,16
260829,0,c,49,1,25.93882300425321,1.1826559930341318,23.30301700567361,0.950333007494919,1
260829,0,c,50,2,25.996419004513882,1.1344609956722707,23.365811008261517,0.9747260046424344,5
260829,0,c,51,3,26.776345999678597,1.245628998731263,24.059666000539437,0.9444050083402544,2
260829,0,c,52,4,26.31707400723826,1.0842709889402613,23.710922003374435,0.9990479884436354,4
260829,0,c,53,5,26.132279002922587,1.1075220099883154,23.515980996307917,0.9810099872993305,2
260829,0,c,54,6,25.68379401054699,1.122118002967909,23.09556500404142,0.9640299977036193,3
260829,0,c,55,7,26.005168998381123,1.1485599970910698,23.38582300581038,0.9626370010664687,3
260829,0,c,56,8,26.16456599207595,1.1462559923529625,23.53011499508284,0.9666350088082254,7
260829,0,c,57,9,26.21526300208643,1.094806008040905,23.65007999469526,0.9569029934937134,16
260829,0,c,58,10,25.97209501254838,1.215734999277629,23.301270994124934,0.95156799943652,8
260829,0,c,59,11,25.905047994456254,1.1268170055700466,23.29859799647238,0.9708620054880157,4
260829,0,c,60,12,25.97520400013309,1.2455940013751388,23.247461998835206,0.9682079980848357,8
260829,0,c,61,13,25.638994004111737,1.1302880011498928,23.079550999682397,0.9301069949287921,2
260829,0,c,62,14,25.41935400222428,1.072387007297948,22.94126700144261,0.9103529882850125,1
260829,0,c,63,15,25.510020001092926,1.1420179944252595,22.941169008845463,0.9362959972349927,5
260829,0,c,64,0,25.582802991266362,1.098309992812574,23.043605993734673,0.9435480023967102,16
260829,0,c,65,1,26.109522994374856,1.1333500006003305,23.53347500320524,0.9455850085942075,1
260829,0,c,66,2,25.9411119914148,1.1129289923701435,23.339854000369087,0.9798440005397424,5
260829,0,c,67,3,25.679899990791455,1.189820992294699,23.072162992320955,0.9242969972547144,2
260829,0,c,68,4,25.653383010649122,1.085455995053053,23.120937999919988,0.9549169917590916,4
260829,0,c,69,5,25.78922000247985,1.122974994359538,23.209310005768202,0.9438039996894076,2
260829,0,c,70,6,25.852958002360538,1.0686330060707405,23.301542008994147,0.9589559922460467,3
260829,0,c,71,7,25.988196997786872,1.1715680011548102,23.3550849952735,0.9499330044491217,3
260829,0,c,72,8,25.986505002947524,1.0988330031977966,23.41038899612613,0.9646539983805269,7
260829,0,c,73,9,25.807138008531183,1.1402569944038987,23.216689995024353,0.9386760066263378,16
260829,0,c,74,10,25.880859000608325,1.0978059872286394,23.34187000815291,0.9429500059923157,8
260829,0,c,75,11,25.674566000816412,1.1012780014425516,23.141758996644057,0.9291030000895262,4
260829,0,c,76,12,25.614058002247475,1.2051040102960542,22.989160002907738,0.9233320015482605,8
260829,0,c,77,13,25.224858996807598,1.0819610033649951,22.74337700509932,0.914276999537833,2
260829,0,c,78,14,25.29437300108839,1.0502300137886778,22.856395997223444,0.903306994587183,1
260829,0,c,79,15,25.441658988711424,1.1431169987190515,22.897103990544565,0.9226919937646016,5
260829,0,c,80,0,25.385148997884244,1.0830779938260093,22.891093001817353,0.9193830046569929,16
260829,0,c,81,1,25.304160997620784,1.131287994212471,22.7933689893689,0.8993179944809526,1
260829,0,c,82,2,25.252449995605275,1.0805439960677177,22.766232999856584,0.9281749953515828,5
260829,0,c,83,3,25.439051998546347,1.184690001537092,22.854424008983187,0.9099709859583527,2
260829,0,c,84,4,25.406657994608395,1.0946729889838025,22.91165701171849,0.9155820007435977,4
260829,0,c,85,5,25.282816000981256,1.0469570115674287,22.82955498958472,0.9323949925601482,2
260829,0,c,86,6,25.051220989553258,1.084079995052889,22.60724300867878,0.8846249984344468,3
260829,0,c,87,7,24.747404997469857,1.0412200063001364,22.400747999199666,0.8614460093667731,3
260829,0,c,88,8,24.888265994377434,0.9677030029706657,22.603520003031008,0.8839799993438646,7
260829,0,c,89,9,25.07264599262271,1.0194039932684973,22.73133400012739,0.8863929979270324,16
260829,0,c,90,10,25.123011000687256,0.9841090068221092,22.76777099177707,0.9077259892364964,8
260829,0,c,91,11,25.08747999672778,1.0575820051599294,22.653556006844155,0.9037999989232048,4
260829,0,c,92,12,25.15685700927861,1.1631500092335045,22.6291709986981,0.8890640019671991,8
260829,0,c,93,13,24.969197998871095,1.0334370017517358,22.60136899712961,0.878776001627557,2
260829,0,c,94,14,24.84595800342504,0.990048996754922,22.52308100287337,0.8766090031713247,1
260829,0,c,95,15,25.118506004218943,1.1051439942093566,22.640791998128407,0.9099680028157309,5
260829,0,c,96,0,25.268221012083814,1.077681008609943,22.784532004152425,0.9126359946094453,16
260829,0,c,97,1,25.34293600183446,1.1082540004281327,22.853987000416964,0.8974899974418804,1
260829,0,c,98,2,25.283595008659177,1.0850519902305678,22.7875410055276,0.9230549912899733,5
260829,0,c,99,3,25.5409689998487,1.167884998722002,22.942208001040854,0.9275579941459,2
260829,0,c,100,4,25.480657001025975,1.0632109915604815,23.003745009191334,0.9081370080821216,4
260829,0,c,101,5,25.287356998887844,1.071370003046468,22.808235997217707,0.9199759952025488,2
260829,0,c,102,6,25.345916001242585,1.0977000056300312,22.843849001219496,0.9144310024566948,3
260829,0,c,103,7,25.372250995133072,1.1177709966432303,22.845333005534485,0.9205679962178692,3
260829,0,c,104,8,25.32937700743787,1.0768350039143115,22.85440899140667,0.9178680047625676,7
260829,0,c,105,9,25.291262994869612,1.0941229993477464,22.79491600347683,0.9156650048680604,16
260829,0,c,106,10,25.244346004910767,1.0756419942481443,22.76777099177707,0.9096290013985708,8
260829,0,c,107,11,25.3021950047696,1.0820360039360821,22.818714001914486,0.9190200071316212,4
260829,0,c,108,12,25.538079004036263,1.2045369949191809,22.914959001354873,0.9337009978480637,8
260829,0,c,109,13,26.06512799684424,1.0922439978457987,23.116458003642038,1.3169760059099644,2
260829,0,c,110,14,31.937719002598897,1.4013500040164217,28.467149008065462,1.3644599966937676,1
260829,0,c,111,15,32.21785300411284,2.261336994706653,28.251919997273944,0.9831180068431422,5
260829,0,c,112,0,26.204413996310905,1.1165940086357296,23.58235999417957,0.9940399904735386,16
260829,0,c,113,1,25.791170002776198,1.167282011010684,23.187822007457726,0.9256649937015027,1
260829,0,c,114,2,25.770880005438812,1.1048220039810985,23.21640400623437,0.9416100074304268,5
260829,0,c,115,3,25.58953700645361,1.2056989944539964,22.97105900652241,0.9109340026043355,2
260829,0,c,116,4,25.45541500148829,1.096995998523198,22.93662699230481,0.9187639952870086,4
260829,0,c,117,5,25.514102992019616,1.0979910002788529,22.956278000492603,0.9553540003253147,2
260829,0,c,118,6,27.177033000043593,1.1052939953515306,24.493311997503042,1.0488410043762997,3
260829,0,c,119,7,27.020295994589105,1.2848319893237203,24.164054993889295,1.0144229891011491,3
260829,0,c,120,8,26.52358000341337,1.1533259967109188,23.837198998080567,0.9872660011751577,7
260829,0,c,121,9,26.278357006958686,1.1660989985102788,23.617340993951075,0.9644480014685541,16
260829,0,c,122,10,25.843466995866038,1.1266340006841347,23.235539003508165,0.9569370013196021,8
260829,0,c,123,11,25.54625899938401,1.1246750073041767,22.96644198941067,0.9409890044480562,4
260829,0,c,124,12,25.87349500390701,1.2126260116929188,23.135441995691508,1.0008980025304481,8
260829,0,c,125,13,26.001464008004405,1.2543089978862554,23.263829993084073,0.9273059986298904,2
260829,0,c,126,14,25.288853998063132,1.0692899959394708,22.824679996119812,0.8994530071504414,1
260829,0,c,127,15,25.43998500914313,1.1739210021914914,22.855288989376277,0.9205259993905202,5
260829,0,c,128,0,25.528746002237312,1.0889980039792135,23.003433001576923,0.9400310082128271,16
260829,0,c,129,1,25.63478599768132,1.1490879987832159,23.062350999680348,0.9208779956679791,1
260829,0,c,130,2,25.74010699754581,1.1773550068028271,23.098498000763357,0.9358780080219731,5
260829,0,c,131,3,25.639889994636178,1.2232739973114803,22.969073994318023,0.9261179948225617,2
260829,0,c,132,4,25.70911000657361,1.1189659999217838,23.132182002882473,0.9466420015087351,4
260829,0,c,133,5,25.79052301007323,1.186462992336601,23.087305002263747,0.9723469993332401,2
260829,0,c,134,6,25.887395997415297,1.3048869877820835,23.075404998962767,0.9317340009147301,3
260829,0,c,135,7,25.57290400727652,1.132020988734439,23.00738800840918,0.9261230006814003,3
260829,0,c,136,8,25.724017003085464,1.0901770001510158,23.190371008240618,0.9411150094820186,7
260829,0,c,137,9,25.64206400711555,1.1224720074096695,23.07749200554099,0.9375660010846332,16
260829,0,c,138,10,25.52900400769431,1.0902369976975024,23.0079650063999,0.9312570036854595,8
260829,0,c,139,11,25.65056899038609,1.0944910027319565,23.10329399188049,0.9434920066269115,4
260829,0,c,140,12,25.72054200572893,1.220824007759802,23.047609996865503,0.937999997404404,8
260829,0,c,141,13,25.593571990611963,1.1151780054206029,23.01437199639622,0.9523999906377867,2
260829,0,c,142,14,25.724895007442683,1.0859040048671886,23.190555992187,0.9360919939354062,1
260829,0,c,143,15,25.851411002804525,1.2111700052628294,23.18104299774859,0.9385960001964122,5
260829,0,c,144,0,25.472548994002864,1.0415010037831962,22.998500004177913,0.9283300023525953,16
260829,0,c,145,1,25.93131900357548,1.0591820027912036,23.421215009875596,0.9520000021439046,1
260829,0,c,146,2,25.955600998713635,1.068954006768763,23.428617001627572,0.9473370009800419,5
260829,0,c,147,3,26.365795987658203,1.443154993467033,23.4919020003872,0.9155439911410213,2
260829,0,c,148,4,25.913830992067233,1.090791993192397,23.370294002234004,0.9487819916103035,4
260829,0,c,149,5,25.927555005182512,1.039060007315129,23.35183099785354,0.9777949890121818,2
260829,0,c,150,6,26.335603004554287,1.1164369934704155,23.73986098973546,0.9481879969825968,3
260829,0,c,151,7,26.373657005024143,1.0876419983105734,23.738262010738254,0.9830360068008304,3
260829,0,c,152,8,25.95596099854447,1.0250649938825518,23.50877299613785,0.9217740007443354,7
260829,0,c,153,9,25.59206000296399,1.063727992004715,22.99427099933382,0.9772560006240383,16
260829,0,c,154,10,25.775458008865826,1.0681349958758801,23.186532998806797,0.9314030030509457,8
260829,0,c,155,11,25.865567004075274,1.04441300209146,23.31976300047245,0.9459919965593144,4
260829,0,c,156,12,26.268622008501552,1.2794600042980164,23.406729000271298,0.9842120052780956,8
260829,0,c,157,13,25.986645996454172,1.0859040048671886,23.446404011338018,0.9418609988642856,2
260829,0,c,158,14,26.093259002664126,1.0338390129618347,23.584972994285636,0.9553279960528016,1
260829,0,c,159,15,26.137902998016216,1.174131000880152,23.37798099324573,0.9903539903461933,5
260829,0,c,160,0,26.369661994976923,1.1004730040440336,23.720792989479378,0.9618939948268235,16
260829,0,c,161,1,26.085905003128573,1.0945180110866204,23.48223999433685,0.9194629965350032,1
260829,0,c,162,2,25.758652001968585,1.0417059966130182,23.235008993651718,0.9240900108125061,5
260829,0,c,163,3,25.770537002244964,1.1623299942584708,23.129294990212657,0.939777004532516,2
260829,0,c,164,4,26.261404011165723,1.0676779929781333,23.60549800505396,1.001733005978167,4
260829,0,c,165,5,26.605880993884057,1.1008839937858284,23.890976997790858,0.9964719938579947,2
260829,0,c,166,6,26.966140998410992,1.0946370020974427,24.22287299123127,1.0146790009457618,3
260829,0,c,167,7,26.571645998046733,1.171584997791797,23.809083009837195,0.9740319947013631,3
260829,0,c,168,8,30.487729993183166,1.0730489884736016,27.790494001237676,1.0350419906899333,7
260829,0,c,169,9,26.552335999440402,1.2030660000164062,23.741067008813843,0.9694379987195134,16
260829,0,c,170,10,26.3558010046836,1.0714709933381528,23.73812100267969,0.9627190011087805,8
260829,0,c,171,11,26.096546003827825,1.048794001690112,23.522942006820813,0.9519330051261932,4
260829,0,c,172,12,26.90665599948261,1.4580249990103766,23.922812004457228,0.9614469890948385,8
260829,0,c,173,13,26.497201004531235,1.184203996672295,23.763153003528714,0.9859020065050572,2
260829,0,c,174,14,26.397025008918718,1.0923969966825098,23.80391099723056,0.979810007265769,1
260829,0,c,175,15,26.43668299424462,1.1455430067144334,23.73708799132146,0.9801220003282651,5
260829,0,c,176,0,26.303714999812655,1.1085849982919171,23.67112300998997,0.9440349967917427,16
260829,0,c,177,1,26.162008012761362,1.0842690098797902,23.60892501019407,0.9538279991829768,1
260829,0,c,178,2,26.32129000267014,1.0664840083336458,23.78272901114542,0.9589090041117743,5
260829,0,c,179,3,26.509076997172087,1.2243079981999472,23.75780099828262,0.9486969938734546,2
260829,0,c,180,4,26.487209004699253,1.1243869957979769,23.86203898640815,0.983606994850561,4
260829,0,c,181,5,26.32943900243845,1.0608089942252263,23.692707007285208,0.9851939976215363,2
260829,0,c,182,6,26.565205000224523,1.057870002114214,23.99564700317569,0.9802189888432622,3
260829,0,c,183,7,26.445070005138405,1.10152100387495,23.851924008340575,0.9775999933481216,3
260829,0,c,184,8,26.541446990449913,1.0753120004665107,23.89408698945772,0.982990997727029,7
260829,0,c,185,9,26.736311003332958,1.0965090041281655,24.061375006567687,0.9851490030996501,16
260829,0,c,186,10,27.384236003854312,1.1038700031349435,24.709352990612388,0.9904059988912195,8
260829,0,c,187,11,26.875905998167582,1.075836000381969,24.237734003691003,0.9833530057221651,4
260829,0,c,188,12,27.48844400048256,1.2579440081026405,24.54394799133297,1.072468003258109,8
260829,0,c,189,13,26.750113000161946,1.145308997365646,23.99226299894508,0.9755219944054261,2
260829,0,c,190,14,26.970649996655993,1.0514910100027919,24.38098499260377,0.9438470005989075,1
260829,0,c,191,15,28.21122299064882,1.186330002383329,24.818307007080875,1.6238149983109906,5
260829,0,c,192,0,26.91494600730948,1.0917460022028536,24.25696700811386,0.9763200068846345,16
260829,0,c,193,1,26.93755399377551,1.1430029990151525,24.216727004386485,0.9897060081129894,1
260829,0,c,194,2,26.716364998719655,1.102237991290167,24.03670000785496,0.9856010001385584,5
260829,0,c,195,3,26.899363001575693,1.2917179992655292,24.053343004197814,0.9785029978957027,2
260829,0,c,196,4,26.605803999700584,1.0721430007833987,23.99045499623753,0.9551730036037043,4
260829,0,c,197,5,26.506092995987274,1.069523990736343,23.919389001093805,1.006783000775613,2
260829,0,c,198,6,26.664300996344537,1.0888770048040897,24.028446001466364,0.9617689938750118,3
260829,0,c,199,7,26.339765012380667,1.1238979932386428,23.72182099497877,0.9272320021409541,3
260829,0,d,0,0,25.10842301126104,1.0386909998487681,23.247560995514505,0.3250479931011796,12
260829,0,d,1,1,25.25790400977712,1.1204699985682964,23.294054000871256,0.3287779982201755,1
260829,0,d,2,2,25.488988001598045,1.1510859912959859,23.481518001062796,0.3309169987915084,6
260829,0,d,3,3,25.581451001926325,1.2088090006727725,23.52931399946101,0.3322949924040586,2
260829,0,d,4,4,25.343668006826192,1.0914660088019446,23.42204899468925,0.32480900699738413,2
260829,0,d,5,5,25.338413994177245,1.0936469916487113,23.398990000714548,0.32571300107520074,3
260829,0,d,6,6,25.223004995496012,1.0835970024345443,23.2996350096073,0.33195799915120006,2
260829,0,d,7,7,25.26376499736216,1.1288050009170547,23.307392999413423,0.32499800727237016,3
260829,0,d,8,8,25.289675992098637,1.0705140011850744,23.372662006295286,0.3312839980935678,7
260829,0,d,9,9,25.242503004847094,1.090938996640034,23.31283599778544,0.32923500111792237,14
260829,0,d,10,10,25.268326004152186,1.0831530089490116,23.349188995780423,0.33004299621097744,7
260829,0,d,11,11,25.244246993679553,1.0987429996021092,23.30463399994187,0.3313049965072423,4
260829,0,d,12,12,25.397567005711608,1.1849040020024404,23.371982999378815,0.3251450107200071,8
260829,0,d,13,13,25.127268992946483,1.0791110107675195,23.222564996103756,0.32623000151943415,2
260829,0,d,14,14,25.00334299111273,1.0706530010793358,23.166191997006536,0.2610240044305101,0
260829,0,d,15,15,25.19463600765448,1.138384992373176,23.234744992805645,0.32545799331273884,4
260829,0,d,16,0,25.161256999126635,1.0581709939287975,23.277426007553004,0.32504800765309483,12
260829,0,d,17,1,25.143079008557834,1.1073479981860146,23.221648996695876,0.3182359942002222,1
260829,0,d,18,2,25.09317599469796,1.0728859924711287,23.198815004434437,0.321137995342724,6
260829,0,d,19,3,25.500475996523164,1.2289180012885481,23.41569898999296,0.33170499955303967,2
260829,0,d,20,4,25.25106600660365,1.1073909990955144,23.31450200290419,0.3263380058342591,2
260829,0,d,21,5,26.82820199697744,1.0725669999374077,24.735430008149706,0.47981699754018337,3
260829,0,d,22,6,28.2419330033008,1.1824260000139475,26.126541997655295,0.36203399940859526,2
260829,0,d,23,7,27.60883299924899,1.1953299981541932,25.479766001808457,0.3817389952018857,3
260829,0,d,24,8,29.452907998347655,1.200046986923553,27.27278800739441,0.4049790004501119,7
260829,0,d,25,9,29.537979993619956,1.337716996204108,27.203839999856427,0.4020469932584092,14
260829,0,d,26,10,30.186225005309097,1.2357910018181428,27.893121994566172,0.3991940029663965,7
260829,0,d,27,11,75.21164600620978,3.5661209985846654,70.5675459903432,0.4040440107928589,4
260829,0,d,28,12,59.04961199848913,3.918286005500704,54.062747993157245,0.3978549939347431,8
260829,0,d,29,13,68.36660999397282,1.3728149933740497,61.845181000535376,0.4132249887334183,2
260829,0,d,30,14,61.380843006190844,4.43915200594347,55.45658100163564,0.3293819900136441,0
260829,0,d,31,15,90.49743399373256,1.6221319965552539,81.63361900369637,0.4170239990344271,4
260829,0,d,32,0,49.73846299981233,1.944980991538614,45.66130699822679,0.41163900459650904,12
260829,0,d,33,1,30.79491198877804,1.33684700995218,28.362255994579755,0.3995159931946546,1
260829,0,d,34,2,30.31658499094192,1.3104029931128025,27.912549005122855,0.3956379950977862,6
260829,0,d,35,3,31.12949499336537,1.4461400132859126,28.601084006368183,0.40805700700730085,2
260829,0,d,36,4,31.654046004405245,1.3304349995451048,28.606003004824743,0.40371500654146075,2
260829,0,d,37,5,30.82068900403101,1.2746709981001914,28.47266200114973,0.4098780045751482,3
260829,0,d,38,6,28.34257199720014,1.2176879972685128,26.140540998312645,0.39228600508067757,2
260829,0,d,39,7,28.563614992890507,1.223729006596841,26.39841400377918,0.3746269940165803,3
260829,0,d,40,8,26.906064987997524,1.1328249966027215,24.8444019962335,0.3678259963635355,7
260829,0,d,41,9,25.985975007642992,1.1940959957428277,23.92345499538351,0.3365619922988117,14
260829,0,d,42,10,25.958685990190133,1.1343649966875091,23.965430998941883,0.3338810056447983,7
260829,0,d,43,11,26.511285002925433,1.1159739951835945,24.506802001269534,0.36278700281400234,4
260829,0,d,44,12,25.885867013130337,1.227594999363646,23.803934003808536,0.33163800253532827,8
260829,0,d,45,13,25.801030002185144,1.1329979897709563,23.81167201383505,0.340288010193035,2
260829,0,d,46,14,25.660135012003593,1.0871489939745516,23.768829996697605,0.2709299878915772,0
260829,0,d,47,15,25.74872999684885,1.1749739933293313,23.71297200443223,0.33979500585701317,4
260829,0,d,48,0,25.736786003108136,1.11660199763719,23.744873993564397,0.33835000067483634,12
260829,0,d,49,1,25.727981992531568,1.1654379923129454,23.694562012678944,0.3320219984743744,1
260829,0,d,50,2,25.78489099687431,1.1144610034534708,23.778051996487193,0.3453440003795549,6
260829,0,d,51,3,25.685478991363198,1.2074289988959208,23.611056996742263,0.33676599559839815,2
260829,0,d,52,4,25.558942012139596,1.1123330041300505,23.586114009958692,0.33554999390617013,2
260829,0,d,53,5,25.701522012241185,1.117360996431671,23.71900599973742,0.3310290048830211,3
260829,0,d,54,6,25.727075000759214,1.1275409924564883,23.709924003924243,0.3454449906712398,2
260829,0,d,55,7,25.954632001230493,1.1455839994596317,23.922635009512305,0.3569010004866868,3
260829,0,d,56,8,25.84116799698677,1.115402003051713,23.835920001147315,0.3449829964665696,7
260829,0,d,57,9,25.808354999753647,1.106087991502136,23.825627999030985,0.3395829990040511,14
260829,0,d,58,10,25.80725899315439,1.1071240005549043,23.837091997847892,0.3287349973106757,7
260829,0,d,59,11,25.72839100321289,1.1382340017007664,23.73262400215026,0.32760600151959807,4
260829,0,d,60,12,25.96770900709089,1.2694339966401458,23.829071011277847,0.3362549905432388,8
260829,0,d,61,13,25.86214800248854,1.131403012550436,23.836020001908764,0.34204599796794355,2
260829,0,d,62,14,25.700277998112142,1.0814350098371506,23.803107993444428,0.27549199876375496,0
260829,0,d,63,15,25.84652199584525,1.1723499919753522,23.807800011127256,0.3412509977351874,4
260829,0,d,64,0,26.114601001609117,1.1301969934720546,24.078279006062075,0.36335299955680966,12
260829,0,d,65,1,26.501230007852428,1.198019992443733,24.387165991356596,0.35201001446694136,1
260829,0,d,66,2,26.680640992708504,1.1448849982116371,24.595141992904246,0.3757450031116605,6
260829,0,d,67,3,26.49648599617649,1.3022670027567074,24.30347999325022,0.3424059977987781,2
260829,0,d,68,4,25.576158994226716,1.1078069946961477,23.60671799397096,0.33074599923565984,2
260829,0,d,69,5,25.897129002260044,1.1077109957113862,23.91590400657151,0.3479000006336719,3
260829,0,d,70,6,25.869928998872638,1.1161559959873557,23.886907001724467,0.3456410049693659,2
260829,0,d,71,7,25.815013999817893,1.1553020012797788,23.79992500937078,0.33432000782340765,3
260829,0,d,72,8,25.643701999797486,1.1096510133938864,23.680022000917234,0.3316789952805266,7
260829,0,d,73,9,25.7814380020136,1.1186440096935257,23.797417001333088,0.3388430050108582,14
260829,0,d,74,10,25.675682991277426,1.1082330020144582,23.71075499104336,0.33406099828425795,7
260829,0,d,75,11,25.67540899326559,1.108627999201417,23.716948999208398,0.3320830001030117,4
260829,0,d,76,12,25.832782994257286,1.2145490036346018,23.75445001234766,0.3358779940754175,8
260829,0,d,77,13,25.66489299351815,1.1280550097581,23.672743001952767,0.34033998963423073,2
260829,0,d,78,14,25.563900999259204,1.0809890081873164,23.694597999565303,0.2676410076674074,0
260829,0,d,79,15,25.860898997052573,1.1856799974339083,23.81213300395757,0.33002899726852775,4
260829,0,d,80,0,25.697588003822602,1.137323008151725,23.70034200430382,0.3352530038682744,12
260829,0,d,81,1,25.799737995839678,1.1538229882717133,23.780400995747186,0.3355930093675852,1
260829,0,d,82,2,25.864688999718055,1.1299640027573332,23.850762998335995,0.3500260063447058,6
260829,0,d,83,3,25.969711001380347,1.1899629898834974,23.901559005025774,0.3467920032562688,2
260829,0,d,84,4,25.869768011034466,1.1254780110903084,23.877689993241802,0.34702000266406685,2
260829,0,d,85,5,25.921929001924582,1.112077006837353,23.941225997987203,0.34466000215616077,3
260829,0,d,86,6,26.022058998933062,1.1736199958249927,23.969846006366424,0.34252599289175123,2
260829,0,d,87,7,25.998716009780765,1.1628259962890297,23.950461007189006,0.34941099875140935,3
260829,0,d,88,8,25.972770003136247,1.169313007267192,23.92184799828101,0.3445670008659363,7
260829,0,d,89,9,26.148037999519147,1.1597039992921054,24.107517005177215,0.3506339999148622,14
260829,0,d,90,10,26.037870004074648,1.1207689967704937,24.040087999310344,0.34114200389012694,7
260829,0,d,91,11,26.036324998131022,1.1129739868920296,24.02247399732005,0.34942099591717124,4
260829,0,d,92,12,26.08890100964345,1.2374450016068295,23.96147299441509,0.34262100234627724,8
260829,0,d,93,13,26.003781997133046,1.1489780008560047,23.980857993592508,0.3374470106791705,2
260829,0,d,94,14,25.936557998647913,1.113083999371156,24.022227007662877,0.2708929969230667,0
260829,0,d,95,15,25.851671991404146,1.1646269995253533,23.826197008020245,0.34085899824276567,4
260829,0,d,96,0,25.918707993696444,1.1549980117706582,23.905936992377974,0.33684499794617295,12
260829,0,d,97,1,26.01157600292936,1.2698570062639192,23.869361000834033,0.34841400338336825,1
260829,0,d,98,2,26.038619995233603,1.1270770046394318,24.016120994929224,0.360630001523532,6
260829,0,d,99,3,26.95582500018645,1.2635399907594547,24.77167001052294,0.37875700218137354,2
260829,0,d,100,4,26.333849993534386,1.1050820030504838,24.351401007152162,0.3453679964877665,2
260829,0,d,101,5,26.123365998500958,1.1204239999642596,24.115645996062085,0.3483580076135695,3
260829,0,d,102,6,26.258755999151617,1.1295349977444857,24.23557100701146,0.3491200041025877,2
260829,0,d,103,7,26.4643620030256,1.1738760076696053,24.434703998849727,0.3360410046298057,3
260829,0,d,104,8,25.83664700796362,1.104721988667734,23.85852900624741,0.3390940109966323,7
260829,0,d,105,9,25.889459997415543,1.1161520087625831,23.874957012594678,0.3520070022204891,14
260829,0,d,106,10,25.863764007226564,1.1691090039676055,23.818340996513143,0.3422519948799163,7
260829,0,d,107,11,25.916258004144765,1.125394002883695,23.906305999844335,0.34754099033307284,4
260829,0,d,108,12,25.90487099951133,1.2212110013933852,23.797229005140252,0.34775999665725976,8
260829,0,d,109,13,25.99708100024145,1.1277340090600774,23.993673996301368,0.34472800325602293,2
260829,0,d,110,14,25.94466001028195,1.0891350102610886,24.057215006905608,0.27211400447413325,0
260829,0,d,111,15,25.899423999362625,1.1864509870065376,23.856975996750407,0.341429011314176,4
260829,0,d,112,0,26.05428900278639,1.0671010095393285,24.102997995214537,0.33976401027757674,12
260829,0,d,113,1,25.995501011493616,1.1617310083238408,23.960498001542874,0.336066004820168,1
260829,0,d,114,2,25.95045100315474,1.1300629994366318,23.92381799290888,0.3533630078891292,6
260829,0,d,115,3,26.15431899903342,1.3305759930517524,23.943830994539894,0.3470170049695298,2
260829,0,d,116,4,25.972087008995004,1.0991570015903562,23.965184998814948,0.3452119999565184,2
260829,0,d,117,5,25.933880999218673,1.1075540096499026,23.95708799303975,0.3425229951972142,3
260829,0,d,118,6,25.866609008517116,1.1294900032225996,23.85861999937333,0.3431329969316721,2
260829,0,d,119,7,25.992330003646202,1.1983500007772818,23.90686300350353,0.33614199492149055,3
260829,0,d,120,8,25.972515999455936,1.1201529996469617,23.972416995093226,0.33468299079686403,7
260829,0,d,121,9,26.168323995079845,1.1406629928387702,24.140560009982437,0.3490770031930879,14
260829,0,d,122,10,26.048223007819615,1.1267410009168088,24.041347001912072,0.3460660082055256,7
260829,0,d,123,11,26.193801008048467,1.137833998654969,24.17808100290131,0.3418889973545447,4
260829,0,d,124,12,26.172598998527974,1.1958499962929636,24.113068007864058,0.3386009921086952,8
260829,0,d,125,13,25.852050006506033,1.1516259983181953,23.831886996049434,0.3372310020495206,2
260829,0,d,126,14,25.746197992702946,1.087580996681936,23.855296007241122,0.2785340038826689,0
260829,0,d,127,15,25.886260002152994,1.184741995530203,23.820721995434724,0.3508910012897104,4
260829,0,d,128,0,25.863314003800042,1.1158929992234334,23.865732990088873,0.3387700126040727,12
260829,0,d,129,1,25.94062199932523,1.1513450008351356,23.92267598770559,0.3344830038258806,1
260829,0,d,130,2,25.80135800235439,1.1311760026728734,23.801909002941102,0.34075700386893004,6
260829,0,d,131,3,25.96739199361764,1.2257600028533489,23.87831499800086,0.3345870063640177,2
260829,0,d,132,4,25.71886099758558,1.1104089935543016,23.741333003272302,0.3404000017326325,2
260829,0,d,133,5,25.713894996442832,1.1056829971494153,23.741555007291026,0.3427030023885891,3
260829,0,d,134,6,25.71576100308448,1.0994820040650666,23.752166001941077,0.33487999462522566,2
260829,0,d,135,7,25.77891098917462,1.155060002929531,23.75638399098534,0.34520500048529357,3
260829,0,d,136,8,25.786272002733313,1.1077430099248886,23.802399999112822,0.3389210032764822,7
260829,0,d,137,9,25.765500002307817,1.1178059939993545,23.782912001479417,0.3381139977136627,14
260829,0,d,138,10,25.687197005026974,1.1333000002196059,23.691080990829505,0.3393600054550916,7
260829,0,d,139,11,25.783185003092512,1.1180629953742027,23.793953005224466,0.34126600075978786,4
260829,0,d,140,12,25.9754580038134,1.2296040076762438,23.862171001383103,0.3454939869698137,8
260829,0,d,141,13,25.904113004799,1.136236998718232,23.897157996543683,0.33738999627530575,2
260829,0,d,142,14,26.155953004490584,1.1111810017609969,24.206014000810683,0.29794299916829914,0
260829,0,d,143,15,26.801027997862548,1.1968820035690442,24.68755100562703,0.3474510012893006,4
260829,0,d,144,0,26.432701997691765,1.1198399879503995,24.415003004833125,0.3509340021992102,12
260829,0,d,145,1,26.423892995808274,1.1345979874022305,24.391465994995087,0.354187999619171,1
260829,0,d,146,2,26.649810999515466,1.1646690109046176,24.562487000366673,0.3698510117828846,6
260829,0,d,147,3,26.765253991470672,1.216791002661921,24.62714099965524,0.3773039934458211,2
260829,0,d,148,4,27.687296009389684,1.1735629959730431,25.555288011673838,0.3790019982261583,2
260829,0,d,149,5,26.372644992079586,1.2283029936952516,24.230723996879533,0.348956004017964,3
260829,0,d,150,6,25.832225001067854,1.1177760025020689,23.8472500059288,0.3371939965290949,2
260829,0,d,151,7,25.82763299869839,1.172873002360575,23.788393998984247,0.33926399191841483,3
260829,0,d,152,8,26.151048004976474,1.1184530012542382,24.153570004273206,0.34717599919531494,7
260829,0,d,153,9,26.19133899861481,1.1421709932619706,24.17998701275792,0.34738899557851255,14
260829,0,d,154,10,25.732572001288645,1.1151229991810396,23.75643700361252,0.3314909990876913,7
260829,0,d,155,11,25.927291993866675,1.1307129898341373,23.93689300515689,0.3342440031701699,4
260829,0,d,156,12,26.035830000182614,1.2292850005906075,23.922774009406567,0.3419010026846081,8
260829,0,d,157,13,25.779022005735897,1.1422489915275946,23.769984996761195,0.3439620049903169,2
260829,0,d,158,14,25.76864000002388,1.0905439994530752,23.885524002253078,0.2680449979379773,0
260829,0,d,159,15,25.707281994982623,1.1733949941117316,23.67236999270972,0.3382099966984242,4
260829,0,d,160,0,26.072298001963645,1.1412890016799793,24.060690004262142,0.335691001964733,12
260829,0,d,161,1,25.83655899798032,1.1728049867087975,23.794428998371586,0.33696400350891054,1
260829,0,d,162,2,25.389824993908405,1.0663359862519428,23.494580993428826,0.3236359916627407,6
260829,0,d,163,3,25.298540000221692,1.18540100811515,23.27891300956253,0.3245529951527715,2
260829,0,d,164,4,25.048695999430493,1.079577996279113,23.14673400542233,0.3145689988741651,2
260829,0,d,165,5,25.109767011599615,1.0541780065977946,23.236054999870248,0.33086999610532075,3
260829,0,d,166,6,25.103487001615576,1.0761699959402904,23.201383999548852,0.32600499980617315,2
260829,0,d,167,7,25.204946010489948,1.1213340039830655,23.262211005203426,0.3213059972040355,3
260829,0,d,168,8,25.332300996524282,1.0653070057742298,23.437183001078665,0.33409599564038217,7
260829,0,d,169,9,25.21426699240692,1.0416549921501428,23.32767000189051,0.3309199964860454,14
260829,0,d,170,10,25.117935001617298,1.0666010057320818,23.219423994305544,0.32753500272519886,7
260829,0,d,171,11,25.03224900283385,1.0575630003586411,23.15465900755953,0.32385700615122914,4
260829,0,d,172,12,25.315381004475057,1.1877719953190535,23.288016993319616,0.32289900991600007,8
260829,0,d,173,13,25.44771299290005,1.097761996788904,23.518792004324496,0.3273089969297871,2
260829,0,d,174,14,25.213695000275038,1.0743290040409192,23.363590007647872,0.267688010353595,0
260829,0,d,175,15,25.26192500954494,1.1356619943398982,23.283246002392843,0.32836399623192847,4
260829,0,d,176,0,25.16440299223177,1.0768230131361634,23.240580005222,0.3298740048194304,12
260829,0,d,177,1,25.24426599848084,1.0955269972328097,23.31136100110598,0.3183619992341846,1
260829,0,d,178,2,25.33418200619053,1.0918990010395646,23.40148200164549,0.33288999111391604,6
260829,0,d,179,3,25.433349001104943,1.185104003525339,23.40614699642174,0.3315009962534532,2
260829,0,d,180,4,25.294616003520787,1.0878589964704588,23.356892008450814,0.331600007484667,2
260829,0,d,181,5,25.289408993558027,1.0995409975294024,23.361351995845325,0.32430500141344965,3
260829,0,d,182,6,25.32389799307566,1.1090220068581402,23.379710008157417,0.3274289920227602,2
260829,0,d,183,7,25.467444997048005,1.1341719946358353,23.491192012443207,0.33314700704067945,3
260829,0,d,184,8,25.133497998467647,1.0569979931460693,23.24760401097592,0.3235329932067543,7
260829,0,d,185,9,25.174861002597027,1.0629169992171228,23.29557698976714,0.32344399369321764,14
260829,0,d,186,10,25.092444993788376,1.0660999978426844,23.19542299665045,0.32330999965779483,7
260829,0,d,187,11,25.110268004937097,1.076144995749928,23.20306700130459,0.32431900035589933,4
260829,0,d,188,12,25.411198992514983,1.1805349931819364,23.395933996653184,0.32994999492075294,8
260829,0,d,189,13,25.29994100041222,1.1099569965153933,23.362965002888814,0.3234220057493076,2
260829,0,d,190,14,24.987144002807327,1.0548139980528504,23.173904992290772,0.26026398700196296,0
260829,0,d,191,15,25.185774007695727,1.1461480025900528,23.204960991279222,0.32301098690368235,4
260829,0,d,192,0,25.14485499705188,1.0626260045683011,23.255570995388553,0.3211690054740757,12
260829,0,d,193,1,25.000308000016958,1.1078309908043593,23.06291500281077,0.3150550037389621,1
260829,0,d,194,2,25.413440002012067,1.0521049989620224,23.539410991361365,0.327843998093158,6
260829,0,d,195,3,25.35638600238599,1.1648070067167282,23.375202988972887,0.3199339989805594,2
260829,0,d,196,4,24.961786999483593,1.0762479942059144,23.068370996043086,0.3156340098939836,2
260829,0,d,197,5,24.989676006953232,1.0235369991278276,23.153153000748716,0.319287006277591,3
260829,0,d,198,6,25.014890998136252,1.0662069980753586,23.132274989620782,0.3212360024917871,2
260829,0,d,199,7,25.230225990526378,1.0979539947584271,23.303880996536463,0.3214559983462095,3
260830,0,a,0,0,12.513312001829036,1.039454000419937,10.059085005195811,0.9453770035179332,16
260830,0,a,1,1,12.323793009272777,1.026910002110526,9.918686002492905,0.9304589912062511,1
260830,0,a,2,2,12.381118998746388,0.988408995908685,9.95883000723552,0.9846350003499538,6
260830,0,a,3,3,12.584419004269876,1.1471990001155064,10.004890995332971,0.9640589996706694,2
260830,0,a,4,4,12.738628996885382,1.044512988300994,10.229232997517101,0.9891480003716424,4
260830,0,a,5,5,12.49073600047268,1.065727003151551,10.00382199708838,0.9473569953115657,2
260830,0,a,6,6,12.756221010931768,1.057598987245001,10.244894001516514,0.9868729976005852,2
260830,0,a,7,7,12.629064993234351,1.0904789960477501,10.09153098857496,0.9683210082584992,3
260830,0,a,8,8,12.623296002857387,1.04475200350862,10.14843099983409,0.9648190025473014,6
260830,0,a,9,9,12.358834006590769,1.0156289936276153,9.923114004777744,0.9635369933675975,16
260830,0,a,10,10,12.812316999770701,1.0231589985778555,10.328406002372503,1.002548000542447,7
260830,0,a,11,11,12.502986995968968,1.04053299583029,10.03007400140632,0.9579289908288047,6
260830,0,a,12,12,12.880490990937687,1.1513419885886833,10.258726004394703,0.9887159976642579,7
260830,0,a,13,13,12.467994005419314,1.0791189997689798,9.978764996048994,0.9326220024377108,2
260830,0,a,14,14,12.472807997255586,0.9862589940894395,10.099702994921245,0.9409420017618686,1
260830,0,a,15,15,12.717792007606477,1.059432004694827,10.178857002756558,0.993319001281634,5
260830,0,a,16,0,12.927492003655061,1.0503139928914607,10.424220003187656,0.9766220027813688,16
260830,0,a,17,1,12.842212003306486,1.1053430062020198,10.268823010846972,0.9904939943226054,1
260830,0,a,18,2,12.923499001772143,1.1242460022913292,10.326676987460814,0.9817949903663248,6
260830,0,a,19,3,12.872109989984892,1.16170100227464,10.233357999823056,0.9948410006472841,2
260830,0,a,20,4,12.952528006280772,1.0990279988618568,10.376801990787499,0.9929619991453364,4
260830,0,a,21,5,12.531000000308268,1.0532940068515018,10.018885004683398,0.9703010000521317,2
260830,0,a,22,6,12.651119992369786,1.037983995047398,10.144029001821764,0.9951769898179919,2
260830,0,a,23,7,12.652089993935078,1.0840839968295768,10.086056005093269,1.0043500078609213,3
260830,0,a,24,8,12.684194996836595,1.0619240056257695,10.158606004551984,0.9763940033735707,6
260830,0,a,25,9,12.384054993162863,1.045508004608564,9.923787001753226,0.9510130039416254,16
260830,0,a,26,10,12.52176500565838,1.0134420008398592,10.050018012407236,1.0042640060419217,7
260830,0,a,27,11,12.725989989121445,1.0299749992555007,10.199737997027114,0.9922269964590669,6
260830,0,a,28,12,12.857281995820813,1.1903670092578977,10.194453003350645,0.988892003078945,7
260830,0,a,29,13,12.464306011679582,1.0612589976517484,9.995118001825176,0.9443070011911914,2
260830,0,a,30,14,12.122934000217356,0.9548230009386316,9.822182997595519,0.9028460044646636,1
260830,0,a,31,15,12.459189994842745,1.0428270034026355,10.020320987678133,0.9558150049997494,5
260830,0,a,32,0,12.34156200371217,1.0168909939238802,9.947935002855957,0.9211550059262663,16
260830,0,a,33,1,12.430610993760638,1.0341220040572807,9.99615399632603,0.950372006627731,1
260830,0,a,34,2,12.475932002416812,1.0465150116942823,9.994268009904772,0.9713839972391725,6
260830,0,a,35,3,12.288814003113657,1.1081569973612204,9.837302000960335,0.8961369894677773,2
260830,0,a,36,4,12.220831005834043,0.948838991462253,9.875597999780439,0.9580799960531294,4
260830,0,a,37,5,12.262913995073177,1.0223309946013615,9.87332699878607,0.9157640015473589,2
260830,0,a,38,6,12.097526996512897,0.9486030030529946,9.823882995988242,0.9067939972737804,2
260830,0,a,39,7,12.164268002379686,0.9916620037984103,9.84977099869866,0.9067439968930557,3
260830,0,a,40,8,11.989934006123804,0.9426050091860816,9.728953999001533,0.9093589906115085,6
260830,0,a,41,9,12.346731004072353,0.9501379972789437,10.018020999268629,0.9596339950803667,16
260830,0,a,42,10,12.333849008427933,1.0324070026399568,9.916794995660894,0.9267950081266463,7
260830,0,a,43,11,12.307601995416917,0.9753839985933155,9.915478993207216,0.9792460041353479,6
260830,0,a,44,12,12.547284990432672,1.138022998929955,10.008887998992577,0.9382660064147785,7
260830,0,a,45,13,12.168583998573013,1.0074849997181445,9.804721994441934,0.9127670055022463,2
260830,0,a,46,14,12.153552990639582,0.9457520063733682,9.860773992841132,0.9140740003203973,1
260830,0,a,47,15,12.527682993095368,1.061572998878546,10.043934991699643,0.972625013673678,5
260830,0,a,48,0,12.291671999264508,1.026697995257564,9.871100992313586,0.9302420075982809,16
260830,0,a,49,1,12.336255997070111,1.0397419973742217,9.900511999148875,0.9485680056968704,1
260830,0,a,50,2,12.354140999377705,1.0469929984537885,9.925923004630022,0.9207169932778925,6
260830,0,a,51,3,12.191261994303204,1.0676569945644587,9.784840993233956,0.9103229967877269,2
260830,0,a,52,4,12.194167007692158,0.9693820029497147,9.848632995272055,0.9466560004511848,4
260830,0,a,53,5,12.175188996479847,1.005094003630802,9.821563988225535,0.9099360031541437,2
260830,0,a,54,6,12.048021002556197,0.9434029925614595,9.77166200755164,0.9058580035343766,2
260830,0,a,55,7,12.09150099020917,1.0137290082639083,9.751455989317037,0.8934920042520389,3
260830,0,a,56,8,11.977615009527653,0.9361019911011681,9.735507992445491,0.8972360083134845,6
260830,0,a,57,9,12.290250000660308,0.9749169985298067,9.942635006154887,0.9428839985048398,16
260830,0,a,58,10,12.135010998463258,0.9951530082616955,9.806093003135175,0.8965279994299635,7
260830,0,a,59,11,12.005654993117787,0.9537019941490144,9.752773999935016,0.8931490010581911,6
260830,0,a,60,12,12.4727049987996,1.0599770030239597,10.016890009865165,0.9713399922475219,7
260830,0,a,61,13,12.601315000210889,1.0661829874152318,10.091793010360561,0.9670339932199568,2
260830,0,a,62,14,12.552968008094467,1.0020039917435497,10.076944003230892,0.9982210031012073,1
260830,0,a,63,15,12.755000003380701,1.1786030081566423,10.127775996807031,0.9621070057619363,5
260830,0,a,64,0,12.36918699578382,1.0043710062745959,9.929099993314594,0.9657810005592182,16
260830,0,a,65,1,12.699163009529002,1.102320005884394,10.164772000280209,0.9498140134382993,1
260830,0,a,66,2,12.409531002049334,1.031036998028867,9.946170990588143,0.9597809985280037,6
260830,0,a,67,3,12.737502998788841,1.1672010004986078,10.126481007318944,0.9652159933466464,2
260830,0,a,68,4,12.53543900384102,1.041562994942069,10.035537008661777,0.9831149945966899,4
260830,0,a,69,5,12.672404001932591,1.0550219885772094,10.132045004866086,0.9907930070767179,2
260830,0,a,70,6,12.628127995412797,1.0523259988985956,10.125706001417711,0.9651980071794242,2
260830,0,a,71,7,12.807210994651541,1.0961009975289926,10.232087995973416,0.99169799068477,3
260830,0,a,72,8,12.633560007088818,1.074354993761517,10.101409003254957,0.9675499895820394,6
260830,0,a,73,9,12.678296989179216,1.0516619950067252,10.168640990741551,0.9817210084293038,16
260830,0,a,74,10,12.617637010407634,1.0411260009277612,10.113898999406956,0.9700959926703945,7
260830,0,a,75,11,12.593880004715174,1.0472800058778375,10.092614000313915,0.9722269896883518,6
260830,0,a,76,12,12.57478300249204,1.1444960109656677,9.979084992664866,0.9756029903655872,7
260830,0,a,77,13,12.69951400172431,1.0754079994512722,10.162520993617363,0.9823580039665103,2
260830,0,a,78,14,12.600667992956005,1.0186830040765926,10.117748999618925,0.9773549973033369,1
260830,0,a,79,15,13.01675199647434,1.1522420099936426,10.360629996284842,1.010131003567949,5
260830,0,a,80,0,12.87532999413088,1.0815139976330101,10.30909499968402,0.995205991785042,16
260830,0,a,81,1,12.802010009181686,1.1200750013813376,10.233913999400102,0.9680780058261007,1
260830,0,a,82,2,12.428536007064395,1.0509299900149927,9.921549004502594,0.9692290041130036,6
260830,0,a,83,3,12.590551006724127,1.1415429908083752,10.046320006949827,0.9408829937456176,2
260830,0,a,84,4,12.330213008681312,1.0166069987462834,9.91055699705612,0.941601989325136,4
260830,0,a,85,5,12.260200004675426,0.9855490061454475,9.896970994304866,0.9366680023958907,2
260830,0,a,86,6,12.405834990204312,1.0547480051172897,9.96743499126751,0.9316850046161562,2
260830,0,a,87,7,12.878485998953693,1.0692659998312593,10.309060002327897,1.024589000735432,3
260830,0,a,88,8,12.475693001761101,1.043046999257058,10.016109998105094,0.9465269977226853,6
260830,0,a,89,9,12.529095998615958,1.0232299973722547,10.072370991110802,0.9841639985097572,16
260830,0,a,90,10,12.628601005417295,1.0577319917501882,10.119928992935456,0.9726150019560009,7
260830,0,a,91,11,12.43126999179367,1.0350329976063222,9.95291699655354,0.9720749949337915,6
260830,0,a,92,12,12.636726009077393,1.143991990829818,10.037877000286244,0.9872230002656579,7
260830,0,a,93,13,12.60677799291443,1.0642980050761253,10.082477005198598,0.9767790033947676,2
260830,0,a,94,14,12.529565006843768,1.0289890051353723,10.057168998173438,0.9618019976187497,1
260830,0,a,95,15,12.56943000771571,1.1051710025640205,10.019737004768103,0.9716740023577586,5
260830,0,a,96,0,12.751501999446191,1.0365969937993214,10.224252007901669,0.9977640002034605,16
260830,0,a,97,1,12.586255994392559,1.1145949974888936,10.036594001576304,0.9506710048299283,1
260830,0,a,98,2,12.553296008263715,1.0505590034881607,10.047749994555488,0.975792994722724,6
260830,0,a,99,3,12.68614899890963,1.1674059933284298,10.079006009618752,0.9547660010866821,2
260830,0,a,100,4,12.497638002969325,1.038532005622983,10.017118998803198,0.9739569941302761,4
260830,0,a,101,5,12.4556480004685,1.0283860028721392,9.99819599383045,0.9596489981049672,2
260830,0,a,102,6,12.600208006915636,1.109372009523213,10.025526993558742,0.9867369954008609,2
260830,0,a,103,7,12.655891012400389,1.0841680050361902,10.102326996275224,0.9878729906631634,3
260830,0,a,104,8,12.490759996580891,1.054786000167951,9.987093988456763,0.9646999969845638,6
260830,0,a,105,9,12.54720900033135,1.0322050075046718,10.048667012597434,0.9934210102073848,16
260830,0,a,106,10,12.602527000126429,1.0629470052663237,10.080533000291325,0.9757270017871633,7
260830,0,a,107,11,12.452028997358866,1.02274700475391,9.994407999329269,0.9629999985918403,6
260830,0,a,108,12,12.700617997325025,1.1504650028655306,10.076400998514146,1.0027690004790202,7
260830,0,a,109,13,12.631179997697473,1.0791889944812283,10.095593999722041,0.9734119958011433,2
260830,0,a,110,14,12.610839999979362,1.0266980098094791,10.109037000802346,0.9936599963111803,1
260830,0,a,111,15,12.712969008134678,1.118550993851386,10.086081005283631,1.0213079949608073,5
260830,0,a,112,0,12.754815004882403,1.0370670061092824,10.246044999803416,0.986390994512476,16
260830,0,a,113,1,12.741888000164181,1.1010349990101531,10.183977996348403,0.9776380029506981,1
260830,0,a,114,2,12.77013000799343,1.0553869942668825,10.178897995501757,1.030421000905335,6
260830,0,a,115,3,13.134619002812542,1.2911500089103356,10.357349994592369,0.9809079929254949,2
260830,0,a,116,4,12.73515100183431,1.0754700051620603,10.1502339966828,1.0181090037804097,4
260830,0,a,117,5,12.819305004086345,1.1202549940207973,10.203975994954817,0.9976849978556857,2
260830,0,a,118,6,12.836595007684082,1.0699120030039921,10.256894005578943,1.0171839967370033,2
260830,0,a,119,7,12.963405009941198,1.1449029989307746,10.29189198743552,0.9965929930331185,3
260830,0,a,120,8,12.958924999111332,1.0767050116555765,10.362513989093713,1.0207430023001507,6
260830,0,a,121,9,12.79292801336851,1.095854997402057,10.229679988697171,0.9659459901740775,16
260830,0,a,122,10,12.649209005758166,1.0483990045031533,10.105776993441395,1.0126419947482646,7
260830,0,a,123,11,12.983975990209728,1.1147670011268929,10.35683999361936,1.0033369908342138,6
260830,0,a,124,12,12.825238998630084,1.1824960092781112,10.149459994863719,0.9957419970305637,7
260830,0,a,125,13,12.966921989573166,1.1179360008100048,10.349898002459668,0.9987950033973902,2
260830,0,a,126,14,12.622962007299066,1.0670890042092651,10.099157996592112,0.962830992648378,1
260830,0,a,127,15,12.932002995512448,1.1236290010856465,10.31129299371969,1.0066209943033755,5
260830,0,a,128,0,12.610133009729907,1.0872060083784163,10.043451999081299,0.9908549982355908,16
260830,0,a,129,1,12.703881002380513,1.091398997232318,10.148852990823798,0.9766270086402074,1
260830,0,a,130,2,12.740386999212205,1.080544010619633,10.167339001782238,0.9953340049833059,6
260830,0,a,131,3,12.929745993460529,1.1842769890790805,10.271501014358364,0.9919590083882213,2
260830,0,a,132,4,12.809430991183035,1.097380998544395,10.23041999724228,0.9891770023386925,4
260830,0,a,133,5,12.85794100840576,1.0787290084408596,10.303311006282456,0.9939950105035678,2
260830,0,a,134,6,12.615416999324225,1.0751589870778844,10.063492998597212,0.987505991361104,2
260830,0,a,135,7,12.775630995747633,1.0981679952237755,10.208284002146684,0.9898390126181766,3
260830,0,a,136,8,12.621698988368735,1.054914013366215,10.107768001034856,0.9785239963093773,6
260830,0,a,137,9,12.537759001133963,1.057055007549934,10.034460996394046,0.965722996625118,16
260830,0,a,138,10,12.632799000130035,1.0289999918313697,10.147770997718908,0.9818010003073141,7
260830,0,a,139,11,12.774861010257155,1.0441829945193604,10.253770000417717,0.9883159946184605,6
260830,0,a,140,12,12.731084992992692,1.17502998909913,10.086494003189728,0.9822540014283732,7
260830,0,a,141,13,12.75670199538581,1.0703980078687891,10.174975992413238,1.021161995595321,2
260830,0,a,142,14,12.696296005742624,1.025182005832903,10.219505988061428,0.9598410106264055,1
260830,0,a,143,15,12.679883002419956,1.1374030000297353,10.086797003168613,0.9778250096132979,5
260830,0,a,144,0,12.648878007894382,1.042785996105522,10.131009999895468,0.9958139999071136,16
260830,0,a,145,1,12.625375995412469,1.081526992493309,10.104925007908605,0.9589050023350865,1
260830,0,a,146,2,12.592069993843324,1.0584110132185742,10.088060007547028,0.9696990018710494,6
260830,0,a,147,3,12.647040988667868,1.1421350063756108,10.056714003439993,0.9732999897096306,2
260830,0,a,148,4,12.791233995812945,1.0385319910710678,10.277138993842527,0.98610800341703,4
260830,0,a,149,5,12.579538000863977,1.0602049878798425,10.087686008773744,0.9562049963278696,2
260830,0,a,150,6,12.47853999666404,1.0441920021548867,10.00001399370376,0.9558890014886856,2
260830,0,a,151,7,12.730579997878522,1.092737991712056,10.184019003645517,0.9816269885050133,3
260830,0,a,152,8,12.622921989532188,1.0564219992375001,10.102478001499549,0.9848569898167625,6
260830,0,a,153,9,12.646409988519736,1.0700929997256026,10.117241006810218,0.9654620080254972,16
260830,0,a,154,10,12.690675997873768,1.0546199919190258,10.170909998123534,0.9882009908324108,7
260830,0,a,155,11,12.576709006680176,1.0709039925131947,10.082309992867522,0.9456289990339428,6
260830,0,a,156,12,12.254290006239899,1.105137009290047,9.8152749997098,0.8905350114218891,7
260830,0,a,157,13,12.345323993940838,0.9649150015320629,10.00702400051523,0.9416739922016859,2
260830,0,a,158,14,12.22408800094854,0.9614190057618544,9.90785400790628,0.9108990052482113,1
260830,0,a,159,15,12.351279001450166,1.0479820048203692,9.866496999165975,0.9917630086420104,5
260830,0,a,160,0,12.635685998247936,1.033679989632219,10.15381800243631,0.980882003204897,16
260830,0,a,161,1,12.630194003577344,1.0074620076920837,10.206876002484933,0.9607820102246478,1
260830,0,a,162,2,12.46143999742344,1.0436699958518147,10.02087899541948,0.9316100040450692,6
260830,0,a,163,3,12.327919001108967,1.099952991353348,9.894925999105908,0.8878799999365583,2
260830,0,a,164,4,12.293499006773345,0.9234570025000721,9.974140994017944,0.9702319948701188,4
260830,0,a,165,5,12.51095200132113,1.0343010071665049,10.050880009657703,0.9609359985915944,2
260830,0,a,166,6,12.489700995502062,1.0317620035493746,10.029530996689573,0.9615379967726767,2
260830,0,a,167,7,12.637781008379534,1.0685540037229657,10.111416995641775,0.9816350066103041,3
260830,0,a,168,8,12.609961006091908,1.0598219960229471,10.09675300156232,0.9754430066095665,6
260830,0,a,169,9,12.398576000123285,1.052866005920805,9.928165993187577,0.9302010003011674,16
260830,0,a,170,10,12.348509990260936,0.997973998892121,9.94669999636244,0.9558039891999215,7
260830,0,a,171,11,12.449583999114111,1.0333540121791884,10.009097008151002,0.9469399956287816,6
260830,0,a,172,12,12.330876998021267,1.0969089926220477,9.859668993158266,0.9248739952454343,7
260830,0,a,173,13,12.606402990058996,1.0025980009231716,10.168444001465105,0.9847010078374296,2
260830,0,a,174,14,12.378888000966981,1.0391420073574409,9.941451004124247,0.9230300056515262,1
260830,0,a,175,15,12.559603012050502,1.0645349975675344,10.061259003123268,0.9868829947663471,5
260830,0,a,176,0,12.634953003725968,1.0568869911367074,10.079658997710794,0.989955005934462,16
260830,0,a,177,1,12.861184004577808,1.1201509914826602,10.262035008054227,0.9886010084301233,1
260830,0,a,178,2,12.765114006469958,1.0919939959421754,10.185014994931407,0.9981799958040938,6
260830,0,a,179,3,12.90757600509096,1.194185999338515,10.223721998045221,0.9969910024665296,2
260830,0,a,180,4,12.55842599493917,1.0610049939714372,10.02792498911731,0.9792409982765093,4
260830,0,a,181,5,12.758864992065355,1.035999011946842,10.22891400498338,1.0059950000140816,2
260830,0,a,182,6,12.410348004777916,1.0697730031097308,9.923956997226924,0.9365400037495419,2
260830,0,a,183,7,12.787975996616296,1.08461499621626,10.250970008200966,0.9908330102916807,3
260830,0,a,184,8,12.566995996166952,1.0788619983941317,10.004755997215398,0.9904869948513806,6
260830,0,a,185,9,12.771765002980828,1.083608003682457,10.214016001555137,0.9874000097624958,16
260830,0,a,186,10,12.710911993053742,1.0648399911588058,10.160714999074116,0.9925089980242774,7
260830,0,a,187,11,12.91346299694851,1.0878399916691706,10.322532994905487,1.005983998766169,6
260830,0,a,188,12,12.964173991349526,1.1900440003955737,10.239369003102183,1.0297620028723031,7
260830,0,a,189,13,12.90501699259039,1.1009139998350292,10.3054009960033,1.010364998364821,2
260830,0,a,190,14,12.551979001727886,1.0526690020924434,10.061998997116461,0.9560350008541718,1
260830,0,a,191,15,13.129129001754336,1.1218600120628253,10.529502003919333,1.0108540009241551,5
260830,0,a,192,0,13.037808006629348,1.0897520114667714,10.443730992847122,1.0128590074600652,16
260830,0,a,193,1,13.123577009537257,1.0955009929602966,10.563465999439359,0.9753779886523262,1
260830,0,a,194,2,12.6183099928312,1.084785006241873,10.122701001819223,0.9425140015082434,6
260830,0,a,195,3,12.469353998312727,1.1127829930046573,9.963258999050595,0.9496639977442101,2
260830,0,a,196,4,12.318687004153617,0.9985430078813806,9.925905003910884,0.9366600133944303,4
260830,0,a,197,5,12.136147008277476,0.9816200035857037,9.798806990147568,0.9182810026686639,2
260830,0,a,198,6,12.184256993350573,0.9571970003889874,9.83936399279628,0.957156007643789,2
260830,0,a,199,7,12.67405399994459,1.0862110066227615,10.143363993847743,0.9754740021890029,3
260830,0,b,0,0,12.495610004407354,0.99758300348185,10.672521995729767,0.3586910024750978,12
260830,0,b,1,1,12.40878899989184,1.0894139995798469,10.519675997784361,0.336267999955453,1
260830,0,b,2,2,12.652192992391065,1.0203099955106154,10.80656299018301,0.36679500772152096,7
260830,0,b,3,3,13.052654001512565,1.2032309896312654,11.004170999513008,0.35818200558423996,2
260830,0,b,4,4,12.60251300118398,1.0718970006564632,10.70345200423617,0.35087000287603587,3
260830,0,b,5,5,12.647654002648778,1.0417349985800683,10.777230010717176,0.35521799873095006,1
260830,0,b,6,6,12.715328994090669,1.0744350001914427,10.792100001708604,0.3579420008463785,2
260830,0,b,7,7,12.498493000748567,1.114159997086972,10.550213002716191,0.3502829931676388,3
260830,0,b,8,8,12.755920994095504,1.0917110048467293,10.832836996996775,0.3519700112519786,6
260830,0,b,9,9,12.746888998663053,1.0571419988991693,10.83737199951429,0.3610679996199906,14
260830,0,b,10,10,12.637264997465536,1.0939490020973608,10.711601993534714,0.3519939928082749,7
260830,0,b,11,11,12.516761998995207,1.0626020084600896,10.62163501046598,0.35694400139618665,6
260830,0,b,12,12,13.02624300296884,1.194754004245624,10.998215002473444,0.3504740016069263,8
260830,0,b,13,13,12.569786995300092,1.0842580086318776,10.670015006326139,0.34439600131008774,3
260830,0,b,14,14,12.21530299517326,0.9747779986355454,10.507683007745072,0.2784999960567802,0
260830,0,b,15,15,12.380779997329228,1.1268670059507713,10.463061989867128,0.3364389995113015,4
260830,0,b,16,0,12.083762005204335,0.9742469992488623,10.334823993616737,0.33405500289518386,12
260830,0,b,17,1,12.122469997848384,1.0155790077988058,10.294845997123048,0.36898499820381403,1
260830,0,b,18,2,12.124380009481683,0.981249992037192,10.334447011700831,0.3475239936960861,7
260830,0,b,19,3,12.569377999170683,1.1581509897951037,10.59748099942226,0.3483929904177785,2
260830,0,b,20,4,12.42139701207634,1.0460139892529696,10.544697011937387,0.3546430089045316,3
260830,0,b,21,5,12.52342399675399,1.0369329975219443,10.661613996489905,0.3493609983706847,1
260830,0,b,22,6,12.408940005116165,1.0740540019469336,10.504265999770723,0.3441970038693398,2
260830,0,b,23,7,12.15832399611827,1.0558680078247562,10.321761001250707,0.3365380107425153,3
260830,0,b,24,8,12.184463994344696,0.9735810017446056,10.446473010233603,0.3365219890838489,6
260830,0,b,25,9,12.054492995957844,0.9980769973481074,10.294355990481563,0.3222939994884655,14
260830,0,b,26,10,12.018549998174421,0.9614709997549653,10.315638995962217,0.3277360083302483,7
260830,0,b,27,11,11.87531600589864,0.9498319996055216,10.173870992730372,0.32478501088917255,6
260830,0,b,28,12,12.223137004184537,1.1025779967894778,10.344914000597782,0.3413359954720363,8
260830,0,b,29,13,12.382040993543342,1.035081993904896,10.535510999034159,0.35232299705967307,3
260830,0,b,30,14,12.416005003615282,1.0173850023420528,10.62402399838902,0.29055800405330956,0
260830,0,b,31,15,12.761755991959944,1.150219002738595,10.754781993455254,0.3618600021582097,4
260830,0,b,32,0,12.570168997626752,1.0726379987318069,10.648203999153338,0.35843500518240035,12
260830,0,b,33,1,12.772463000146672,1.0972199961543083,10.829010003362782,0.35197800025343895,1
260830,0,b,34,2,12.497686999267898,1.0718720004661009,10.578954010270536,0.35424700763542205,7
260830,0,b,35,3,12.67015300982166,1.164956993306987,10.68206099444069,0.347667999449186,2
260830,0,b,36,4,12.270519000594504,1.0437299933983013,10.390062001533806,0.3456999984337017,3
260830,0,b,37,5,12.557961003039964,1.0293230006936938,10.716625998611562,0.35269198997411877,1
260830,0,b,38,6,12.397516999044456,1.0693470103433356,10.512124994420446,0.33958200947381556,2
260830,0,b,39,7,12.405818997649476,1.0478499898454174,10.563998002908193,0.3481659950921312,3
260830,0,b,40,8,12.332320999121293,1.0402820043964311,10.458160992129706,0.34527901152614504,6
260830,0,b,41,9,12.456878001103178,1.028382990625687,10.609599004965276,0.3454029938438907,14
260830,0,b,42,10,12.325400006375276,1.0446369997225702,10.473571994225495,0.33740400976967067,7
260830,0,b,43,11,12.627983000129461,1.0099950013682246,10.79971699800808,0.35318799200467765,6
260830,0,b,44,12,12.723381994874217,1.2165070074843243,10.655015998054296,0.35210500936955214,8
260830,0,b,45,13,12.494924012571573,1.0668369941413403,10.59179000731092,0.3561440098565072,3
260830,0,b,46,14,12.47485401108861,1.056361012160778,10.62867599830497,0.2924900036305189,0
260830,0,b,47,15,12.593252002261579,1.156651007477194,10.611207006149925,0.34958099422510713,4
260830,0,b,48,0,12.338622007519007,1.0478639887878671,10.465491999639198,0.34380899160169065,12
260830,0,b,49,1,12.464860003092326,1.0380919993622229,10.6154619861627,0.34854200202971697,1
260830,0,b,50,2,12.317829998210073,1.0683899890864268,10.440217010909691,0.33281299693044275,7
260830,0,b,51,3,12.250165003933944,1.1182430025655776,10.36361999285873,0.33190700924023986,2
260830,0,b,52,4,12.274492997676134,0.9496560087427497,10.555754008237273,0.34232799953315407,3
260830,0,b,53,5,12.373830992146395,1.0205490107182413,10.509593004826456,0.3837950062006712,1
260830,0,b,54,6,12.40158500149846,1.0251569910906255,10.53146600315813,0.3637830086518079,2
260830,0,b,55,7,12.607666008989327,1.0938349878415465,10.679882994736545,0.3517230070428923,3
260830,0,b,56,8,12.525385987828486,1.0600029927445576,10.631009005010128,0.34636500640772283,6
260830,0,b,57,9,12.340455999947153,1.047502999426797,10.490760003449395,0.33508600608911365,14
260830,0,b,58,10,12.329078002949245,1.0084539972012863,10.52293399698101,0.3486960049485788,7
260830,0,b,59,11,12.19745799608063,1.0150120069738477,10.383910994278267,0.33384800190106034,6
260830,0,b,60,12,12.175943003967404,1.1329059925628826,10.268434998579323,0.3258239885326475,8
260830,0,b,61,13,11.96939600049518,0.9654780005803332,10.267814999679103,0.31948099785950035,3
260830,0,b,62,14,12.16211800056044,0.94267500389833,10.521329997573048,0.2810220030369237,0
260830,0,b,63,15,12.74278899654746,1.1205310001969337,10.801144992001355,0.3583759971661493,4
260830,0,b,64,0,12.489837987232022,1.0671140043996274,10.601231988403015,0.3453040117165074,12
260830,0,b,65,1,12.547910999273881,1.094860999728553,10.632803998305462,0.3481940075289458,1
260830,0,b,66,2,12.536308000562713,1.0767180065158755,10.624083006405272,0.34931999107357115,7
260830,0,b,67,3,12.43771900772117,1.1688699887599796,10.45074600551743,0.34238600346725434,2
260830,0,b,68,4,12.333660997683182,1.0275959939463064,10.489523992873728,0.3439659922150895,3
260830,0,b,69,5,12.175116004073061,1.0222380078630522,10.355947000789456,0.3265739942435175,1
260830,0,b,70,6,11.88765000551939,0.9630950080463663,10.182515004999004,0.31669699819758534,2
260830,0,b,71,7,12.043805996654555,0.9706120035843924,10.332606005249545,0.3382560098543763,3
260830,0,b,72,8,12.134913995396346,0.976245995843783,10.400776998721994,0.32734000706113875,6
260830,0,b,73,9,12.317037006141618,0.9680509974714369,10.581937996903434,0.3445780021138489,14
260830,0,b,74,10,12.201033998280764,1.0299979912815616,10.390427996753715,0.32611400820314884,7
260830,0,b,75,11,12.256671994691715,0.9871640068013221,10.465938990819268,0.33992499811574817,6
260830,0,b,76,12,12.409502000082284,1.159213003120385,10.45577900367789,0.3392530052224174,8
260830,0,b,77,13,12.08359599695541,1.0090300056617707,10.2840950130485,0.33767998684197664,3
260830,0,b,78,14,12.251583000761457,0.9775689977686852,10.538564994931221,0.2781689981929958,0
260830,0,b,79,15,12.535635003587231,1.1076569935539737,10.586809003143571,0.3553560090949759,4
260830,0,b,80,0,12.52883100823965,1.0671259951777756,10.635156999342144,0.34872999822255224,12
260830,0,b,81,1,12.593979001394473,1.0777150018839166,10.685386005206965,0.34582099760882556,1
260830,0,b,82,2,12.253595996298827,1.0495090100448579,10.405469001852907,0.33475000236649066,7
260830,0,b,83,3,12.497620991780423,1.144255991675891,10.56664799398277,0.34240499371662736,2
260830,0,b,84,4,12.168079003458843,1.0082910011988133,10.373386990977451,0.3334950015414506,3
260830,0,b,85,5,12.042382993968204,0.9773740021046251,10.29811600164976,0.3304679994471371,1
260830,0,b,86,6,12.283735995879397,0.9902450110530481,10.52297699789051,0.33781300589907914,2
260830,0,b,87,7,12.163800012785941,1.0657309903763235,10.32331699389033,0.32327599183190614,3
260830,0,b,88,8,12.079469001037069,0.9539140010019764,10.369176001404412,0.33590699604246765,6
260830,0,b,89,9,12.352934005321003,1.0171650064876303,10.536877991398796,0.3496029967209324,14
260830,0,b,90,10,12.642052010050975,1.0510540014365688,10.73569300933741,0.3670940059237182,7
260830,0,b,91,11,12.737766999634914,1.1226019996684045,10.771946006570943,0.3516790020512417,6
260830,0,b,92,12,12.809046005713753,1.1872960021719337,10.764413993456401,0.36125999758951366,8
260830,0,b,93,13,12.555105000501499,1.1194520047865808,10.58705200557597,0.3458179999142885,3
260830,0,b,94,14,12.315058003878221,0.9897069976432249,10.578703004284762,0.28330698842182755,0
260830,0,b,95,15,12.826074002077803,1.1652550019789487,10.814469002070837,0.3565799997886643,4
260830,0,b,96,0,12.625251998542808,1.0570070007815957,10.727183005656116,0.35334599670022726,12
260830,0,b,97,1,12.866570003097877,1.1163159942952916,10.912929006735794,0.36022698623128235,1
260830,0,b,98,2,12.84883999323938,1.1245439964113757,10.863355011679232,0.35369199758861214,7
260830,0,b,99,3,12.902937000035308,1.2244949903106317,10.837274996447377,0.35527099680621177,2
260830,0,b,100,4,12.63564798864536,1.0721480066422373,10.706420012866147,0.35873700107913464,3
260830,0,b,101,5,12.66918599139899,1.0995869961334392,10.718156001530588,0.35269500222057104,1
260830,0,b,102,6,12.516055998275988,1.0730119975050911,10.604249007883482,0.35321399627719074,2
260830,0,b,103,7,12.63522100634873,1.1317720054648817,10.663742999895476,0.35273400135338306,3
260830,0,b,104,8,12.330762998317368,1.0583760013105348,10.458702003234066,0.34126000537071377,6
260830,0,b,105,9,12.318876004428603,1.0161760001210496,10.504144011065364,0.34162899828515947,14
260830,0,b,106,10,12.440600999980234,1.030460000038147,10.59091700881254,0.35039399517700076,7
260830,0,b,107,11,12.500484008342028,1.0485250095371157,10.62375699984841,0.3504390042508021,6
260830,0,b,108,12,12.384521993226372,1.1737480090232566,10.384716995758936,0.35008300619665533,8
260830,0,b,109,13,12.440638995030895,1.0264450102113187,10.589125988190062,0.3523299965308979,3
260830,0,b,110,14,12.417206991813146,1.0457610042067245,10.607869000523351,0.2805760013870895,0
260830,0,b,111,15,12.240771990036592,1.0853010026039556,10.36477999878116,0.334759010002017,4
260830,0,b,112,0,12.300750997383147,0.9811769996304065,10.512652996112593,0.3522360057104379,12
260830,0,b,113,1,12.542341006337665,1.1145429889438674,10.588895005639642,0.35005100653506815,1
260830,0,b,114,2,12.373247998766601,1.05224599246867,10.502006000024267,0.34747600147966295,7
260830,0,b,115,3,12.568901991471648,1.1622109886957332,10.57275800849311,0.35465600376483053,2
260830,0,b,116,4,12.456536991521716,1.0646550072124228,10.572027007583529,0.3426269977353513,3
260830,0,b,117,5,12.098644001525827,1.0197969968430698,10.29399000981357,0.3234839969081804,1
260830,0,b,118,6,12.062025998602621,0.9582490019965917,10.340406006434932,0.3354090003995225,2
260830,0,b,119,7,12.103701999876648,1.0111110022990033,10.31775600858964,0.33997099671978503,3
260830,0,b,120,8,12.288361991522834,0.9878669952740893,10.524609999265522,0.33841900585684925,6
260830,0,b,121,9,12.03731399436947,1.008721999824047,10.262180003337562,0.32373399881180376,14
260830,0,b,122,10,12.005197000689805,0.969293003436178,10.273324995068833,0.32542301050852984,7
260830,0,b,123,11,12.303693991270848,0.9526630019536242,10.573458988801576,0.3467619972070679,6
260830,0,b,124,12,12.515716007328592,1.1658829898806289,10.524183002416976,0.3491319948807359,8
260830,0,b,125,13,12.330789002589881,1.0403329943073913,10.47843400738202,0.3464050096226856,3
260830,0,b,126,14,12.274575012270361,1.0054580052383244,10.510508989682421,0.28144400857854635,0
260830,0,b,127,15,12.554603992612101,1.141861008363776,10.580463000223972,0.34641899401322007,4
260830,0,b,128,0,12.319551999098621,1.045758996042423,10.472769994521514,0.33620899193920195,12
260830,0,b,129,1,12.195449002319947,1.0369169904151931,10.373432000051253,0.3289829910499975,1
260830,0,b,130,2,12.368253010208718,0.9908470092341304,10.581020993413404,0.34589399001561105,7
260830,0,b,131,3,12.347898998996243,1.17503700312227,10.37412699952256,0.3343259886605665,2
260830,0,b,132,4,12.225202008266933,0.9795929945539683,10.447555003338493,0.33827900188043714,3
260830,0,b,133,5,12.245114994584583,1.0266220051562414,10.418753998237662,0.34318200778216124,1
260830,0,b,134,6,12.32684300339315,1.0137610079254955,10.509498999454081,0.3430200013099238,2
260830,0,b,135,7,12.491247995058075,1.0801760072354227,10.5738959973678,0.3574699949240312,3
260830,0,b,136,8,12.817363007343374,1.073686988092959,10.892972000874579,0.35554000351112336,6
260830,0,b,137,9,12.649251002585515,1.0877080057980493,10.729802990681492,0.3496290009934455,14
260830,0,b,138,10,12.844693002989516,1.045838012942113,10.954919998766854,0.3584079968277365,7
260830,0,b,139,11,12.886782002169639,1.1071079934481531,10.933519006357528,0.36091599031351507,6
260830,0,b,140,12,12.732631003018469,1.1800530046457425,10.731021000538021,0.34922800841741264,8
260830,0,b,141,13,12.351805999060161,1.046449993737042,10.49871499708388,0.3430849901633337,3
260830,0,b,142,14,12.212863002787344,0.9857190016191453,10.495334994629957,0.2774059976218268,0
260830,0,b,143,15,12.458866011002101,1.120051005273126,10.534736007684842,0.3435200051171705,4
260830,0,b,144,0,12.483063997933641,0.9983930067392066,10.665748006431386,0.3571859997464344,12
260830,0,b,145,1,12.993621014175005,1.1401579977246001,11.015725991455838,0.3559339966159314,1
260830,0,b,146,2,12.555639012134634,1.0928830015473068,10.635458995238878,0.35054799809586257,7
260830,0,b,147,3,12.695177007117309,1.182488995254971,10.683510001399554,0.353362993337214,2
260830,0,b,148,4,12.833107000915334,1.0814490087796003,10.904323004069738,0.3570929984562099,3
260830,0,b,149,5,12.902246991870925,1.1280789913143963,10.933323996141553,0.35256599949207157,1
260830,0,b,150,6,12.863333991845138,1.0930229909718037,10.914978993241675,0.36412899498827755,2
260830,0,b,151,7,12.698107995674945,1.1560319981072098,10.698658996261656,0.3473029937595129,3
260830,0,b,152,8,12.37542500894051,1.0136469936696813,10.537630005273968,0.3560610057320446,6
260830,0,b,153,9,12.6899129973026,1.0988360008923337,10.739721998106688,0.34553700243122876,14
260830,0,b,154,10,12.25758800865151,1.0410830000182614,10.399104008683935,0.34556099853944033,7
260830,0,b,155,11,12.468599001294933,1.053950996720232,10.587465993012302,0.3635930042946711,6
260830,0,b,156,12,12.570702994707972,1.1420869996072724,10.609146003844216,0.35165000008419156,8
260830,0,b,157,13,12.579710004501976,1.0854409920284525,10.657683000317775,0.35293200926389545,3
260830,0,b,158,14,12.485261002439074,1.034615997923538,10.679129001800902,0.28786499751731753,0
260830,0,b,159,15,12.86723899829667,1.161525011411868,10.850093007320538,0.350860005710274,4
260830,0,b,160,0,12.68171401170548,1.076534012099728,10.756898991530761,0.35543499689083546,12
260830,0,b,161,1,12.809571999241598,1.1131020000902936,10.848635996808298,0.3538249875418842,1
260830,0,b,162,2,12.457561999326572,1.0692270006984472,10.547736004809849,0.3500909951981157,7
260830,0,b,163,3,12.680209998507053,1.2218129995744675,10.636224003974348,0.3474080003798008,2
260830,0,b,164,4,12.40062499709893,1.0355420090490952,10.542949996306561,0.34758300171233714,3
260830,0,b,165,5,12.545834004413337,1.0535620094742626,10.655218997271731,0.34353899536654353,1
260830,0,b,166,6,12.415916004101746,1.0477300093043596,10.53859900275711,0.35444600507616997,2
260830,0,b,167,7,12.67677400028333,1.0750749934231862,10.767857995233499,0.35014000604860485,3
260830,0,b,168,8,12.57683100993745,1.0730109934229404,10.651651988155209,0.3631589934229851,6
260830,0,b,169,9,12.847341000451706,1.102144000469707,10.882895003305748,0.3602499928092584,14
260830,0,b,170,10,12.487639003666118,1.0784810001496226,10.577332999673672,0.3410600038478151,7
260830,0,b,171,11,12.498174008214846,1.0481389908818528,10.610156998154707,0.35182600549887866,6
260830,0,b,172,12,12.671700009377673,1.2378399987937883,10.611468998831697,0.33649000397417694,8
260830,0,b,173,13,12.09731500421185,1.000263000605628,10.31127200985793,0.3286800056230277,3
260830,0,b,174,14,11.943867997615598,0.9363100107293576,10.32146999204997,0.2620390005176887,0
260830,0,b,175,15,12.44861500163097,1.0977130004903302,10.57295200007502,0.3506479988573119,4
260830,0,b,176,0,12.078268991899677,1.0211080079898238,10.278961999574676,0.32698399445507675,12
260830,0,b,177,1,12.03152199741453,1.0009160032495856,10.286317992722616,0.32367100357078016,1
260830,0,b,178,2,12.0598829962546,0.9752049954840913,10.326738993171602,0.32774799910839647,7
260830,0,b,179,3,12.263660988537595,1.096612002584152,10.39673900231719,0.33822499972302467,2
260830,0,b,180,4,12.191974004963413,1.0221430129604414,10.37836899922695,0.3395890089450404,3
260830,0,b,181,5,12.05646999005694,0.9889890061458573,10.285243988619186,0.32985900179482996,1
260830,0,b,182,6,12.292116007301956,0.9996849985327572,10.491269000340253,0.35777299490291625,2
260830,0,b,183,7,12.553698994452134,1.0980150109389797,10.642042005201802,0.3486740024527535,3
260830,0,b,184,8,12.348208008916117,1.0567740100668743,10.473617992829531,0.3501089959172532,6
260830,0,b,185,9,12.434878997737542,1.0730949870776385,10.541572992224246,0.34718400274869055,14
260830,0,b,186,10,12.445604006643407,1.0378969891462475,10.57347099413164,0.34724100260064006,7
260830,0,b,187,11,12.055282990331762,1.0220460098935291,10.252876003505662,0.32597099198028445,6
260830,0,b,188,12,12.095122001483105,1.087487005861476,10.259835995384492,0.3278709918959066,8
260830,0,b,189,13,12.18322200293187,0.9837190009420738,10.430708003696054,0.34007900103461,3
260830,0,b,190,14,12.103781002224423,0.9994040010496974,10.385839006630704,0.26463800168130547,0
260830,0,b,191,15,12.27762499183882,1.0692229989217594,10.416359000373632,0.3483379987301305,4
260830,0,b,192,0,12.322239999775775,1.043914002366364,10.444693005410954,0.35092800681013614,12
260830,0,b,193,1,12.460821002605371,1.0841009934665635,10.565207994659431,0.34339900594204664,1
260830,0,b,194,2,12.396905003697611,1.044128992361948,10.521705000428483,0.3551819972926751,7
260830,0,b,195,3,12.7287659997819,1.1794809979619458,10.713899988331832,0.3504290070850402,2
260830,0,b,196,4,12.407515998347662,1.0723710001911968,10.496543007320724,0.349067006027326,3
260830,0,b,197,5,12.212607005494647,1.0294419917045161,10.38350300223101,0.33582501055207103,1
260830,0,b,198,6,12.160227008280344,1.0179389937547967,10.359381994931027,0.33346300187986344,2
260830,0,b,199,7,12.164633997599594,1.0248830076307058,10.359930995036848,0.3401119902264327,3
260830,0,c,0,0,25.69023400428705,1.105117000406608,23.152438006945886,0.9390350023750216,14
260830,0,c,1,1,25.777470000321046,1.157733000582084,23.193432003608905,0.9247590060112998,1
260830,0,c,2,2,25.767439990886487,1.1337440082570538,23.177603987278417,0.9478819993091747,5
260830,0,c,3,3,25.788717000978068,1.236159005202353,23.12942998833023,0.922701001400128,2
260830,0,c,4,4,25.67617599561345,1.1440850066719577,23.098663994460367,0.9284399857278913,4
260830,0,c,5,5,25.65273600339424,1.1390180006856099,23.050005998811685,0.9628010011510924,2
260830,0,c,6,6,25.666505011031404,1.1089550098404288,23.11138300865423,0.9498720028204843,2
260830,0,c,7,7,25.696901997434907,1.1473500053398311,23.120650002965704,0.9335159993497655,3
260830,0,c,8,8,25.57134001108352,1.098897002520971,23.067392001394182,0.9206319955410436,7
260830,0,c,9,9,25.455755996517837,1.0759899887489155,22.978524008067325,0.9236590121872723,16
260830,0,c,10,10,25.515446002827957,1.0881540074478835,23.018047999357805,0.9284989937441424,7
260830,0,c,11,11,25.459006006713025,1.0990820010192692,22.953862004214898,0.9237919875886291,5
260830,0,c,12,12,25.708442000905052,1.2284340045880526,23.07515501161106,0.9257230121875182,8
260830,0,c,13,13,25.66588399349712,1.120824003010057,23.11283200106118,0.9313100017607212,2
260830,0,c,14,14,25.59278799162712,1.0817739967023954,23.11162100522779,0.9091669926419854,1
260830,0,c,15,15,25.736112002050504,1.1639840085990727,23.14011999987997,0.9424460004083812,5
260830,0,c,16,0,25.698173994896933,1.120556000387296,23.14983900578227,0.927665998460725,14
260830,0,c,17,1,25.837061999482103,1.139813000918366,23.286622992600314,0.9162849892163649,1
260830,0,c,18,2,25.81404900411144,1.1173960083397105,23.251338003319688,0.9462109883315861,5
260830,0,c,19,3,25.8729249908356,1.2197530013509095,23.231072002090514,0.9226940019289032,2
260830,0,c,20,4,25.670361996162683,1.1022149992641062,23.146944004110992,0.9255949989892542,4
260830,0,c,21,5,25.639753992436454,1.0998549987562,23.108328998205252,0.9344400023110211,2
260830,0,c,22,6,25.93064100074116,1.1148949997732416,23.361672996543348,0.9478480060352013,2
260830,0,c,23,7,25.8541899966076,1.1737860040739179,23.220258997753263,0.95314001373481,3
260830,0,c,24,8,25.82561899907887,1.127505995100364,23.242851995746605,0.9550980030326173,7
260830,0,c,25,9,25.6574570084922,1.108521013520658,23.13841599971056,0.9246409899787977,16
260830,0,c,26,10,25.701929989736527,1.0992949974024668,23.183544995845295,0.9301389945903793,7
260830,0,c,27,11,25.82222199998796,1.1005749984178692,23.301692999666557,0.9310680034104735,5
260830,0,c,28,12,26.395474997116253,1.2523750046966597,23.68315399507992,0.9614640002837405,8
260830,0,c,29,13,26.157725005759858,1.1404929973650724,23.5457879898604,0.9671280131442472,2
260830,0,c,30,14,25.914500991348177,1.0817280126502737,23.400994992698543,0.9284650004701689,1
260830,0,c,31,15,25.96449200063944,1.1707119992934167,23.35323698935099,0.9485339978709817,5
260830,0,c,32,0,25.904314999934286,1.097702988772653,23.35077300085686,0.9509079973213375,14
260830,0,c,33,1,25.97037701343652,1.1470190074760467,23.38427100039553,0.9371140040457249,1
260830,0,c,34,2,26.429855992319062,1.1676460126182064,23.825387994293123,0.9330769971711561,5
260830,0,c,35,3,26.522393003688194,1.2228629930177703,23.848801996791735,0.9581670019542798,2
260830,0,c,36,4,25.95794700027909,1.088682998670265,23.361655010376126,1.002993987640366,4
260830,0,c,37,5,26.325465994887054,1.0714660020312294,23.80381300463341,0.9420580026926473,2
260830,0,c,38,6,26.144082003156655,1.1128549958812073,23.636544996406883,0.9029770008055493,2
260830,0,c,39,7,25.430954003240913,1.055746994097717,23.015943996142596,0.9088319930015132,3
260830,0,c,40,8,25.98571999988053,1.0229689942207187,23.587604009662755,0.912556002731435,7
260830,0,c,41,9,25.74560299399309,1.035937006236054,23.35353298985865,0.8989810012280941,16
260830,0,c,42,10,25.906704991939478,1.034592991345562,23.482991993660107,0.9320940007455647,7
260830,0,c,43,11,25.682822000817396,1.0417119920020923,23.29125499818474,0.8895690116332844,5
260830,0,c,44,12,25.78892299789004,1.1685569916153327,23.200980998808518,0.955213006818667,8
260830,0,c,45,13,25.920429994584993,1.0857750021386892,23.364991997368634,0.9479769942117855,2
260830,0,c,46,14,25.933224009349942,1.0856729932129383,23.401526996167377,0.9434649982722476,1
260830,0,c,47,15,25.957141013350338,1.1819009960163385,23.30848299607169,0.9582519996911287,5
260830,0,c,48,0,26.064549005241133,1.1129390040878206,23.482803007937036,0.9528369992040098,14
260830,0,c,49,1,25.81303199985996,1.1320449993945658,23.269274999620393,0.9181139903375879,1
260830,0,c,50,2,25.77450299577322,1.1071859917137772,23.224917007610202,0.9417539986316115,5
260830,0,c,51,3,25.89180099312216,1.2009100028080866,23.267883007065393,0.9283990075346082,2
260830,0,c,52,4,25.771547996555455,1.1036720097763464,23.21667000069283,0.9492209937889129,4
260830,0,c,53,5,25.7039599964628,1.1027220025425777,23.168416999396868,0.9436929976800457,2
260830,0,c,54,6,25.696947006508708,1.0840210015885532,23.161859004176222,0.9273899922845885,2
260830,0,c,55,7,25.782219003303908,1.1554469965631142,23.19218400225509,0.9358519891975448,3
260830,0,c,56,8,25.876291998429224,1.0731419897638261,23.35222699912265,0.9478870051680133,7
260830,0,c,57,9,26.029258995549753,1.1192300007678568,23.4575600043172,0.9482349996687844,16
260830,0,c,58,10,25.898085004882887,1.1076610098825768,23.348458009422757,0.9373940119985491,7
260830,0,c,59,11,25.878109998302534,1.1088879982708022,23.341167005128227,0.9318100055679679,5
260830,0,c,60,12,25.93735400296282,1.2165079970145598,23.274938997928984,0.9468520001973957,8
260830,0,c,61,13,25.983493993408047,1.124120011809282,23.416771000484005,0.9440080029889941,2
260830,0,c,62,14,25.988411987782456,1.1067549930885434,23.4404299990274,0.9305020066676661,1
260830,0,c,63,15,26.003414997830987,1.1926720035262406,23.37078501295764,0.9343780111521482,5
260830,0,c,64,0,26.079390008817427,1.1171509977430105,23.495250003179535,0.9663829987403005,14
260830,0,c,65,1,25.894417995004915,1.1630649969447404,23.297449995880015,0.9284099942306057,1
260830,0,c,66,2,25.679447993752547,1.0952480079140514,23.167003004346043,0.9256519988412037,5
260830,0,c,67,3,25.890729011734948,1.4139060076558962,23.076740006217733,0.9085320052690804,2
260830,0,c,68,4,25.71389899821952,1.0305089963367209,23.256694999872707,0.9458460117457435,4
260830,0,c,69,5,25.70926700718701,1.0405009961687028,23.185437996289693,0.9376529924338683,2
260830,0,c,70,6,25.58318899536971,1.0488059924682602,23.050714007695206,0.9337340015918016,2
260830,0,c,71,7,25.60744200309273,1.0636910010362044,23.0839910072973,0.9292530012317002,3
260830,0,c,72,8,25.647793998359703,1.0291520011378452,23.163759004091844,0.9213790035573766,7
260830,0,c,73,9,25.79839900135994,1.0328450007364154,23.2992869860027,0.9332149929832667,16
260830,0,c,74,10,25.88639099849388,1.0390450042905286,23.371272007352673,0.9274050098611042,7
260830,0,c,75,11,25.62201399996411,1.034613000229001,23.08410899422597,0.9413579973625019,5
260830,0,c,76,12,25.924532994395122,1.4120010018814355,23.024883994366974,0.9362260025227442,8
260830,0,c,77,13,25.6635300029302,1.0367670038249344,23.157164003350772,0.9182009962387383,2
260830,0,c,78,14,25.798361995839514,1.0108300048159435,23.34096199774649,0.9095209970837459,1
260830,0,c,79,15,25.95863299211487,1.2077039864379913,23.311913013458252,0.9365899895783514,5
260830,0,c,80,0,25.881617999402806,1.0434860014356673,23.422582002240233,0.9252740128431469,14
260830,0,c,81,1,25.4789860046003,1.0656829981599003,22.992420999798924,0.8776100003160536,1
260830,0,c,82,2,25.127419008640572,0.9725209965836257,22.79210499546025,0.8667149959364906,5
260830,0,c,83,3,25.41803401254583,1.2382699933368713,22.877690993482247,0.8827879937598482,2
260830,0,c,84,4,25.355814010254107,0.9298150107497349,23.03371299058199,0.8991630020318553,4
260830,0,c,85,5,25.84991201001685,1.0014569998020306,23.39498299988918,0.9258669888367876,2
260830,0,c,86,6,25.681669998448342,1.0271280043525621,23.172761997557245,0.9406489989487454,2
260830,0,c,87,7,25.86779900593683,1.0764920007204637,23.28385900182184,0.9567870001774281,3
260830,0,c,88,8,26.34799899533391,1.0338300053263083,23.76524500141386,0.9525279892841354,7
260830,0,c,89,9,26.322325997170992,1.0571570019237697,23.734792004688643,0.9634460002416745,16
260830,0,c,90,10,26.132020997465588,1.0487070103408769,23.64822500385344,0.9471130033489317,7
260830,0,c,91,11,25.97822400275618,1.0560199880274013,23.411269998177886,0.9498550061834976,5
260830,0,c,92,12,26.075043992022984,1.1892539914697409,23.374038995825686,0.9391089988639578,8
260830,0,c,93,13,25.86364200396929,1.0698389960452914,23.32562700030394,0.91557799896691,2
260830,0,c,94,14,25.530122991767712,0.9574769937898964,23.190545005491003,0.8627560018794611,1
260830,0,c,95,15,25.753077992703766,1.1344840022502467,23.226409990456887,0.8990570058813319,5
260830,0,c,96,0,25.446218001889065,0.934654992306605,23.12784901005216,0.8921310072764754,14
260830,0,c,97,1,25.37196000048425,0.989135995041579,23.031614007777534,0.8643579931231216,1
260830,0,c,98,2,25.47617100935895,0.9599820041330531,23.13943199987989,0.8924480061978102,5
260830,0,c,99,3,25.836988002993166,1.1124979937449098,23.376569006359205,0.8593120001023635,2
260830,0,c,100,4,25.309984004707076,0.941696998779662,23.06191901152488,0.8788199920672923,4
260830,0,c,101,5,25.41742500034161,0.9961850009858608,23.089973008609377,0.9070090018212795,2
260830,0,c,102,6,25.377752011991106,0.9375359950354323,23.112599999876693,0.8854960033204406,2
260830,0,c,103,7,25.50568399601616,1.0392380063422024,23.130123008741066,0.9089389932341874,3
260830,0,c,104,8,25.291902013123035,0.9449950011912733,23.036523998598568,0.8769340056460351,7
260830,0,c,105,9,25.53856400481891,0.9914209949783981,23.23792099195998,0.8894880011212081,16
260830,0,c,106,10,25.406985994777642,0.9407960023963824,23.155920003773645,0.889914997969754,7
260830,0,c,107,11,25.522230003844015,1.0085120011353865,23.17897800821811,0.9047860075952485,5
260830,0,c,108,12,26.07771899783984,1.159715000540018,23.425606996170245,0.9440259891562164,8
260830,0,c,109,13,26.155270999879576,1.055512999300845,23.63342000171542,0.9319519886048511,2
260830,0,c,110,14,26.074883004184812,0.9749220043886453,23.648793998290785,0.903405001736246,1
260830,0,c,111,15,26.115649001440033,1.1183449969394132,23.59396099927835,0.9438940032850951,5
260830,0,c,112,0,25.884407994453795,0.9825860033743083,23.50114101136569,0.9293269977206364,14
260830,0,c,113,1,26.366610996774398,1.058566995197907,23.832632999983616,0.9189389966195449,1
260830,0,c,114,2,26.281272002961487,1.035199995385483,23.742538003716618,0.9538219892419875,5
260830,0,c,115,3,26.232889998937026,1.255538998520933,23.48803599306848,0.9390609920956194,2
260830,0,c,116,4,25.91517700057011,1.0177109943469986,23.416602998622693,0.9323660051450133,4
260830,0,c,117,5,25.904314999934286,1.0094210010720417,23.40118600113783,0.9481470042373985,2
260830,0,c,118,6,25.918229992385022,1.0350670054322109,23.398730001645163,0.9374700020998716,2
260830,0,c,119,7,26.159995002672076,1.069177989847958,23.620838997885585,0.9341319964732975,3
260830,0,c,120,8,26.130570011446252,1.0261990100843832,23.595794002176262,0.9602810023352504,7
260830,0,c,121,9,25.995328003773466,1.0476469906279817,23.517626992543228,0.9518919978290796,16
260830,0,c,122,10,25.8805939956801,1.0300880094291642,23.406512991641648,0.9188670082949102,7
260830,0,c,123,11,25.740962999407202,1.0162560065509751,23.363879998214543,0.9145070071099326,5
260830,0,c,124,12,25.69584100274369,1.1054469941882417,23.281831003259867,0.8805410034256056,8
260830,0,c,125,13,25.548407997121103,0.9448179916944355,23.225614000693895,0.9089380037039518,2
260830,0,c,126,14,25.949881004635245,0.9379640105180442,23.657376994378865,0.9073580004042014,1
260830,0,c,127,15,26.316443996620364,1.1806069960584864,23.686890010139905,0.9299990051658824,5
260830,0,c,128,0,26.083681994350627,0.9892550006043166,23.619771003723145,0.9243589884135872,14
260830,0,c,129,1,25.967022011172958,1.0371550015406683,23.56764700380154,0.9045570041052997,1
260830,0,c,130,2,26.23340599529911,1.01942200853955,23.724439000943676,0.9693890024209395,5
260830,0,c,131,3,27.280183989205398,1.29477700102143,24.482816996169277,0.9423729934496805,2
260830,0,c,132,4,26.717743996414356,1.054617008776404,24.147216987330467,0.9635839960537851,4
260830,0,c,133,5,26.65828999306541,1.0182289988733828,24.109486999805085,0.9814349905354902,2
260830,0,c,134,6,26.593570000841282,1.069075005943887,24.040798991336487,0.929557005292736,2
260830,0,c,135,7,25.412417991901748,1.1225719936192036,22.898328010342084,0.9092300024349242,3
260830,0,c,136,8,25.30113900138531,1.0517159971641377,22.854449998703785,0.923635991057381,7
260830,0,c,137,9,25.376657999004237,1.066759999957867,22.92310200573411,0.9079129958990961,16
260830,0,c,138,10,25.386209003045224,1.0543290118221194,22.94186598737724,0.9140229958575219,7
260830,0,c,139,11,25.3007860010257,1.0816950089065358,22.821283011580817,0.9147329983534291,5
260830,0,c,140,12,25.631456999690272,1.1912079935427755,23.047763999784365,0.9142159979091957,8
260830,0,c,141,13,25.717002994497307,1.1255480058025569,23.1656599935377,0.9297420037910342,2
260830,0,c,142,14,25.617595005314797,1.0745100007625297,23.1427450053161,0.9082530013984069,1
260830,0,c,143,15,25.560823996784166,1.1444439878687263,22.990812998614274,0.9310000023106113,5
260830,0,c,144,0,25.66795700113289,1.0702620056690648,23.172636007075198,0.9304069972131401,14
260830,0,c,145,1,25.72201799193863,1.1383050004951656,23.18065401050262,0.9077779977815226,1
260830,0,c,146,2,25.64033100497909,1.0986139968736097,23.111881004297175,0.9320359968114644,5
260830,0,c,147,3,26.03212399117183,1.2169690016889945,23.395677999360487,0.9250790026271716,2
260830,0,c,148,4,25.606469993363135,1.1030139867216349,23.078101992723532,0.9194180020131171,4
260830,0,c,149,5,25.612580007873476,1.091464000637643,23.098639998352155,0.9270179871236905,2
260830,0,c,150,6,25.830626997048967,1.0951919975923374,23.297243998968042,0.9436730033485219,2
260830,0,c,151,7,25.61041600711178,1.1305230000289157,23.076825993484817,0.9181700006593019,3
260830,0,c,152,8,25.412112998310477,1.0580750094959512,22.940237991861068,0.9232500015059486,7
260830,0,c,153,9,25.33881799899973,1.0841369949048385,22.871039996971376,0.9072919929167256,16
260830,0,c,154,10,25.349610004923306,1.056866007274948,22.898909999639727,0.9169840050162748,7
260830,0,c,155,11,25.350281997816637,1.0798459989018738,22.879270996781997,0.912277988390997,5
260830,0,c,156,12,25.485022997600026,1.1785990063799545,22.912303989869542,0.9114499989664182,8
260830,0,c,157,13,25.447145002544858,1.0966089903376997,22.95049000531435,0.9194960002787411,2
260830,0,c,158,14,25.371608993737027,1.0484909871593118,22.938514011912048,0.9041570010595024,1
260830,0,c,159,15,25.460592994932085,1.151862001279369,22.89966499665752,0.9206270042341202,5
260830,0,c,160,0,25.421970000024885,1.0642709967214614,22.972695995122194,0.9034709946718067,14
260830,0,c,161,1,25.320032000308856,1.0919100022874773,22.866271989187226,0.8872409962350503,1
260830,0,c,162,2,25.450101005844772,1.1026009888155386,22.9672879941063,0.9090460080187768,5
260830,0,c,163,3,25.642105989390984,1.1837979982374236,23.063465996528976,0.9147700038738549,2
260830,0,c,164,4,25.535412001772784,1.1007080029230565,23.0234300106531,0.925986998481676,4
260830,0,c,165,5,25.688535999506712,1.1099300027126446,23.15561300201807,0.9238439961336553,2
260830,0,c,166,6,25.660343992058188,1.0971929877996445,23.143051002989523,0.9264330001315102,2
260830,0,c,167,7,25.75729000091087,1.140025007771328,23.197476999484934,0.9277579956687987,3
260830,0,c,168,8,25.641393003752455,1.0799539886647835,23.131202993681654,0.9253009920939803,7
260830,0,c,169,9,25.73461100109853,1.097593005397357,23.212252999655902,0.9316570067312568,16
260830,0,c,170,10,25.82904600421898,1.1072260094806552,23.27205298934132,0.9497499995632097,7
260830,0,c,171,11,25.783537988900207,1.107538992073387,23.237344008521177,0.9365400037495419,5
260830,0,c,172,12,25.88053999352269,1.2106569920433685,23.24622799642384,0.9294510091422126,8
260830,0,c,173,13,25.74215600907337,1.108351003495045,23.200533003546298,0.9332690096925944,2
260830,0,c,174,14,25.69398000196088,1.0748600034276024,23.19530899694655,0.9107520018005744,1
260830,0,c,175,15,25.831007995293476,1.162568005383946,23.237443005200475,0.9361920092487708,5
260830,0,c,176,0,25.75294599228073,1.104345006751828,23.229639991768636,0.9229530114680529,14
260830,0,c,177,1,25.67082000314258,1.1338290059939027,23.122080994653516,0.9303349943365902,1
260830,0,c,178,2,25.78052099852357,1.1134699889225885,23.23701100249309,0.9304659906774759,5
260830,0,c,179,3,25.87139399838634,1.2129259994253516,23.242330993525684,0.9133860003203154,2
260830,0,c,180,4,25.64707699639257,1.1025929998140782,23.118066994356923,0.9283240069635212,4
260830,0,c,181,5,25.59534199826885,1.0931209981208667,23.081239007296972,0.9340670076198876,2
260830,0,c,182,6,25.681047001853585,1.1128710029879585,23.134964008932002,0.9327679872512817,2
260830,0,c,183,7,25.7331799948588,1.143942994531244,23.175558002549224,0.9224550012731925,3
260830,0,c,184,8,25.60463901318144,1.094203005777672,23.092518997145817,0.9288790024584159,7
260830,0,c,185,9,25.78051200543996,1.1078829993493855,23.236353998072445,0.9420620044693351,16
260830,0,c,186,10,25.803128999541514,1.1090820044046268,23.255279011209495,0.9433880040887743,7
260830,0,c,187,11,25.837605993729085,1.1242770124226809,23.303764988668263,0.9243660024367273,5
260830,0,c,188,12,25.716187999933027,1.2091059907106683,23.085590000846423,0.9247560083167627,8
260830,0,c,189,13,25.643813001806848,1.1108389880973846,23.118220997275785,0.9245209948858246,2
260830,0,c,190,14,25.544358999468386,1.073916006134823,23.05843999783974,0.9218040067935362,1
260830,0,c,191,15,25.87102800316643,1.1844269902212545,23.25653299340047,0.9284240077249706,5
260830,0,c,192,0,25.825286997132935,1.0967359994538128,23.305814000195824,0.9302179969381541,14
260830,0,c,193,1,25.666802990599535,1.136927996412851,23.12585400068201,0.9056319977389649,1
260830,0,c,194,2,25.60546800668817,1.1070280015701428,23.08430398989003,0.9230630093952641,5
260830,0,c,195,3,25.65791198867373,1.2135790020693094,23.033949008095078,0.9247460111510009,2
260830,0,c,196,4,25.721714002429508,1.1080789990955964,23.186410995549522,0.9337170049548149,4
260830,0,c,197,5,25.66013600153383,1.087592012481764,23.153567002736963,0.9264300024369732,2
260830,0,c,198,6,25.745923005160876,1.1038499942515045,23.195623987703584,0.9545339999021962,2
260830,0,c,199,7,25.823481002589688,1.1551619973033667,23.23773899115622,0.9398859983775765,3
260830,0,d,0,0,25.45328599808272,1.0891340061789379,23.524087999248877,0.3330430045025423,12
260830,0,d,1,1,25.403267005458474,1.1255549907218665,23.45577100641094,0.3304249985376373,1
260830,0,d,2,2,25.3252109978348,1.1121019924758002,23.386006010696292,0.32809399999678135,7
260830,0,d,3,3,25.57912000338547,1.2067400093656033,23.55634100968018,0.3242009988753125,2
260830,0,d,4,4,25.38552500482183,1.1204799957340583,23.440237986505963,0.3298350056866184,3
260830,0,d,5,5,25.358632003189996,1.091562007786706,23.44489499228075,0.33138001163024455,2
260830,0,d,6,6,25.363029999425635,1.1014049960067496,23.443194993888028,0.32467799610458314,2
260830,0,d,7,7,25.50498300115578,1.1539179977262393,23.537033004686236,0.32272600219585,3
260830,0,d,8,8,25.27986500354018,1.0810009989654645,23.393028997816145,0.3181159991072491,7
260830,0,d,9,9,25.169262997223996,1.0681010026019067,23.30196699767839,0.3200930077582598,14
260830,0,d,10,10,25.15919199504424,1.0724429885158315,23.259547000634484,0.32800500048324466,7
260830,0,d,11,11,25.15452800435014,1.097533997381106,23.24726400547661,0.326927998685278,3
260830,0,d,12,12,25.398939003935084,1.1729490070138127,23.42860199860297,0.3193360025761649,8
260830,0,d,13,13,25.23217700945679,1.0925539972959086,23.326173992245458,0.32251799711957574,3
260830,0,d,14,14,25.007696996908635,1.0469529952388257,23.167498991824687,0.31093899451661855,1
260830,0,d,15,15,25.16364600160159,1.1193350073881447,23.236285996972583,0.3432949888519943,4
260830,0,d,16,0,25.142483005765826,1.091590995201841,23.24173400120344,0.32394699519500136,12
260830,0,d,17,1,25.199167997925542,1.1350489949109033,23.27700199384708,0.3137800085823983,1
260830,0,d,18,2,25.215447996743023,1.0817870061146095,23.328074006712995,0.32056300551630557,7
260830,0,d,19,3,25.207033002516255,1.1804730020230636,23.230713995872065,0.3169850097037852,2
260830,0,d,20,4,25.130196998361498,1.0563390096649528,23.270521996892057,0.3215629985788837,3
260830,0,d,21,5,25.108747009653598,1.060119000612758,23.23937499022577,0.32731200917623937,2
260830,0,d,22,6,25.048698007594794,1.0769710061140358,23.175859008915722,0.3204039967386052,2
260830,0,d,23,7,25.26564100116957,1.082845003111288,23.393580995616503,0.3213099989807233,3
260830,0,d,24,8,25.033085999893956,1.071078993845731,23.180023999884725,0.31558499904349446,7
260830,0,d,25,9,25.50822800549213,1.046920006047003,23.654089993215166,0.3327839949633926,14
260830,0,d,26,10,25.479827003437094,1.1307529930491,23.5228859964991,0.32979800016619265,7
260830,0,d,27,11,25.4526939970674,1.1281729966867715,23.487042999477126,0.3322059928905219,3
260830,0,d,28,12,25.551140992320143,1.211659997352399,23.49385900015477,0.32648700289428234,8
260830,0,d,29,13,25.421897997148335,1.0977509955409914,23.496901005273685,0.3291489992989227,3
260830,0,d,30,14,25.56142299727071,1.046644989401102,23.67303500068374,0.3366910095792264,1
260830,0,d,31,15,25.878881991957314,1.1721359915100038,23.87032099068165,0.3316699876450002,4
260830,0,d,32,0,25.89142399665434,1.0998199868481606,23.9526509976713,0.33217499731108546,12
260830,0,d,33,1,25.735706003615633,1.129688011133112,23.77334301127121,0.3279930097050965,1
260830,0,d,34,2,25.467644998570904,1.108855998609215,23.549178993562236,0.3234229952795431,7
260830,0,d,35,3,25.415972995688207,1.2055200058966875,23.38261899421923,0.33080299908760935,2
260830,0,d,36,4,24.765685011516325,1.0890020057559013,22.895290996530093,0.30862299900036305,3
260830,0,d,37,5,24.728536009206437,0.9822259889915586,23.001986992312595,0.30595899443142116,2
260830,0,d,38,6,24.733735001063906,0.968403008300811,23.000483997748233,0.3271220048191026,2
260830,0,d,39,7,25.37192100135144,1.075904001481831,23.511777995736338,0.322912004776299,3
260830,0,d,40,8,25.6636010017246,1.0799799929372966,23.768241007928737,0.32159799593500793,7
260830,0,d,41,9,25.205678000929765,1.0885780066018924,23.32368300994858,0.3165539965266362,14
260830,0,d,42,10,24.942372998339124,1.0360550077166408,23.133686001528986,0.3048390062758699,7
260830,0,d,43,11,24.931856998591684,0.9593219874659553,23.214258995722048,0.3188239934388548,3
260830,0,d,44,12,25.433715985855088,1.1805120011558756,23.4563810081454,0.3203090018359944,8
260830,0,d,45,13,25.554466003086418,1.0930330026894808,23.655686993151903,0.3270510060247034,3
260830,0,d,46,14,25.466530001722276,1.0534350003581494,23.588558004121296,0.3309159947093576,1
260830,0,d,47,15,26.06056300282944,1.1840200022561476,24.039673007791862,0.3321760013932362,4
260830,0,d,48,0,25.683031999506056,1.103290996979922,23.758829993312247,0.32401300268247724,12
260830,0,d,49,1,25.620771004469134,1.1327219981467351,23.584700989886187,0.39151999226305634,1
260830,0,d,50,2,25.624390997109003,1.1381950025679544,23.626980997505598,0.32865100365597755,7
260830,0,d,51,3,25.782926997635514,1.2017730041407049,23.755916001391597,0.33591499959584326,2
260830,0,d,52,4,25.499547002254985,1.104348004446365,23.5632039984921,0.33290999999735504,3
260830,0,d,53,5,25.56890000414569,1.11011799890548,23.616318008862436,0.32226099574472755,2
260830,0,d,54,6,25.599303990020417,1.1087759921792895,23.684871004661545,0.32531199394725263,2
260830,0,d,55,7,26.10329100571107,1.1481450055725873,24.100681010168046,0.3444210015004501,3
260830,0,d,56,8,25.625925001804717,1.1138749978272244,23.626068999874406,0.33981099841184914,7
260830,0,d,57,9,25.507259997539222,1.097062006010674,23.568676988361403,0.3342400013934821,14
260830,0,d,58,10,25.932589996955357,1.1111240019090474,23.97885599930305,0.32078100775834173,7
260830,0,d,59,11,25.39774299657438,1.1031080066459253,23.46305499668233,0.33167999936267734,3
260830,0,d,60,12,25.495919995591976,1.1973479995504022,23.479587005567737,0.3229380090488121,8
260830,0,d,61,13,25.52117800223641,1.1177959968335927,23.56550600961782,0.3342039999552071,3
260830,0,d,62,14,25.506915000732988,1.0759279975900427,23.602804998517968,0.3260640078224242,1
260830,0,d,63,15,25.574677987606265,1.1617440031841397,23.58108699263539,0.33051100035663694,4
260830,0,d,64,0,25.439292992814444,1.1093740031355992,23.49973599484656,0.32725901110097766,12
260830,0,d,65,1,25.45048600586597,1.1227409995626658,23.505721997935325,0.320167004247196,1
260830,0,d,66,2,25.49112300039269,1.1008209985448048,23.567857992020436,0.3236960037611425,7
260830,0,d,67,3,25.422127000638284,1.1960889969486743,23.397184995701537,0.3287559957243502,2
260830,0,d,68,4,25.354847995913588,1.0896820022026077,23.431169000105,0.33580099989194423,3
260830,0,d,69,5,25.1176510064397,1.082072005374357,23.221932991873473,0.32293300318997353,2
260830,0,d,70,6,25.22638300433755,1.038025991874747,23.370816998067312,0.33019100374076515,2
260830,0,d,71,7,25.49281800747849,1.1479899985715747,23.5181769967312,0.3275560011388734,3
260830,0,d,72,8,25.212662003468722,1.0900360066443682,23.296223997022025,0.32459299836773425,7
260830,0,d,73,9,25.304141992819495,1.0861780028790236,23.40327099955175,0.3298330120742321,14
260830,0,d,74,10,25.28998799971305,1.0847069934243336,23.401405996992253,0.322330990456976,7
260830,0,d,75,11,25.30174500134308,1.1133039952255785,23.3863720059162,0.32151100458577275,3
260830,0,d,76,12,25.645904999691993,1.175950004835613,23.647591995541006,0.32900000223889947,8
260830,0,d,77,13,25.362760003190488,1.111820005462505,23.43185100471601,0.3220790094928816,3
260830,0,d,78,14,25.390107999555767,1.0622319969115779,23.50109300459735,0.32375600130762905,1
260830,0,d,79,15,25.286138989031315,1.1431329912738875,23.340489002293907,0.3198199992766604,4
260830,0,d,80,0,25.345342990476638,1.0764890030259266,23.458231997210532,0.3229520079912618,12
260830,0,d,81,1,25.58833699731622,1.1187669879291207,23.659529004362412,0.3190040006302297,1
260830,0,d,82,2,25.725667001097463,1.0945319954771549,23.80538200668525,0.3329299943288788,7
260830,0,d,83,3,25.45911999186501,1.1999850103165954,23.44412099046167,0.3242410020902753,2
260830,0,d,84,4,25.379042999702506,1.0922609944827855,23.463859004550613,0.32823000219650567,3
260830,0,d,85,5,25.402313010999933,1.0974390024784952,23.473959998227656,0.331748989992775,2
260830,0,d,86,6,25.62969399150461,1.110858007450588,23.67497599334456,0.33425100264139473,2
260830,0,d,87,7,26.08060599595774,1.222560997121036,24.00601698900573,0.33027199970092624,3
260830,0,d,88,8,25.425371000892483,1.0965719993691891,23.50243300315924,0.3269360022386536,7
260830,0,d,89,9,25.447177002206445,1.1030579917132854,23.511994004365988,0.3332030028104782,14
260830,0,d,90,10,25.580625006114133,1.1110500054201111,23.625575995538384,0.3399069973966107,7
260830,0,d,91,11,25.67218399781268,1.120442000683397,23.704927996732295,0.33458998950663954,3
260830,0,d,92,12,25.71808799984865,1.2171160051366314,23.666736000450328,0.3334250068292022,8
260830,0,d,93,13,25.45693599677179,1.1170479992870241,23.51669799827505,0.3218930069124326,3
260830,0,d,94,14,25.25552999577485,1.0667199967429042,23.362145002465695,0.32103499688673764,1
260830,0,d,95,15,25.314197002444416,1.1495840008137748,23.343223001575097,0.3286680002929643,4
260830,0,d,96,0,25.518532987916842,1.0991110029863194,23.586199997225776,0.3384700103197247,12
260830,0,d,97,1,25.4247970005963,1.1624780017882586,23.423567006830126,0.32085699785966426,1
260830,0,d,98,2,25.282661998062395,1.0941950022242963,23.377663004794158,0.32098600058816373,7
260830,0,d,99,3,25.40860300359782,1.184431996080093,23.414690993377008,0.3219500067643821,2
260830,0,d,100,4,25.36117800627835,1.089088007574901,23.447416999260895,0.3257979988120496,3
260830,0,d,101,5,25.260654001613148,1.081365000572987,23.357544996542856,0.32921400270424783,2
260830,0,d,102,6,25.285269002779387,1.0670040064724162,23.406355001498014,0.32105900754686445,2
260830,0,d,103,7,25.320668995846063,1.1400310031604022,23.368005000520498,0.32072899921331555,3
260830,0,d,104,8,25.130091002210975,1.0524120007175952,23.268734992598183,0.33188299858011305,7
260830,0,d,105,9,25.50628100289032,1.1118739930680022,23.58205099881161,0.32543999259360135,14
260830,0,d,106,10,25.338275998365134,1.0883960057981312,23.426808998920023,0.3326050064060837,7
260830,0,d,107,11,25.21739799703937,1.0945129906758666,23.317433006013744,0.321864994475618,3
260830,0,d,108,12,25.29769299144391,1.1835559998871759,23.31550900998991,0.32169700716622174,8
260830,0,d,109,13,25.333167999633588,1.1010360030923039,23.41632299066987,0.3333909990033135,3
260830,0,d,110,14,25.39012000488583,1.0758660064311698,23.490449006203562,0.3268769942224026,1
260830,0,d,111,15,25.572341997758485,1.1519520048750564,23.59853600501083,0.33228000393137336,4
260830,0,d,112,0,25.466026010690257,1.0948890121653676,23.538604989880696,0.3299129894003272,12
260830,0,d,113,1,25.570751997292973,1.1189249926246703,23.61653500702232,0.33572298707440495,1
260830,0,d,114,2,25.706467000418343,1.0893519938690588,23.7740830052644,0.34228900040034205,7
260830,0,d,115,3,25.964401007513516,1.2244340032339096,23.90499599277973,0.33174300915561616,2
260830,0,d,116,4,25.610223994590342,1.108107011532411,23.665286993491463,0.32468199788127095,3
260830,0,d,117,5,25.503716999082826,1.100230001611635,23.564279996207915,0.3276730130892247,2
260830,0,d,118,6,25.558880995959044,1.1025499989045784,23.64148199558258,0.32319099409505725,2
260830,0,d,119,7,25.542413000948727,1.1359940108377486,23.57737500278745,0.33256599272135645,3
260830,0,d,120,8,25.65070500713773,1.1078680108767003,23.706518011749722,0.3356810047989711,7
260830,0,d,121,9,25.715705996844918,1.1138999980175868,23.75987300183624,0.3311300097266212,14
260830,0,d,122,10,25.467208994086832,1.0867819946724921,23.544689000118524,0.3251169982831925,7
260830,0,d,123,11,25.346481008455157,1.0920240019913763,23.425917999702506,0.3221669903723523,3
260830,0,d,124,12,25.57071299816016,1.1985799937974662,23.55024999997113,0.3291239991085604,8
260830,0,d,125,13,25.456592004047707,1.116744999308139,23.516532994108275,0.32853199809323996,3
260830,0,d,126,14,25.392767987796105,1.061350994859822,23.511783991125412,0.32097200164571404,1
260830,0,d,127,15,25.683105995994993,1.168509988929145,23.68308299628552,0.32630699570290744,4
260830,0,d,128,0,25.319449996459298,1.0778059950098395,23.41504600190092,0.3269680019002408,12
260830,0,d,129,1,25.289573008194566,1.1338269978296012,23.31763700931333,0.3339969989610836,1
260830,0,d,130,2,25.42538799752947,1.0923689987976104,23.506893005105667,0.3297220100648701,7
260830,0,d,131,3,25.513674001558684,1.2056810082867742,23.481300988350995,0.32962000113911927,2
260830,0,d,132,4,25.294876002590172,1.1078579991590232,23.37850199546665,0.32075900526251644,3
260830,0,d,133,5,25.201021009706892,1.0592269973130897,23.334918994805776,0.32730199745856225,2
260830,0,d,134,6,25.38989100139588,1.1006720014847815,23.446678009349853,0.33386600262019783,2
260830,0,d,135,7,25.496135000139475,1.1571300128707662,23.508607991971076,0.3233660099795088,3
260830,0,d,136,8,25.325317998067476,1.1115750094177201,23.39745000062976,0.321621002512984,7
260830,0,d,137,9,25.31075300066732,1.0910810087807477,23.407543005305342,0.33047900069504976,14
260830,0,d,138,10,25.283423994551413,1.0724989988375455,23.402408012771048,0.32327399821951985,7
260830,0,d,139,11,25.37453200784512,1.0854230058612302,23.464067999157123,0.3248559951316565,3
260830,0,d,140,12,25.517248999676667,1.2089289957657456,23.474989997339435,0.32411000574938953,8
260830,0,d,141,13,25.27725500112865,1.1065589933423325,23.351380004896782,0.32520300010219216,3
260830,0,d,142,14,25.333890996989794,1.07068799843546,23.44360800634604,0.3281110111856833,1
260830,0,d,143,15,25.486757993348874,1.163970009656623,23.484959005145356,0.3433840029174462,4
260830,0,d,144,0,25.698628000100143,1.1431849998189136,23.67239999875892,0.3435019898461178,12
260830,0,d,145,1,25.51980799762532,1.127764000557363,23.574655991978943,0.3235729964217171,1
260830,0,d,146,2,25.48483500140719,1.112672995077446,23.53896200656891,0.3262890095356852,7
260830,0,d,147,3,25.501091993646696,1.2032789963996038,23.466812999686226,0.3366330056451261,2
260830,0,d,148,4,25.477304006926715,1.0889549885177985,23.536498003522865,0.3369550104252994,3
260830,0,d,149,5,25.93709899520036,1.137401006417349,23.942215004353784,0.3416560066398233,2
260830,0,d,150,6,25.80170100554824,1.1114640074083582,23.842437003622763,0.34074900031555444,2
260830,0,d,151,7,25.624318994232453,1.1389809951651841,23.62484899640549,0.3637320041889325,3
260830,0,d,152,8,25.47650900669396,1.129716998548247,23.519461989053525,0.3251070011174306,7
260830,0,d,153,9,25.36977399722673,1.0812779946718365,23.48030699067749,0.32705299963708967,14
260830,0,d,154,10,25.463546990067698,1.0901750065386295,23.546505995909683,0.3276670031482354,7
260830,0,d,155,11,25.53501699003391,1.0938179912045598,23.621585991350003,0.3283609985373914,3
260830,0,d,156,12,25.416568998480216,1.1940559925278649,23.397496988764033,0.32781400659587234,8
260830,0,d,157,13,25.197841998306103,1.0880779882427305,23.315490994718857,0.3206039982615039,3
260830,0,d,158,14,25.236254004994407,1.0346789931645617,23.397431999910623,0.326498004142195,1
260830,0,d,159,15,25.523618009174243,1.1455030034994707,23.538610999821685,0.3433660021983087,4
260830,0,d,160,0,25.421775004360825,1.0759249998955056,23.52913199865725,0.32616300450172275,12
260830,0,d,161,1,25.334555000881664,1.1271260009380057,23.397467011818662,0.3186029935022816,1
260830,0,d,162,2,25.241865005227737,1.0926070099230856,23.323586996411905,0.3331949992571026,7
260830,0,d,163,3,25.49754000210669,1.2023640010738745,23.47624000685755,0.3319959942018613,2
260830,0,d,164,4,25.353360004373826,1.1148979974677786,23.398297009407543,0.3290780005045235,3
260830,0,d,165,5,25.415778000024147,1.080956993973814,23.52681799675338,0.325600994983688,2
260830,0,d,166,6,25.23617800034117,1.0985560074914247,23.3288099989295,0.3234030009480193,2
260830,0,d,167,7,25.48172300157603,1.0935390018858016,23.554751998744905,0.33038599940482527,3
260830,0,d,168,8,25.218850991223007,1.090948993805796,23.326688999077305,0.3177230100845918,7
260830,0,d,169,9,25.311085002613254,1.078475994290784,23.424449012964033,0.3238649951526895,14
260830,0,d,170,10,25.25730899651535,1.0822720068972558,23.34445499582216,0.3383330040378496,7
260830,0,d,171,11,25.40612999291625,1.1297809978714213,23.46283200313337,0.32329600071534514,3
260830,0,d,172,12,25.58999799657613,1.236778000020422,23.524825999629684,0.3261669917264953,8
260830,0,d,173,13,25.44988899899181,1.1116450041299686,23.51719100261107,0.323693995596841,3
260830,0,d,174,14,25.361088002682664,1.0754519898910075,23.460964002879336,0.3222980012651533,1
260830,0,d,175,15,25.540784001350403,1.1657610011752695,23.55392900062725,0.32513799669686705,4
260830,0,d,176,0,25.627498005633242,1.0888139950111508,23.713444999884814,0.32991399348247796,12
260830,0,d,177,1,25.530055005219765,1.14393699914217,23.56958900054451,0.3220590006094426,1
260830,0,d,178,2,25.43958400201518,1.128956995671615,23.467143008019775,0.33407899900339544,7
260830,0,d,179,3,25.53965999686625,1.1937380040762946,23.534478998044506,0.32212700170930475,2
260830,0,d,180,4,25.435406001633964,1.092891994630918,23.51126000576187,0.33250899286940694,3
260830,0,d,181,5,25.36797100037802,1.0975929908454418,23.449613989214413,0.32623800507280976,2
260830,0,d,182,6,25.25442400656175,1.0914989979937673,23.351110008661635,0.320539009408094,2
260830,0,d,183,7,25.191466993419454,1.1245360074099153,23.234669002704322,0.3289729938842356,3
260830,0,d,184,8,25.06813900254201,1.0807639919221401,23.186887003248557,0.3190079878550023,7
260830,0,d,185,9,25.205161990015768,1.082002985640429,23.325715999817476,0.3261559904785827,14
260830,0,d,186,10,25.135845004115254,1.0730580106610432,23.2625480130082,0.3195979952579364,7
260830,0,d,187,11,25.203518001944758,1.0754499962786213,23.32383299653884,0.3222939994884655,3
260830,0,d,188,12,25.307654999778606,1.1893049959326163,23.30149798945058,0.32641000871080905,8
260830,0,d,189,13,25.158046002616175,1.096819993108511,23.253947001649067,0.325530010741204,3
260830,0,d,190,14,25.151272013317794,1.0407710069557652,23.311591998208314,0.3226189874112606,1
260830,0,d,191,15,25.307821997557767,1.1554240045370534,23.339819003012963,0.32258899591397494,4
260830,0,d,192,0,25.334828009363264,1.0926070099230856,23.41617099591531,0.3277180076111108,12
260830,0,d,193,1,25.31840199662838,1.121316003263928,23.394406991428696,0.3148130053887144,1
260830,0,d,194,2,25.472547989920713,1.182542007882148,23.47143199585844,0.32616998942103237,7
260830,0,d,195,3,25.48016699438449,1.2075160047970712,23.44589699350763,0.33620200701989233,2
260830,0,d,196,4,25.38496200577356,1.1014240008080378,23.46522999869194,0.3224660031264648,3
260830,0,d,197,5,25.219263989129104,1.0866299999179319,23.315787999308668,0.32343799830414355,2
260830,0,d,198,6,25.26205001049675,1.0933309968095273,23.362581996480003,0.32403800287283957,2
260830,0,d,199,7,25.32972299377434,1.1330369889037684,23.386807995848358,0.3224690008210018,3
260831,0,a,0,0,12.236400987603702,1.0039529879577458,9.865781001280993,0.9271260059904307,15
260831,0,a,1,1,12.239037998369895,1.0354719997849315,9.884876999421977,0.8647759968880564,1
260831,0,a,2,2,11.89190600416623,0.94532199727837,9.682079005870037,0.8593329985160381,5
260831,0,a,3,3,12.536625989014283,1.0753219976322725,10.102561995154247,0.9465420007472858,2
260831,0,a,4,4,12.269483995623887,1.0275410022586584,9.82225600455422,0.953808004851453,4
260831,0,a,5,5,12.5536570121767,0.9938990115188062,10.147214998141862,0.9509299998171628,2
260831,0,a,6,6,12.294265994569287,1.026405006996356,9.863326995400712,0.9443690069019794,2
260831,0,a,7,7,12.665563001064584,1.073675011866726,10.167336004087701,0.9604899969417602,3
260831,0,a,8,8,12.016274995403364,1.0189899912802503,9.698424997623079,0.8484889985993505,8
260831,0,a,9,9,12.186613006633706,0.9005269967019558,9.94398100010585,0.9535900026094168,16
260831,0,a,10,10,12.224672012962401,1.0371149983257055,9.864742998615839,0.864132001879625,8
260831,0,a,11,11,12.114555996959098,0.9045410115504637,9.838473997660913,0.9690459992270917,4
260831,0,a,12,12,12.571450002724305,1.166392001323402,9.992702005547471,0.9311150060966611,8
260831,0,a,13,13,12.294572006794624,0.980615004664287,9.91136500670109,0.9555939905112609,2
260831,0,a,14,14,12.545803998364136,1.0207190061919391,10.123293002834544,0.9276060009142384,1
260831,0,a,15,15,12.498142998083495,1.0835420107468963,9.970808998332359,0.9829269984038547,5
260831,0,a,16,0,12.458712997613475,1.0270600032527,10.0310630077729,0.9308149892603979,15
260831,0,a,17,1,12.362672001472674,1.0153009934583679,9.940908988937736,0.9581199992680922,1
260831,0,a,18,2,12.494554990553297,1.0392399999545887,10.034709004685283,0.9515499987173826,5
260831,0,a,19,3,12.494661990785971,1.1357600014889613,9.916627997881733,0.964659993769601,2
260831,0,a,20,4,12.863815994933248,1.0885619994951412,10.27430199610535,0.9925409976858646,4
260831,0,a,21,5,12.66083400696516,1.0250330087728798,10.169978995691054,0.9721800015540794,2
260831,0,a,22,6,12.583964999066666,1.0454860021127388,10.065900001791306,0.9685080003691837,2
260831,0,a,23,7,12.593416002346203,1.0808859951794147,10.045003000413999,0.9908830106724054,3
260831,0,a,24,8,12.738080986309797,1.0672569915186614,10.207239000010304,0.9809680050238967,8
260831,0,a,25,9,12.60880300833378,1.0642729903338477,10.107683003298007,0.9648759878473356,16
260831,0,a,26,10,12.584969997988082,1.0409949900349602,10.101981009938754,0.956328003667295,8
260831,0,a,27,11,12.62409400078468,1.0099530045408756,10.14898500579875,0.9863559971563518,4
260831,0,a,28,12,12.85546699364204,1.1753590079024434,10.19761900533922,0.9895270050037652,8
260831,0,a,29,13,12.598233995959163,1.0833209962584078,10.066802991786972,0.9683570096967742,2
260831,0,a,30,14,12.52931599447038,1.0192859917879105,10.076924008899368,0.9508049988653511,1
260831,0,a,31,15,12.712113006273285,1.1128600017400458,10.135354998055845,0.9822299907682464,5
260831,0,a,32,0,12.623421003809199,1.0562149982433766,10.111587005667388,0.9649220010032877,15
260831,0,a,33,1,12.510932006989606,1.0710539936553687,10.018718006904237,0.94556700787507,1
260831,0,a,34,2,12.458283003070392,1.0418919991934672,9.990266000386328,0.9613060101401061,5
260831,0,a,35,3,12.925443996209651,1.1725579970516264,10.270536004099995,1.0039909975603223,2
260831,0,a,36,4,12.901053996756673,1.0759629949461669,10.33599500078708,0.9984260104829445,4
260831,0,a,37,5,12.746787004289217,1.061471994034946,10.217066999757662,0.9814969962462783,2
260831,0,a,38,6,12.679660008870997,1.046812001732178,10.142858998733573,1.0002169874496758,2
260831,0,a,39,7,12.803865000023507,1.132364006480202,10.178005002671853,0.9958709997590631,3
260831,0,a,40,8,12.592112994752824,1.0696130048017949,10.069928001030348,0.9507799986749887,8
260831,0,a,41,9,12.451653004973195,1.050097998813726,9.979722002753988,0.9465860057389364,16
260831,0,a,42,10,12.603693001437932,1.000827003736049,10.13459000387229,0.9933460096362978,8
260831,0,a,43,11,12.659881002036855,1.0568959987722337,10.138575002201833,0.9764769929461181,4
260831,0,a,44,12,12.887705001048744,1.1670929961837828,10.24242899438832,0.9874600073089823,8
260831,0,a,45,13,12.878836001618765,1.0860570037038997,10.302383001544513,0.9985820070141926,2
260831,0,a,46,14,12.809854000806808,1.0675020021153614,10.256164998281747,0.9782849956536666,1
260831,0,a,47,15,12.91354899876751,1.1309459951007739,10.285506999935023,0.9992450068239123,5
260831,0,a,48,0,12.831344007281587,1.0873489954974502,10.249614992062561,0.9916689887177199,15
260831,0,a,49,1,12.892234997707419,1.1135180102428421,10.275660999468528,0.9999650064855814,1
260831,0,a,50,2,12.82896198972594,1.1009799927705899,10.258380003506318,0.9773679921636358,5
260831,0,a,51,3,12.8061430004891,1.1632859968813136,10.147356006200425,1.0014850122388452,2
260831,0,a,52,4,12.836612004321069,1.0880159970838577,10.275227992678992,0.9838959958869964,4
260831,0,a,53,5,12.67717000155244,1.0604560084175318,10.091320000356063,1.0214929934591055,2
260831,0,a,54,6,12.793459012755193,1.0756179981399328,10.233602995867841,0.9891880035866052,2
260831,0,a,55,7,12.75402399187442,1.1120529961772263,10.146755987079814,1.0016930027632043,3
260831,0,a,56,8,12.722254992695525,1.060116002918221,10.201392011367716,0.9706780110718682,8
260831,0,a,57,9,12.5643680075882,1.0429599933559075,10.05638501374051,0.9789859905140474,16
260831,0,a,58,10,12.870039994595572,1.0731039947131649,10.305078001692891,0.988318002782762,8
260831,0,a,59,11,12.680756000918336,1.061955001205206,10.130504000699148,0.9936560090864077,4
260831,0,a,60,12,13.077180992695503,1.2037929991493002,10.375539000960998,0.9988420060835779,8
260831,0,a,61,13,12.801060001947917,1.1094189976574853,10.206532999291085,0.9869390050880611,2
260831,0,a,62,14,12.93667100253515,1.0744769970187917,10.365009002271108,0.9832750074565411,1
260831,0,a,63,15,12.829804996727034,1.1596809927141294,10.19435799389612,0.976900992100127,5
260831,0,a,64,0,12.792089997674339,1.062120994902216,10.24366200726945,0.995303998934105,15
260831,0,a,65,1,12.836721987696365,1.1145820026285946,10.248798003885895,0.9826660098042339,1
260831,0,a,66,2,12.66609899175819,1.0897869942709804,10.116641002241522,0.9694059990579262,5
260831,0,a,67,3,12.668024995946325,1.1539859988261014,10.095866993651725,0.9514340054010972,2
260831,0,a,68,4,12.648492003791034,1.0105889959959313,10.186473009525798,0.9789250034373254,4
260831,0,a,69,5,12.534070992842317,1.0458869946887717,10.044887007097714,0.9637960029067472,2
260831,0,a,70,6,12.557534995721653,1.023215998429805,10.091001997352578,0.9648600098444149,2
260831,0,a,71,7,12.583482995978557,1.0927429975708947,10.032913996838033,0.9734310006024316,3
260831,0,a,72,8,12.552386993775144,1.0328210046282038,10.056849991087802,0.9872669907053933,8
260831,0,a,73,9,12.880205002147704,1.078265006071888,10.317485997802578,0.9977659938158467,16
260831,0,a,74,10,12.74164799542632,1.0672150092432275,10.207928993622772,0.9762179979588836,8
260831,0,a,75,11,12.66457699239254,1.0455820010975003,10.150986010557972,0.9748839947860688,4
260831,0,a,76,12,12.847239995608106,1.1950259940931574,10.193523994530551,0.9692970052128658,8
260831,0,a,77,13,12.585798001964577,1.0461589990882203,10.09432299179025,0.966343010077253,2
260831,0,a,78,14,12.604318995727226,0.999968993710354,10.116253994056024,1.0011389967985451,1
260831,0,a,79,15,12.80435900844168,1.1246400099480525,10.207865008851513,0.9742260008351877,5
260831,0,a,80,0,12.500836004619487,1.042889998643659,10.007172008045018,0.9611559944460168,15
260831,0,a,81,1,12.442585997632705,1.0578179935691878,9.960203999071382,0.9587489912519231,1
260831,0,a,82,2,12.650064993067645,1.0540579969529063,10.136597993550822,0.9774159989319742,5
260831,0,a,83,3,12.61675999558065,1.1625920014921576,10.025586001574993,0.950763002038002,2
260831,0,a,84,4,12.620619003428146,1.0373090044595301,10.126870998647064,0.9772969933692366,4
260831,0,a,85,5,12.428254005499184,1.0539270006120205,9.980221002479084,0.9222900116583332,2
260831,0,a,86,6,12.046684001688845,0.9493590041529387,9.80229199922178,0.8759339980315417,2
260831,0,a,87,7,11.719550006091595,0.9654480090830475,9.534880009596236,0.829120006528683,3
260831,0,a,88,8,11.737584005459212,0.9163270005956292,9.588984001311474,0.872949996846728,8
260831,0,a,89,9,11.853457996039651,0.9325350110884756,9.659203991759568,0.8697059965925291,16
260831,0,a,90,10,11.688654994941317,0.8990639908006415,9.60004300577566,0.818168991827406,8
260831,0,a,91,11,11.629706001258455,0.8671499963384122,9.559889993397519,0.8520220144419,4
260831,0,a,92,12,12.797079005395062,1.0858250025194138,10.32526299240999,0.9804620058275759,8
260831,0,a,93,13,12.47327400778886,0.9956239955499768,10.075916987261735,0.9432560036657378,2
260831,0,a,94,14,12.231721004354768,0.99449600384105,9.873069007880986,0.9126359946094453,1
260831,0,a,95,15,12.31224300863687,1.0720860009314492,9.870416994090192,0.9335350041510537,5
260831,0,a,96,0,12.301867987844162,1.0103179956786335,9.91763299680315,0.9313769987784326,15
260831,0,a,97,1,12.368982992484234,1.018925991957076,9.952618012903258,0.9499040024820715,1
260831,0,a,98,2,12.276081994059496,1.0236319940304384,9.84287699975539,0.9393740037921816,5
260831,0,a,99,3,12.183533006464131,1.10763699922245,9.761292996699922,0.8718600001884624,2
260831,0,a,100,4,11.685156001476571,0.9010170033434406,9.565251995809376,0.8333370060427114,4
260831,0,a,101,5,11.745381998480298,0.8777629991527647,9.622654994018376,0.8858640067046508,2
260831,0,a,102,6,11.849087997688912,0.917971003218554,9.66556700586807,0.8738569886190817,2
260831,0,a,103,7,11.853465010062791,0.976224007899873,9.594884992111474,0.8939109975472093,3
260831,0,a,104,8,11.804717010818422,0.8867779979482293,9.624439990147948,0.9157290041912347,8
260831,0,a,105,9,12.159922000137158,0.9861639991868287,9.816475998377427,0.9185030066873878,16
260831,0,a,106,10,12.055354003678076,0.9730530000524595,9.725327996420674,0.9199019987136126,8
260831,0,a,107,11,12.035852007102221,0.9721320093376562,9.75568700232543,0.8833669999148697,4
260831,0,a,108,12,12.276287001441233,1.072516999556683,9.839752005063929,0.9409140038769692,8
260831,0,a,109,13,12.167926004622132,1.0283779993187636,9.807401002035476,0.8758339972700924,2
260831,0,a,110,14,11.81826600804925,0.9080300078494474,9.631360007915646,0.8752230060053989,1
260831,0,a,111,15,12.324573006480932,1.0574289917713031,9.904449005261995,0.9305319981649518,5
260831,0,a,112,0,12.106695998227224,0.9798849932849407,9.772867997526191,0.91368101129774,15
260831,0,a,113,1,12.42609100881964,1.0217410017503425,10.027686003013514,0.9380650008097291,1
260831,0,a,114,2,12.05832300183829,1.023394986987114,9.709395002573729,0.8753389993216842,5
260831,0,a,115,3,12.343733993475325,1.0671579948393628,9.925328005920164,0.9414259984623641,2
260831,0,a,116,4,12.061401008395478,0.9903780010063201,9.725869007525034,0.8915860089473426,4
260831,0,a,117,5,12.554854998597875,0.9368850005557761,10.210709006059915,0.9800579864531755,2
260831,0,a,118,6,12.307291995966807,1.0571669990895316,9.8851420043502,0.893686999916099,2
260831,0,a,119,7,12.566767007228918,1.0219990072073415,10.165871004574,0.9503880137344822,3
260831,0,a,120,8,12.228504012455232,1.0396629950264469,9.839933001785539,0.8915770013118163,8
260831,0,a,121,9,12.282310999580659,0.9602609934518114,9.936867994838394,0.9571449918439612,16
260831,0,a,122,10,12.151207003626041,1.0358900035498664,9.807693000766449,0.8539239934179932,8
260831,0,a,123,11,12.015715998131782,0.8924639987526461,9.828266003751196,0.9073130058823153,4
260831,0,a,124,12,12.145271000918001,1.1033509945264086,9.753170001204126,0.8656680001877248,8
260831,0,a,125,13,11.844907989143394,0.9145270014414564,9.65735899808351,0.8828040008665994,2
260831,0,a,126,14,12.04045799386222,0.9132090053753927,9.871998001472093,0.8607079944340512,1
260831,0,a,127,15,11.95472400286235,1.0115559998666868,9.695386004750617,0.8618580031907186,5
260831,0,a,128,0,11.922597012016922,0.8981389983091503,9.744562994455919,0.8952870120992884,15
260831,0,a,129,1,11.97517199034337,0.9988709934987128,9.71460399159696,0.8598839922342449,1
260831,0,a,130,2,11.752037011319771,0.9128109959419817,9.61904801079072,0.8409660076722503,5
260831,0,a,131,3,12.19557000149507,1.0538979986449704,9.87306100432761,0.8973500080173835,2
260831,0,a,132,4,11.916003000806086,0.95337801030837,9.691420011222363,0.8573469967814162,4
260831,0,a,133,5,11.6799700044794,0.8909739990485832,9.590633999323472,0.8247990044765174,2
260831,0,a,134,6,11.602528000366874,0.8700140024302527,9.539616003166884,0.8319610060425475,2
260831,0,a,135,7,11.938955998630263,0.9404890006408095,9.733874001540244,0.8939139952417463,3
260831,0,a,136,8,11.977654008660465,0.9401439892826602,9.743734000949189,0.8917679951991886,8
260831,0,a,137,9,11.818247992778197,0.9201259963447228,9.673203996499069,0.8398990030400455,16
260831,0,a,138,10,11.87575698713772,0.8843209943734109,9.720383997773752,0.894677999895066,8
260831,0,a,139,11,11.888393011759035,0.9542579937260598,9.675494002294727,0.851110991789028,4
260831,0,a,140,12,11.800819003838114,1.0390279931016266,9.588881002855487,0.8181339944712818,8
260831,0,a,141,13,11.63804400130175,0.8683289925102144,9.540334998746403,0.8766560058575124,2
260831,0,a,142,14,11.720255002728663,0.8566799951950088,9.655992005718872,0.8528189937351272,1
260831,0,a,143,15,11.950516010983847,1.0109049908351153,9.682240997790359,0.8673379925312474,5
260831,0,a,144,0,11.725924996426329,0.9183749934891239,9.588770000846125,0.8404340042034164,15
260831,0,a,145,1,11.920331002329476,0.9452020021853969,9.722331000375561,0.8796129986876622,1
260831,0,a,146,2,11.929293003049679,0.9700049995444715,9.688085003290325,0.8656610007165,5
260831,0,a,147,3,11.98547100648284,1.068038007360883,9.657475995481946,0.8557509863749146,2
260831,0,a,148,4,12.021602000459097,0.9113390115089715,9.805319001316093,0.8894450002117082,4
260831,0,a,149,5,11.855200995341875,0.9084070043172687,9.684532007668167,0.8638450090074912,2
260831,0,a,150,6,11.810900003183633,0.8976200042525306,9.681544994236901,0.8382999949390069,2
260831,0,a,151,7,11.883582003065385,0.944351006182842,9.685742988949642,0.8856599888531491,3
260831,0,a,152,8,11.77600100345444,0.9455230028834194,9.600819001207128,0.8377699996344745,8
260831,0,a,153,9,11.613755006692372,0.8857360080583021,9.534823999274522,0.8348859992111102,16
260831,0,a,154,10,11.83671499893535,0.8661589963594452,9.718911998788826,0.8738580072531477,8
260831,0,a,155,11,11.863046995131299,0.9206899994751438,9.707125995191745,0.842719993670471,4
260831,0,a,156,12,11.86224199773278,1.040917995851487,9.610710010747425,0.8403380052186549,8
260831,0,a,157,13,11.799967003753409,0.9096380090340972,9.625728009268641,0.8961919957073405,2
260831,0,a,158,14,11.936159004108049,0.9257310011889786,9.744366994709708,0.8602580055594444,1
260831,0,a,159,15,11.897015006979927,1.034713990520686,9.61735300370492,0.8472350018564612,5
260831,0,a,160,0,11.937080998905003,0.8936609956435859,9.769294993020594,0.8981999999377877,15
260831,0,a,161,1,11.825716006569564,0.9886059997370467,9.621971999877132,0.8117319957818836,1
260831,0,a,162,2,11.711168001056649,0.8990889909910038,9.605667000869289,0.8472920017084107,5
260831,0,a,163,3,12.0209869928658,1.0455500014359131,9.72369899682235,0.8784740057308227,2
260831,0,a,164,4,11.992807005299255,0.9526399953756481,9.741538000525907,0.8846169948810712,4
260831,0,a,165,5,11.79168799717445,0.9159740002360195,9.638631992856972,0.8432510076090693,2
260831,0,a,166,6,11.903669001185335,0.8901959954528138,9.729355995659716,0.9091130050364882,2
260831,0,a,167,7,12.223312995047309,1.0059959895443171,9.877278003841639,0.9181369969155639,3
260831,0,a,168,8,12.134434000472538,0.967965999734588,9.808054004679434,0.9247869893442839,8
260831,0,a,169,9,12.42537799407728,1.0177799995290115,10.011454010964371,0.9431750077055767,16
260831,0,a,170,10,12.242089011124335,0.9963219927158207,9.840993006946519,0.9526159992674366,8
260831,0,a,171,11,12.400987005094066,1.0012159909820184,10.000398004194722,0.9423980081919581,4
260831,0,a,172,12,12.203549995319918,1.114178987336345,9.740394991240464,0.8955680095823482,8
260831,0,a,173,13,12.26493698777631,1.003109005978331,9.894235001411289,0.9451689984416589,2
260831,0,a,174,14,12.151478003943339,0.9556860022712499,9.845692999078892,0.9107420046348125,1
260831,0,a,175,15,12.523875004262663,1.0647849994711578,10.048399009974673,0.9676360059529543,5
260831,0,a,176,0,12.275110988412052,1.0368100047344342,9.864430991001427,0.9111300023505464,15
260831,0,a,177,1,12.318134002271108,0.9985529904952273,9.931931010214612,0.9539319871691987,1
260831,0,a,178,2,12.246230995515361,1.0319970024283975,9.864951993222348,0.8828599966363981,5
260831,0,a,179,3,12.53464599722065,1.1048269952880219,10.046816998510621,0.9679229988250881,2
260831,0,a,180,4,12.257684997166507,1.0410020040581003,9.859737998340279,0.887710993993096,4
260831,0,a,181,5,12.23608700092882,0.9245639957953244,9.901769008138217,0.9813150099944323,2
260831,0,a,182,6,12.27523099805694,1.0328899952583015,9.891421999782324,0.8862450049491599,2
260831,0,a,183,7,12.299570997129194,0.994196001556702,9.921307006152347,0.9664050012361258,3
260831,0,a,184,8,12.365332004264928,1.0495370079297572,9.949897998012602,0.8998099947348237,8
260831,0,a,185,9,12.25807900482323,0.9595339943189174,9.909165994031355,0.9653220040490851,16
260831,0,a,186,10,12.176901989732869,1.0261450079269707,9.812193005927838,0.8828620048006997,8
260831,0,a,187,11,11.808208000729792,0.9127239900408313,9.661393996793777,0.843314002850093,4
260831,0,a,188,12,11.767889009206556,1.0394559940323234,9.560435006278567,0.8095020020846277,8
260831,0,a,189,13,11.754320003092289,0.8852419996401295,9.633060995838605,0.8748570107854903,2
260831,0,a,190,14,11.82599799358286,0.9070100059034303,9.701656992547214,0.8294709987239912,1
260831,0,a,191,15,11.948712999583222,1.0950010037049651,9.632985995267518,0.8395189943257719,5
260831,0,a,192,0,11.644625003100373,0.8736759918974712,9.569680012646131,0.8337979961652309,15
260831,0,a,193,1,11.888439999893308,0.929839996388182,9.739065993926488,0.8579800050938502,1
260831,0,a,194,2,11.818434999440797,0.9439030109206215,9.641920987633057,0.851764008984901,5
260831,0,a,195,3,11.811381002189592,1.034910004818812,9.57540400850121,0.8376370096812025,2
260831,0,a,196,4,11.750171004678123,0.8792459993856028,9.638938994612545,0.8647880022181198,4
260831,0,a,197,5,11.820772997452877,0.8799260103842244,9.66865300142672,0.8847779972711578,2
260831,0,a,198,6,12.08774400583934,0.9177739993901923,9.91965300636366,0.8585449977545068,2
260831,0,a,199,7,11.853201009216718,0.968175008893013,9.662362004746683,0.8432750037172809,3
260831,0,b,0,0,11.905599996680394,0.9271189919672906,10.252405991195701,0.32520099193789065,14
260831,0,b,1,1,12.159906007582322,1.0128160065505654,10.41394799540285,0.3237859928049147,1
260831,0,b,2,2,12.312189006479457,0.9649529965827242,10.55603299755603,0.361119004082866,6
260831,0,b,3,3,12.77898799162358,1.171046998933889,10.801205004099756,0.33926600008271635,2
260831,0,b,4,4,12.463305989513174,1.02183100534603,10.637981002219021,0.34071899426635355,3
260831,0,b,5,5,12.506940998719074,1.0335930128348991,10.676844001864083,0.33825299760792404,3
260831,0,b,6,6,12.619709988939576,1.0245450102956966,10.782356999698095,0.35018898779526353,2
260831,0,b,7,7,12.288991987588815,1.0982929961755872,10.39121299982071,0.3258680080762133,3
260831,0,b,8,8,12.257310998393223,0.9701149974716827,10.490532993571833,0.35718700382858515,8
260831,0,b,9,9,12.796220995369367,1.101197995012626,10.857706001843326,0.35435899917501956,14
260831,0,b,10,10,12.334216997260228,1.0023529903264716,10.537224006839097,0.3387420001672581,7
260831,0,b,11,11,12.321134010562673,0.9744870039867237,10.558603011304513,0.3496349963825196,5
260831,0,b,12,12,12.572601990541443,1.1767039977712557,10.585928001091816,0.34426299680490047,8
260831,0,b,13,13,11.961001000599936,1.0028660035459325,10.206134000327438,0.3203210071660578,2
260831,0,b,14,14,11.568058995180763,0.9063820034498349,10.020401008659974,0.2488830068614334,0
260831,0,b,15,15,11.661174998153001,0.9492020035395399,10.018325003329664,0.3230649890610948,4
260831,0,b,16,0,11.994172004051507,0.9242509986506775,10.335854996810667,0.3238580102333799,14
260831,0,b,17,1,11.752668986446224,0.9796290105441585,10.065144000691362,0.30818599043413997,1
260831,0,b,18,2,11.470229990663938,0.8808160055195913,9.934233996318653,0.2980879944516346,6
260831,0,b,19,3,12.040244997479022,0.9881430014502257,10.352113007684238,0.33325499680358917,2
260831,0,b,20,4,11.925656988751143,0.9406710014445707,10.243821001495235,0.3069439990213141,3
260831,0,b,21,5,11.721754999598488,0.8662600012030452,10.171613990678452,0.3073499974561855,3
260831,0,b,22,6,11.717133005731739,0.9001610014820471,10.127970992471091,0.3163939982187003,2
260831,0,b,23,7,11.930224995012395,0.9619390039006248,10.256166002363898,0.32337300945073366,3
260831,0,b,24,8,11.634611000772566,0.9256379998987541,10.003525007050484,0.3031050000572577,8
260831,0,b,25,9,11.487349998787977,0.8841149974614382,9.9437219905667,0.2992450026795268,14
260831,0,b,26,10,12.043304988765158,0.8911209879443049,10.43720000598114,0.34987299295607954,7
260831,0,b,27,11,12.199685006635264,1.0509540006751195,10.360164000303484,0.3282799880253151,5
260831,0,b,28,12,12.552829997730441,1.1161069996887818,10.628673000610434,0.35661799483932555,8
260831,0,b,29,13,12.269309998373501,1.0855559958145022,10.392162002972327,0.32274500699713826,2
260831,0,b,30,14,12.057157990057021,0.9136989974649623,10.42992300062906,0.28318300610408187,0
260831,0,b,31,15,12.290031008888036,1.1084559955634177,10.389727001893334,0.3217630001017824,4
260831,0,b,32,0,12.07818600232713,0.9352039924124256,10.373434008215554,0.34441000025253743,14
260831,0,b,33,1,12.19144400965888,1.075039996067062,10.335352999391034,0.3211229923181236,1
260831,0,b,34,2,11.884617997566238,0.9410850034328178,10.197316005360335,0.33327500568702817,6
260831,0,b,35,3,12.089839001419023,1.0903369984589517,10.241519994451664,0.32546599686611444,2
260831,0,b,36,4,12.174433999462053,0.9374969959026203,10.464267004863359,0.3521610051393509,3
260831,0,b,37,5,12.232050998136401,1.074346000677906,10.351730990805663,0.3302249970147386,3
260831,0,b,38,6,12.142052000854164,1.0018709872383624,10.35722099186387,0.33554800029378384,2
260831,0,b,39,7,12.082645000191405,1.0678329999791458,10.243002005154267,0.3169670089846477,3
260831,0,b,40,8,11.895254006958567,0.9310549939982593,10.213706002105027,0.3340300027048215,8
260831,0,b,41,9,12.074497994035482,1.0069080017274246,10.311550009646453,0.3208010020898655,14
260831,0,b,42,10,11.743887996999547,0.9267470013583079,10.10027900338173,0.3087539953412488,7
260831,0,b,43,11,11.794388992711902,0.8821439987514168,10.18136099446565,0.32648700289428234,5
260831,0,b,44,12,12.168494999059476,1.172587988548912,10.254634005832486,0.3187160036759451,8
260831,0,b,45,13,12.17853301204741,0.9748570009833202,10.428705005324446,0.3498630103422329,2
260831,0,b,46,14,11.979374990914948,1.0010539990616962,10.256957000819966,0.2602070017019287,0
260831,0,b,47,15,12.130602000979707,0.9971620020223781,10.36928899702616,0.3388859913684428,4
260831,0,b,48,0,12.207242005388252,1.023819000693038,10.400429004221223,0.32358200405724347,14
260831,0,b,49,1,11.75643400347326,0.988243002211675,10.068959993077442,0.3002019948326051,1
260831,0,b,50,2,11.482072994112968,0.8868430013535544,9.940019008354284,0.2988579944940284,6
260831,0,b,51,3,11.734816012904048,0.9675530018284917,10.092475000419654,0.32062598620541394,2
260831,0,b,52,4,11.73407700844109,0.9296460048062727,10.10533700173255,0.31107099493965507,3
260831,0,b,53,5,11.601960999541916,0.8964139997260645,10.017401000368409,0.3015810070792213,3
260831,0,b,54,6,11.811876989668235,0.8835979970172048,10.234959001536481,0.326888999552466,2
260831,0,b,55,7,11.927902000024915,1.0344730108045042,10.158270000829361,0.320780003676191,3
260831,0,b,56,8,11.584299994865432,0.8901999972295016,9.990156002459116,0.30760798836126924,8
260831,0,b,57,9,11.657900991849601,0.9036739938892424,10.0556580000557,0.31832999957259744,14
260831,0,b,58,10,11.697381996782497,0.9322379919467494,10.059109001304023,0.311160009005107,7
260831,0,b,59,11,11.449176992755383,0.8915340004023165,9.894520990201272,0.29323001217562705,5
260831,0,b,60,12,11.590681999223307,0.970957989920862,9.961387011571787,0.30978501308709383,8
260831,0,b,61,13,11.692722007865086,0.93768400256522,10.07325500540901,0.30875299125909805,2
260831,0,b,62,14,11.459301997092552,0.8781430078670382,9.967353995307349,0.23749700631015003,0
260831,0,b,63,15,11.508591996971518,0.9292940085288137,9.929747000569478,0.3031959931831807,4
260831,0,b,64,0,11.498099003802054,0.8955020020948723,9.955646004527807,0.2960390120279044,14
260831,0,b,65,1,11.661826007184573,0.9284539992222562,10.061195003800094,0.31614999170415103,1
260831,0,b,66,2,11.738871005945839,0.9457709966227412,10.097812002641149,0.3089640085818246,6
260831,0,b,67,3,11.745245006750338,1.0023570066550747,10.061402994324453,0.3042659955099225,2
260831,0,b,68,4,11.768924989155494,0.8711940026842058,10.207237995928153,0.3220999933546409,3
260831,0,b,69,5,11.660702992230654,0.9645819955039769,9.986484990804456,0.3026029880857095,3
260831,0,b,70,6,11.505573012982495,0.8693690033396706,9.981231996789575,0.30633500136900693,2
260831,0,b,71,7,11.798449006164446,0.9378429967910051,10.155561001738533,0.3191510040778667,3
260831,0,b,72,8,11.732854007277638,0.9425739990547299,10.079504005261697,0.3087530058110133,8
260831,0,b,73,9,11.57720600895118,0.8957680111052468,10.00851800199598,0.3044460027012974,14
260831,0,b,74,10,11.497871993924491,0.9013359958771616,9.910481006954797,0.3006189945153892,7
260831,0,b,75,11,11.445626005297527,0.8715010044397786,9.927114006131887,0.3004530008183792,5
260831,0,b,76,12,11.948832994676195,1.083935989299789,10.164247985812835,0.32119300158228725,8
260831,0,b,77,13,11.715970002114773,0.9561949991621077,10.040793989901431,0.3083379997406155,2
260831,0,b,78,14,11.648391009657644,0.8727200038265437,10.130784998182207,0.2625030028866604,0
260831,0,b,79,15,11.795732003520243,1.001542987069115,10.084389999974519,0.30949199572205544,4
260831,0,b,80,0,11.524964007548988,0.8862050017341971,9.96013700205367,0.3038800059584901,14
260831,0,b,81,1,11.529937997693196,0.9185009985230863,9.953921005944721,0.29616200481541455,1
260831,0,b,82,2,11.5619459975278,0.8915040089050308,10.008140001446009,0.31194799521472305,6
260831,0,b,83,3,11.955560999922454,1.02167998556979,10.224507001112215,0.3241910017095506,2
260831,0,b,84,4,11.67928498762194,0.9458459971938282,10.012811995693482,0.30957499984651804,3
260831,0,b,85,5,11.616328003583476,0.8749120024731383,10.063413996249437,0.3094520070590079,3
260831,0,b,86,6,11.564786997041665,0.9119110036408529,9.977772991987877,0.29546700534410775,2
260831,0,b,87,7,11.414579988922924,0.9287370048696175,9.859598998446018,0.2865859860321507,3
260831,0,b,88,8,11.450571997556835,0.839857995742932,9.950601001037285,0.32168599136639386,8
260831,0,b,89,9,11.77199099038262,0.9478339925408363,10.12992300093174,0.3075139975408092,14
260831,0,b,90,10,11.774465994676575,0.8937700040405616,10.184910002863035,0.3248870052630082,7
260831,0,b,91,11,11.81450100557413,0.9564829961163923,10.13536901155021,0.3088369994657114,5
260831,0,b,92,12,12.10413800436072,0.9921669989125803,10.3627329954179,0.34441200841683894,8
260831,0,b,93,13,12.094186997273937,1.0524450044613332,10.255699991830625,0.3215909964637831,2
260831,0,b,94,14,12.006110991933383,0.9256890043616295,10.375805999501608,0.27444200532045215,0
260831,0,b,95,15,12.082108005415648,1.103996008168906,10.206104008830152,0.3180719941155985,4
260831,0,b,96,0,11.604037004872225,0.8958120015449822,10.01311199797783,0.31345900788437575,14
260831,0,b,97,1,12.140207996708341,0.9757980005815625,10.401738996733911,0.3462409949861467,1
260831,0,b,98,2,12.082223998731934,1.018759998260066,10.275697990437038,0.3264949918957427,6
260831,0,b,99,3,12.397158992826007,1.0617499938234687,10.55264100432396,0.34634998883120716,2
260831,0,b,100,4,11.965104000410065,1.017560003674589,10.168508000788279,0.3162039938615635,3
260831,0,b,101,5,11.974146997090429,0.9089499944821,10.324186005163938,0.337649995344691,3
260831,0,b,102,6,11.991499006398953,0.9673580061644316,10.26267399720382,0.3198369959136471,2
260831,0,b,103,7,12.129038004786707,0.9952410036930814,10.382305001257919,0.3361429990036413,3
260831,0,b,104,8,11.777035004342906,0.9957559959730133,10.038843000074849,0.3122119960607961,8
260831,0,b,105,9,12.063931004377082,0.9313810005551204,10.393443997600116,0.35069399746134877,14
260831,0,b,106,10,12.08628001040779,1.0297710105078295,10.29173300776165,0.3131259873043746,7
260831,0,b,107,11,11.663902987493202,0.894771990715526,10.056375002022833,0.3261920064687729,5
260831,0,b,108,12,12.437204000889324,1.0866340016946197,10.602391004795209,0.3370890044607222,8
260831,0,b,109,13,12.15513699571602,1.045016004354693,10.326438990887254,0.3292110050097108,2
260831,0,b,110,14,12.229995001689531,0.9439180139452219,10.561250004684553,0.27694200980477035,0
260831,0,b,111,15,12.146820008638315,1.0996339988196269,10.251118001178838,0.33342200913466513,4
260831,0,b,112,0,12.00120300927665,0.9903079917421564,10.25935799407307,0.32838000333867967,14
260831,0,b,113,1,11.979240996879525,0.9903729951474816,10.244315999443643,0.33105400507338345,1
260831,0,b,114,2,11.99090298905503,0.9522280015517026,10.278342000674456,0.3290559980086982,6
260831,0,b,115,3,11.87768300587777,1.0463310027262196,10.115621000295505,0.31513499561697245,2
260831,0,b,116,4,11.631572007900104,0.8890850003808737,10.047033996670507,0.31816799310036004,3
260831,0,b,117,5,11.706404999131337,0.8978359983302653,10.096073994645849,0.30754299950785935,3
260831,0,b,118,6,11.594326002523303,0.9057169954758137,10.006146985688247,0.3062210016651079,2
260831,0,b,119,7,11.619766999501735,0.941140009672381,10.007113989559002,0.30628000968135893,3
260831,0,b,120,8,11.762497000745498,0.8939549879869446,10.168575012357906,0.32171398925129324,8
260831,0,b,121,9,11.6739100049017,0.9603169892216101,10.012639002525248,0.2999629941768944,14
260831,0,b,122,10,11.389263992896304,0.8757040050113574,9.877592994598672,0.29149200418032706,7
260831,0,b,123,11,11.545565008418635,0.8667679940117523,10.027466007159092,0.3137880121357739,5
260831,0,b,124,12,11.693805994582362,1.0118869977304712,10.010243000579067,0.29988400638103485,8
260831,0,b,125,13,11.421262999647297,0.8908460004022345,9.88414601306431,0.29499900119844824,2
260831,0,b,126,14,11.223036999581382,0.8123349980451167,9.851796989096329,0.2284259971929714,0
260831,0,b,127,15,11.51860500976909,0.9174389997497201,9.961142000975087,0.30675299058202654,4
260831,0,b,128,0,11.802527005784214,0.8913709898479283,10.219414994935505,0.31525400117971003,14
260831,0,b,129,1,11.653774010483176,0.9069539955817163,10.067841998534277,0.2987829939229414,1
260831,0,b,130,2,11.533251003129408,0.8561290014768019,10.028909004176967,0.3008860076079145,6
260831,0,b,131,3,11.949797990382649,1.0195630020461977,10.254312990582548,0.32233400270342827,2
260831,0,b,132,4,11.736632994143292,0.9507119975751266,10.07761200889945,0.30236800375860184,3
260831,0,b,133,5,11.519290012074634,0.8790930005488917,9.974607004551217,0.2997090050484985,3
260831,0,b,134,6,11.67965799686499,0.8623619942227378,10.147252003662288,0.31520199263468385,2
260831,0,b,135,7,11.73049199860543,0.9838799887802452,10.054465004941449,0.30086201149970293,3
260831,0,b,136,8,11.491117998957634,0.8723260107217357,9.94747001095675,0.30289700953289866,8
260831,0,b,137,9,11.391870997613296,0.8922949928091839,9.859835990937427,0.2880510000977665,14
260831,0,b,138,10,11.41191300121136,0.8624879992567003,9.907019993988797,0.30647398671135306,7
260831,0,b,139,11,11.628888008999638,0.889578994247131,10.059881999040954,0.3061320021515712,5
260831,0,b,140,12,11.69902399124112,1.0076710022985935,10.006406999309547,0.3066299977945164,8
260831,0,b,141,13,11.731542996130884,0.9096760040847585,10.129832007805817,0.3243789979023859,2
260831,0,b,142,14,11.642473007668741,0.9216990001732484,10.073076002299786,0.24585900246165693,0
260831,0,b,143,15,11.63018999795895,0.9557489975122735,9.989847007091157,0.30691099527757615,4
260831,0,b,144,0,11.646453000139445,0.89441699674353,10.054390993900597,0.3277369978604838,14
260831,0,b,145,1,11.77332698716782,0.9765119903022423,10.07838400255423,0.3060950111830607,1
260831,0,b,146,2,11.478308006189764,0.8941669948399067,9.913436995702796,0.29742499464191496,6
260831,0,b,147,3,11.512295997818,0.9664119861554354,9.903183992719278,0.30245300149545074,2
260831,0,b,148,4,11.632321999059059,0.8844149997457862,10.065209004096687,0.3074420092161745,3
260831,0,b,149,5,11.482555011752993,0.9036489936988801,9.908412990625948,0.2960029960377142,3
260831,0,b,150,6,11.404534001485445,0.8493470086250454,9.918276002281345,0.2971599897136912,2
260831,0,b,151,7,11.804862995631993,0.9431229991605505,10.186034007347189,0.32095800270326436,3
260831,0,b,152,8,11.776664992794394,0.9184780064970255,10.125478002009913,0.3322200063848868,8
260831,0,b,153,9,11.82008400792256,0.9751470061019063,10.124237000127323,0.3067259967792779,14
260831,0,b,154,10,11.898926997673698,0.9087590005947277,10.258567999699153,0.34134699671994895,7
260831,0,b,155,11,12.506622006185353,1.0398080048616976,10.672549993614666,0.3346540033817291,5
260831,0,b,156,12,12.2851470077876,1.1105439916718751,10.39141500950791,0.3401809954084456,8
260831,0,b,157,13,12.425733002601191,1.0495460010133684,10.561223985860124,0.3389350022189319,2
260831,0,b,158,14,11.70297600037884,0.9518950100755319,10.061446999316104,0.24714299070183188,0
260831,0,b,159,15,11.988390993792564,0.9741870017023757,10.279777008690871,0.33101999724749476,4
260831,0,b,160,0,11.921897006686777,0.973034999333322,10.182309997617267,0.3245479892939329,14
260831,0,b,161,1,12.04155599407386,0.997246999759227,10.290011006873101,0.3247769927838817,1
260831,0,b,162,2,11.814327008323744,0.9664480021456257,10.085778994834982,0.3242329985368997,6
260831,0,b,163,3,12.359545013168827,1.0762799938675016,10.501694996492006,0.33614799031056464,2
260831,0,b,164,4,11.814138997578993,0.9525169880362228,10.116724006365985,0.30308999703265727,3
260831,0,b,165,5,11.970632011070848,0.8727330132387578,10.356537997722626,0.3433300007600337,3
260831,0,b,166,6,12.230129999807104,1.0402000043541193,10.39526000386104,0.333504009176977,2
260831,0,b,167,7,12.019446003250778,1.0056070022983477,10.239771989290603,0.34000599407590926,3
260831,0,b,168,8,12.124083994422108,0.9665749967098236,10.381095999036916,0.33209199318662286,8
260831,0,b,169,9,11.92774300579913,0.9763749985722825,10.17641500220634,0.3350529877934605,14
260831,0,b,170,10,12.379272986436263,1.0455019946675748,10.542736999923363,0.3408820048207417,7
260831,0,b,171,11,11.968699996941723,0.9864809981081635,10.202035991824232,0.3164980007568374,5
260831,0,b,172,12,12.310741003602743,1.044794000335969,10.502014003577642,0.34611400042194873,8
260831,0,b,173,13,11.867053995956667,1.0530470026424155,10.064818998216651,0.29681099113076925,2
260831,0,b,174,14,11.37124199885875,0.8300019981106743,9.950809006113559,0.2402279933448881,0
260831,0,b,175,15,11.832817996037193,0.9492989920545369,10.205351005424745,0.3202439984306693,4
260831,0,b,176,0,11.611460999120027,0.9359130053780973,9.980483999243006,0.298925006063655,14
260831,0,b,177,1,11.584164996747859,0.9245019900845364,10.000355992815457,0.30546399648301303,1
260831,0,b,178,2,11.807650997070596,0.9188589901896194,10.18390899116639,0.3297219955129549,6
260831,0,b,179,3,12.168360000941902,1.0882380011025816,10.318626009393483,0.3326779988128692,2
260831,0,b,180,4,11.930438995477743,0.9541040053591132,10.230654006591067,0.3315030044177547,3
260831,0,b,181,5,11.847872010548599,0.9647539991419762,10.14412401127629,0.3256859927205369,3
260831,0,b,182,6,12.068869997165166,0.9365279984194785,10.369355004513636,0.34865499765146524,2
260831,0,b,183,7,12.357561005046591,1.0973519965773448,10.4731460014591,0.32863499654922634,3
260831,0,b,184,8,11.880932011990808,0.9887409978546202,10.155203010072,0.31242599652614444,8
260831,0,b,185,9,11.859469988849014,0.9280009981011972,10.211093001998961,0.3274540067650378,14
260831,0,b,186,10,11.748599994461983,0.9723740076879039,10.05231900489889,0.3060939925489947,7
260831,0,b,187,11,11.497180996229872,0.8763219957472757,9.962634998373687,0.29696499404963106,5
260831,0,b,188,12,11.618923002970405,0.9850579954218119,9.976869012461975,0.3037510032299906,8
260831,0,b,189,13,11.631541012320668,0.9143740026047453,10.043350994237699,0.31975899764802307,2
260831,0,b,190,14,11.71805000922177,0.8608390053268522,10.207041996181943,0.2540689893066883,0
260831,0,b,191,15,11.696690999087878,1.0049069969682023,9.981021008570679,0.31147198751568794,4
260831,0,b,192,0,11.796242004493251,0.8935669902712107,10.197304000030272,0.3289800079073757,14
260831,0,b,193,1,11.908094995305873,0.9897239942802116,10.192863002885133,0.30946399783715606,1
260831,0,b,194,2,11.60674900165759,0.9122670016949996,10.0139910064172,0.3066909994231537,6
260831,0,b,195,3,11.776451996411197,0.9768289892235771,10.109955008374527,0.3215180040569976,2
260831,0,b,196,4,11.719825997715816,0.9504829940851778,10.061588996904902,0.3089300007559359,3
260831,0,b,197,5,11.491438999655657,0.8799609931884333,9.94338899909053,0.3044399927603081,3
260831,0,b,198,6,11.79044001037255,0.8947799942689016,10.20305599377025,0.31982900691218674,2
260831,0,b,199,7,12.030818994389847,1.0187900043092668,10.28178000706248,0.32907699642237276,3
260831,0,c,0,0,25.385536995599978,1.075997992302291,22.89097200264223,0.9350430045742542,15
260831,0,c,1,1,25.56053399166558,1.103554997825995,23.069931994541548,0.9066700004041195,1
260831,0,c,2,2,25.553073995979503,1.0994490003213286,23.04081698821392,0.9245219989679754,5
260831,0,c,3,3,25.60662200266961,1.1939719988731667,23.01037601137068,0.9159000037470832,2
260831,0,c,4,4,25.557358996593393,1.0920360073214397,23.046836999128573,0.9304129926022142,4
260831,0,c,5,5,25.55042899621185,1.0736310068750754,23.042104992782697,0.9469240030739456,3
260831,0,c,6,6,25.544952004565857,1.101696994737722,23.032658005831763,0.9232370066456497,2
260831,0,c,7,7,25.86168899142649,1.1176830012118444,23.32376800768543,0.934750001761131,3
260831,0,c,8,8,25.880877990857698,1.099875007639639,23.35164899704978,0.931482994928956,9
260831,0,c,9,9,26.183687994489446,1.1033439950551838,23.61400899826549,0.9757819934748113,16
260831,0,c,10,10,25.819414004217833,1.105873001506552,23.279928005649708,0.942576996749267,8
260831,0,c,11,11,25.47347500512842,1.0802809993037954,23.00367399584502,0.909117006813176,3
260831,0,c,12,12,25.53359599551186,1.1673769913613796,22.97584900225047,0.9125509968725964,8
260831,0,c,13,13,25.476707989582792,1.0880689951591194,22.98237700597383,0.9291799942729995,2
260831,0,c,14,14,25.379671991686337,1.0473910078871995,22.946512995986268,0.9037630079546943,1
260831,0,c,15,15,25.770987005671486,1.1343459918862209,23.229333994095214,0.9310559980804101,5
260831,0,c,16,0,25.561390997609124,1.0825289937201887,23.083042993675917,0.9225630055880174,15
260831,0,c,17,1,25.402885003131814,1.1106860038125888,22.916732006706297,0.892548996489495,1
260831,0,c,18,2,25.485220001428388,1.071145001333207,23.029931995552033,0.9180920023936778,5
260831,0,c,19,3,25.608334006392397,1.1805859976448119,23.028620998957194,0.9044830076163635,2
260831,0,c,20,4,25.305939998361282,1.07490700611379,22.855709001305513,0.9037330019054934,4
260831,0,c,21,5,25.455476003116928,1.0676649981178343,23.01312300551217,0.9103250049520284,3
260831,0,c,22,6,25.296731997514144,1.0678959952201694,22.831602007499896,0.918439996894449,2
260831,0,c,23,7,25.40339800179936,1.0944940004264936,22.92606000264641,0.9106890065595508,3
260831,0,c,24,8,25.471290995483287,1.0756440024124458,22.998022992396727,0.9195769962389022,9
260831,0,c,25,9,25.305728006060235,1.0729149944381788,22.86566499969922,0.8934720099205151,16
260831,0,c,26,10,25.373106996994466,1.0498360061319545,22.949020989472046,0.9124370117206126,8
260831,0,c,27,11,25.402594998013228,1.0524519893806428,22.958023997489363,0.915226002689451,3
260831,0,c,28,12,25.44948400463909,1.1688910017255694,22.905675010406412,0.9022579906741157,8
260831,0,c,29,13,25.3779179911362,1.045515004079789,22.947453006054275,0.9174539882224053,2
260831,0,c,30,14,25.581734997103922,1.0544179967837408,23.130414003389888,0.9133299899986014,1
260831,0,c,31,15,25.66282699990552,1.1648259969661012,23.083275998942554,0.9240789950126782,5
260831,0,c,32,0,25.62911799759604,1.0607080039335415,23.15249599632807,0.9301230020355433,15
260831,0,c,33,1,25.579366003512405,1.1221719905734062,23.05967899155803,0.9117519948631525,1
260831,0,c,34,2,25.63533600186929,1.1146030010422692,23.112108989153057,0.9193000005325302,5
260831,0,c,35,3,25.685845990665257,1.1999029957223684,23.084355998435058,0.9153319988399744,2
260831,0,c,36,4,25.642223001341335,1.0950819996651262,23.11301199370064,0.9308800072176382,4
260831,0,c,37,5,25.640726002166048,1.081028996850364,23.140653007430956,0.9274539916077629,3
260831,0,c,38,6,25.628773000789806,1.102110996725969,23.117980003007688,0.9232500015059486,2
260831,0,c,39,7,25.55977099109441,1.1661140015348792,22.991851990809664,0.9262200037483126,3
260831,0,c,40,8,25.106307002715766,1.0723529994720593,22.69296199665405,0.8772619912633672,9
260831,0,c,41,9,24.85584799433127,1.008191000437364,22.551217989530414,0.8664880006108433,16
260831,0,c,42,10,24.759599997196347,0.9734830091474578,22.514316005981527,0.8651840034872293,8
260831,0,c,43,11,24.675273001776077,0.9605550003470853,22.457651008153334,0.8577760017942637,3
260831,0,c,44,12,25.16612999897916,1.1024350096704438,22.761610001907684,0.8982489962363616,8
260831,0,c,45,13,25.083127009565942,1.0408770031062886,22.720723995007575,0.8868059958331287,2
260831,0,c,46,14,24.89142799458932,0.9661429940024391,22.645718010608107,0.8551369974156842,1
260831,0,c,47,15,24.98192100028973,1.0402690095361322,22.650183003861457,0.876328005688265,5
260831,0,c,48,0,25.03560700279195,0.9783679997781292,22.756728998501785,0.882812004419975,15
260831,0,c,49,1,24.880646000383422,1.034462999086827,22.557101998245344,0.8634870027890429,1
260831,0,c,50,2,24.958986992714927,1.0011629929067567,22.648241007118486,0.8855019987095147,5
260831,0,c,51,3,25.317300009191968,1.1256369907641783,22.8448409907287,0.9026920015458018,2
260831,0,c,52,4,25.119174999417737,1.0174680064665154,22.76796000660397,0.8908750023692846,4
260831,0,c,53,5,25.396605997229926,1.026532001560554,23.001648994977586,0.9143950010184199,3
260831,0,c,54,6,25.376433986821212,1.0601220128592104,22.915420995559543,0.9246330009773374,2
260831,0,c,55,7,25.685586995678023,1.1262110056122765,23.146951993112452,0.9266130073228851,3
260831,0,c,56,8,25.54019399394747,1.0880589979933575,23.052246004226618,0.9237750055035576,9
260831,0,c,57,9,25.399302001460455,1.0756660049082711,22.907756007043645,0.9373809880344197,16
260831,0,c,58,10,25.600701992516406,1.078674991731532,23.094698990462348,0.9371999913128093,8
260831,0,c,59,11,25.611226999899372,1.080451998859644,23.090526010491885,0.9449409990338609,3
260831,0,c,60,12,25.885595998261124,1.2122680054744706,23.249235993716866,0.9351839980809018,8
260831,0,c,61,13,25.73935000691563,1.1181349982507527,23.201293995953165,0.9233129967469722,2
260831,0,c,62,14,25.64576499571558,1.07640000351239,23.175276000984013,0.9146750089712441,1
260831,0,c,63,15,25.754849004442804,1.1512990022310987,23.166198006947525,0.944294995861128,5
260831,0,c,64,0,25.66305700747762,1.104296010453254,23.14284500607755,0.9258700010832399,15
260831,0,c,65,1,25.635527999838814,1.115502993343398,23.13000899448525,0.90861800708808,1
260831,0,c,66,2,25.634848992922343,1.0946090042125434,23.128382992581464,0.9211269934894517,5
260831,0,c,67,3,25.704866988235153,1.2072649988112971,23.104223000700586,0.9123740019276738,2
260831,0,c,68,4,25.57943799183704,1.0957199992844835,23.07654600008391,0.9228359995177016,4
260831,0,c,69,5,25.526419005473144,1.0731340007623658,23.02246500039473,0.941045000217855,3
260831,0,c,70,6,25.591769997845404,1.1008159926859662,23.094286007108167,0.9262789972126484,2
260831,0,c,71,7,25.671228009741753,1.1173859966220334,23.14607100561261,0.9240369981853291,3
260831,0,c,72,8,25.670888004242443,1.0881890048040077,23.159791002399288,0.9272089955629781,9
260831,0,c,73,9,25.639028986915946,1.092537000658922,23.124048006138764,0.9338109957752749,16
260831,0,c,74,10,25.63299900793936,1.0898999898927286,23.114115989301354,0.9362830023746938,8
260831,0,c,75,11,25.780126001336612,1.1026880092686042,23.243286996148527,0.9283510007662699,3
260831,0,c,76,12,25.969527996494435,1.2373059871606529,23.292245008633472,0.9464539907639846,8
260831,0,c,77,13,25.693139003124088,1.1168569908477366,23.160941011155955,0.9252250019926578,2
260831,0,c,78,14,25.68370300286915,1.0860230104299262,23.20455899462104,0.911860988708213,1
260831,0,c,79,15,25.75504800188355,1.1691649997374043,23.170948988990858,0.9273390023736283,5
260831,0,c,80,0,25.635311991209164,1.0922469955403358,23.103325002011843,0.9328960004495457,15
260831,0,c,81,1,25.73322699754499,1.139209998655133,23.182140997960232,0.9176189923891798,1
260831,0,c,82,2,25.671199007774703,1.098248001653701,23.14862200000789,0.9370629995828494,5
260831,0,c,83,3,25.855496991425753,1.2038020067848265,23.23059800255578,0.9328629967058077,2
260831,0,c,84,4,25.804806005908176,1.1194520047865808,23.260791989741847,0.9357300004921854,4
260831,0,c,85,5,25.783785997191444,1.1035900097340345,23.263085997314192,0.9312329930253327,3
260831,0,c,86,6,25.91256599407643,1.1156190012115985,23.35116900212597,0.9494239930063486,2
260831,0,c,87,7,26.03199599252548,1.1416950001148507,23.446448001777753,0.9513030090602115,3
260831,0,c,88,8,26.247304005664773,1.0938089981209487,23.70025399432052,0.9589989931555465,9
260831,0,c,89,9,26.118718000361696,1.1118080001324415,23.56493499246426,0.948051005252637,16
260831,0,c,90,10,25.902398003381677,1.1058420059271157,23.36571599880699,0.9398410038556904,8
260831,0,c,91,11,25.914413999998942,1.1277119920123369,23.358138001640327,0.9295969939557835,3
260831,0,c,92,12,25.84657999977935,1.1952620116062462,23.23414699640125,0.9282249957323074,8
260831,0,c,93,13,25.842564995400608,1.1181839945493266,23.299635999137536,0.9299289959017187,2
260831,0,c,94,14,25.675796990981326,1.0708609916036949,23.166331011452712,0.9444199968129396,1
260831,0,c,95,15,25.91283299261704,1.1965770099777728,23.28279899666086,0.9269300062442198,5
260831,0,c,96,0,25.665105000371113,1.086695003323257,23.148660999140702,0.9398670081282035,15
260831,0,c,97,1,25.637825005105697,1.1267740046605468,23.10974600550253,0.9119030000874773,1
260831,0,c,98,2,25.683200990897603,1.0845310025615618,23.17914400191512,0.9258059872081503,5
260831,0,c,99,3,25.757515992154367,1.1897430085809901,23.155413000495173,0.9189410047838464,2
260831,0,c,100,4,25.86562700162176,1.1122179857920855,23.306292001507245,0.9485490008955821,4
260831,0,c,101,5,25.952998010325246,1.1358620104147121,23.392279996187426,0.9278979996452108,3
260831,0,c,102,6,25.6698330049403,1.0899820044869557,23.161578006693162,0.9217089973390102,2
260831,0,c,103,7,25.655417994130403,1.1254920100327581,23.100505000911653,0.9442489972570911,3
260831,0,c,104,8,25.6573389924597,1.0910690034506842,23.131477006245404,0.9415349923074245,9
260831,0,c,105,9,25.753433001227677,1.0846880031749606,23.228517005918548,0.9441739966860041,16
260831,0,c,106,10,25.519781993352808,1.037508001900278,23.06338799826335,0.9144029900198802,8
260831,0,c,107,11,25.45521101274062,0.9998360037570819,23.06659698660951,0.9144369978457689,3
260831,0,c,108,12,26.003567996667698,1.4177830016706139,23.156789000495337,0.903347012354061,8
260831,0,c,109,13,25.361934007378295,1.0031689889729023,22.933433996513486,0.9067840001080185,2
260831,0,c,110,14,25.236306988517754,0.9811509953578934,22.85506299813278,0.875268000527285,1
260831,0,c,111,15,25.51799100183416,1.086524993297644,23.032458004308864,0.8960389968706295,5
260831,0,c,112,0,25.4726509883767,0.9787879971554503,23.1055850017583,0.9297360084019601,15
260831,0,c,113,1,25.735969000379555,1.1001759994542226,23.159606993431225,0.9332669869763777,1
260831,0,c,114,2,25.891572004184127,1.0349660005886108,23.326210997765884,0.94824300322216,5
260831,0,c,115,3,26.062794990139082,1.25208699319046,23.311263998039067,0.9511529933661222,2
260831,0,c,116,4,25.800692004850134,1.0159410012420267,23.275628002011217,0.9518970036879182,4
260831,0,c,117,5,25.916129001416266,1.036279005347751,23.38958300242666,0.9520329913357273,3
260831,0,c,118,6,25.966289002099074,1.022915996145457,23.460312993847765,0.9519079903839156,2
260831,0,c,119,7,25.96866400563158,1.0467870015418157,23.427701991749927,0.9609520056983456,3
260831,0,c,120,8,26.055152993649244,1.023564997012727,23.50624100654386,0.9752209880389273,9
260831,0,c,121,9,25.901134009473026,1.0337889980291948,23.341330990660936,0.978561001829803,16
260831,0,c,122,10,25.861453003017232,1.0321399895474315,23.31510599469766,0.9523759945295751,8
260831,0,c,123,11,25.983180006733164,1.0329810029361397,23.430592991644517,0.9451699879718944,3
260831,0,c,124,12,26.41577200847678,1.4302119961939752,23.474739005905576,0.9440620051464066,8
260831,0,c,125,13,26.0047469928395,1.0561870003584772,23.44482799526304,0.9297479991801083,2
260831,0,c,126,14,26.253743999404833,1.0744869941845536,23.71734801272396,0.9538090089336038,1
260831,0,c,127,15,26.368606006144546,1.207965993671678,23.61552200454753,0.9774060017662123,5
260831,0,c,128,0,26.313991998904385,1.049730009981431,23.81549999699928,0.9468870121054351,15
260831,0,c,129,1,26.345033998950385,1.0729289933806285,23.739163007121533,0.9734319901326671,1
260831,0,c,130,2,26.54427499510348,1.081728987628594,23.930445007863455,0.9566899971105158,5
260831,0,c,131,3,26.716514010331593,1.2731660099234432,23.9196729962714,0.9653050074120983,2
260831,0,c,132,4,26.44995800801553,1.128260002587922,23.80452699435409,0.9629830019548535,4
260831,0,c,133,5,26.38238700455986,1.0622770059853792,23.791916988557205,0.9582930069882423,3
260831,0,c,134,6,26.193455007160082,1.0557339992374182,23.682019003899768,0.9593990107532591,2
260831,0,c,135,7,26.404159012599848,1.1088739993283525,23.794949011062272,0.9495760023128241,3
260831,0,c,136,8,26.15431799495127,1.0646550072124228,23.568296994199045,0.9549529931973666,9
260831,0,c,137,9,26.281692000338808,1.0426840017316863,23.779609997291118,0.9708760044304654,16
260831,0,c,138,10,26.26611701271031,1.0505690006539226,23.70997799152974,0.9450749930692837,8
260831,0,c,139,11,26.222198008326814,1.0666980087989941,23.637374993995763,0.9614839946152642,3
260831,0,c,140,12,26.509356990572996,1.333929001702927,23.720110999420285,0.9665469988249242,8
260831,0,c,141,13,26.37266300735064,1.0824070050148293,23.770355997839943,0.9612430003471673,2
260831,0,c,142,14,26.50361201085616,1.0376239952165633,23.99835200048983,0.9624360100133345,1
260831,0,c,143,15,26.8347300007008,1.3537840131903067,24.011563989915885,0.9679229988250881,5
260831,0,c,144,0,26.555336007731967,1.138193008955568,23.950199989485554,0.966488994890824,15
260831,0,c,145,1,26.548990994342603,1.1628330103121698,23.91629600606393,0.9602470090612769,1
260831,0,c,146,2,26.655451991246082,1.1222960019949824,23.98872699995991,0.9663030068622902,5
260831,0,c,147,3,26.657626003725454,1.2855430104536936,23.872516001574695,0.9614510054234415,2
260831,0,c,148,4,26.62982899346389,1.0778049909276888,23.971877002622932,0.9747349977260455,4
260831,0,c,149,5,26.752026999020018,1.0554620093898848,24.192451004637405,0.996271992335096,3
260831,0,c,150,6,26.62581800541375,1.0543600074015558,24.099640009808354,0.9680789953563362,2
260831,0,c,151,7,26.889410000876524,1.1011640017386526,24.29924500756897,0.9792409982765093,3
260831,0,c,152,8,26.633232002495788,1.0605510033201426,24.046359001658857,0.9684849937912077,9
260831,0,c,153,9,26.401326002087444,1.065005999407731,23.873687998275273,0.9677639900473878,16
260831,0,c,154,10,26.469964999705553,1.066493001417257,23.873678990639746,0.961880010436289,8
260831,0,c,155,11,26.40092199726496,1.0485120001249015,23.8375569897471,0.9534470009384677,3
260831,0,c,156,12,26.369465005700476,1.224423001985997,23.637266000150703,0.9424370073247701,8
260831,0,c,157,13,26.185256996541284,1.0296800028299913,23.653095995541662,0.9509819938102737,2
260831,0,c,158,14,26.21536300284788,1.026390993501991,23.679727004491724,0.962064994382672,1
260831,0,c,159,15,26.391381994471885,1.353491999907419,23.542120994534343,0.9434259991394356,5
260831,0,c,160,0,26.544195992755704,1.0171600006287917,24.012825000681914,0.9621360077289864,15
260831,0,c,161,1,26.723905000835657,1.1012800096068531,24.080093004158698,0.9652500011725351,1
260831,0,c,162,2,26.683226999011822,1.0855970031116158,24.055538000538945,0.9692220046417788,5
260831,0,c,163,3,26.704301999416202,1.1995960085187107,23.981773003470153,0.9450419893255457,2
260831,0,c,164,4,26.142319999053143,1.03055800718721,23.691105001489632,0.9395710076205432,4
260831,0,c,165,5,26.311537003493868,1.0437930031912401,23.7538229994243,0.9676629997557029,3
260831,0,c,166,6,26.522421001573093,1.1231779935769737,23.945011998875998,0.9484519978286698,2
260831,0,c,167,7,26.6919089917792,1.079526002286002,24.18446500087157,0.9441269939998165,3
260831,0,c,168,8,26.67455999471713,1.0594259947538376,24.10338699701242,0.9633540030336007,9
260831,0,c,169,9,26.476793995243497,1.0570580052444711,23.875721002696082,0.9652269945945591,16
260831,0,c,170,10,28.60256399435457,1.0767140047391877,25.94303801015485,1.0093460005009547,8
260831,0,c,171,11,27.784045989392325,1.1821349908132106,25.01662498980295,1.0097579943249002,3
260831,0,c,172,12,27.80196200183127,1.247862004674971,24.924733996158466,1.0221320117125288,8
260831,0,c,173,13,27.71551799378358,1.1200270091649145,25.03159799380228,0.9708869911264628,2
260831,0,c,174,14,26.10314699995797,1.0979280050378293,23.530535007012077,0.9554949938319623,1
260831,0,c,175,15,26.430584010086022,1.1999129928881302,23.75154400942847,0.9528450027573854,5
260831,0,c,176,0,26.203734989394434,1.0954460012726486,23.608812000020407,0.9529340022709221,15
260831,0,c,177,1,25.801636002142914,1.1514499929035082,23.191453990875743,0.9546380024403334,1
260831,0,c,178,2,25.872828002320603,1.1206789931748062,23.308912001084536,0.9380709961988032,5
260831,0,c,179,3,25.951903997338377,1.2123729975428432,23.306900009629317,0.925427011679858,2
260831,0,c,180,4,25.599158005206846,1.091551996069029,23.074972006725147,0.9334489877801389,4
260831,0,c,181,5,25.678366990177892,1.09544099541381,23.16815200902056,0.9212130098603666,3
260831,0,c,182,6,25.67785400606226,1.0941460059257224,23.132606002036482,0.9570480033289641,2
260831,0,c,183,7,25.73624299839139,1.1572549992706627,23.13786900776904,0.9393790096510202,3
260831,0,c,184,8,25.717304000863805,1.0980899969581515,23.192731008748524,0.924328007386066,9
260831,0,c,185,9,25.625139009207487,1.0923169902525842,23.111148999305442,0.9265670087188482,16
260831,0,c,186,10,25.637011000071652,1.08922399522271,23.132287999032997,0.9247029956895858,8
260831,0,c,187,11,25.552077990141697,1.0861719929380342,23.029011994367465,0.9413340012542903,3
260831,0,c,188,12,25.756654009455815,1.196994009660557,23.138074000598863,0.932711991481483,8
260831,0,c,189,13,25.752569010364823,1.1134809901705012,23.209674007375725,0.9307649888796732,2
260831,0,c,190,14,25.57622799940873,1.0739360004663467,23.108212000806816,0.9042770107043907,1
260831,0,c,191,15,25.728458000230603,1.1659000010695308,23.14907099935226,0.9268290014006197,5
260831,0,c,192,0,25.581719004549086,1.0888550023082644,23.062887994456105,0.9332830086350441,15
260831,0,c,193,1,25.699545003590174,1.1339179909555241,23.152247988036834,0.9267290006391704,1
260831,0,c,194,2,25.754250993486494,1.1034229974029586,23.223537995363586,0.9325639985036105,5
260831,0,c,195,3,25.886146002449095,1.2167340028099716,23.25369899335783,0.9212309960275888,2
260831,0,c,196,4,25.743003003299236,1.1021929967682809,23.21432498865761,0.927503002458252,4
260831,0,c,197,5,25.61963199696038,1.086602991563268,23.098709003534168,0.9432529914192855,3
260831,0,c,198,6,25.785517995245755,1.0892949940171093,23.2761439983733,0.9312839974882081,2
260831,0,c,199,7,25.809155995375477,1.140164997195825,23.231518003740348,0.9443480084883049,3
260831,0,d,0,0,25.59195799403824,1.0892360005527735,23.64976600802038,0.3369170008227229,13
260831,0,d,1,1,25.653736011008732,1.1564130109036341,23.672025999985635,0.32313600240740925,1
260831,0,d,2,2,25.621754000894725,1.053635001881048,23.71771000616718,0.32901999657042325,6
260831,0,d,3,3,25.78768199600745,1.20624499686528,23.747065002680756,0.3385219897609204,2
260831,0,d,4,4,25.596715000574477,1.1014850024366751,23.672094990615733,0.32816499879118055,3
260831,0,d,5,5,25.61913599492982,1.1039409873774275,23.679306992562488,0.3280000091763213,3
260831,0,d,6,6,25.526965007884428,1.103065995266661,23.596888000611216,0.32968899176921695,2
260831,0,d,7,7,25.539131005643867,1.1451460013631731,23.558711996884085,0.32963200646918267,3
260831,0,d,8,8,25.66010400187224,1.1063050042139366,23.705928993877023,0.3330999898025766,8
260831,0,d,9,9,25.51105800375808,1.1081440025009215,23.57880398631096,0.32461099908687174,14
260831,0,d,10,10,25.45210199605208,1.0978869977407157,23.51772900146898,0.3318980016047135,7
260831,0,d,11,11,25.41835600277409,1.0961500083794817,23.509555001510307,0.32332699629478157,4
260831,0,d,12,12,25.63369699055329,1.2096519931219518,23.587742005474865,0.332927011186257,9
260831,0,d,13,13,25.460727003519423,1.1059540120186284,23.519435999332927,0.3316829970572144,3
260831,0,d,14,14,25.47091999440454,1.0658649989636615,23.576309002237394,0.3299799864180386,1
260831,0,d,15,15,25.544881995301694,1.1521379929035902,23.5661640035687,0.3289729938842356,5
260831,0,d,16,0,25.574258994311094,1.0594460036372766,23.68336399376858,0.3267410065745935,13
260831,0,d,17,1,25.583492999430746,1.104768001823686,23.643092994461767,0.3258609940530732,1
260831,0,d,18,2,25.457027993979864,1.1164559982717037,23.516209999797866,0.3301190008642152,6
260831,0,d,19,3,25.5814010015456,1.218464007251896,23.535639003966935,0.3323929995531216,2
260831,0,d,20,4,25.548846009769477,1.1364899983163923,23.57443700020667,0.32932199246715754,3
260831,0,d,21,5,25.471986999036744,1.1028400040231645,23.5304689995246,0.33065699972212315,3
260831,0,d,22,6,25.34767299948726,1.0969450086122379,23.432536007021554,0.32213100348599255,2
260831,0,d,23,7,25.43448400683701,1.156288999482058,23.44464699854143,0.3243160026613623,3
260831,0,d,24,8,25.447966996580362,1.09035600326024,23.53349501208868,0.3307470033178106,8
260831,0,d,25,9,25.497731010545976,1.108436001231894,23.55906300363131,0.3293430054327473,14
260831,0,d,26,10,25.64771600009408,1.1120709968963638,23.685884007136337,0.3349730104673654,7
260831,0,d,27,11,25.625205002143048,1.1107669997727498,23.65661998919677,0.34271800541318953,4
260831,0,d,28,12,25.699219011585228,1.2060610024491325,23.65657000336796,0.3306419966975227,9
260831,0,d,29,13,25.7208449911559,1.1254329874645919,23.75636200304143,0.3333509957883507,3
260831,0,d,30,14,25.800157993217,1.0998079960700125,23.843409013352357,0.33603499468881637,1
260831,0,d,31,15,25.7522480096668,1.1865900014527142,23.71699300420005,0.33153399999719113,5
260831,0,d,32,0,25.64448199700564,1.0852489940589294,23.73177799745463,0.3263789985794574,13
260831,0,d,33,1,25.61331700417213,1.1422259995015338,23.644183005671948,0.32247199851553887,1
260831,0,d,34,2,25.6065400026273,1.094923005439341,23.671659000683576,0.3358190006110817,6
260831,0,d,35,3,25.758158008102328,1.2098199949832633,23.699690005742013,0.33405100111849606,2
260831,0,d,36,4,25.699186997371726,1.096353997127153,23.772201995598152,0.3336689987918362,3
260831,0,d,37,5,25.574964995030314,1.091434998670593,23.64578499691561,0.3330830077175051,3
260831,0,d,38,6,25.510263003525324,1.1073490022681653,23.570460005430505,0.32356599695049226,2
260831,0,d,39,7,25.454430011450313,1.1461969988886267,23.4874080051668,0.32650199136696756,3
260831,0,d,40,8,25.557982007740065,1.0933120065601543,23.647344001801684,0.324273991282098,8
260831,0,d,41,9,25.477044997387566,1.1007580033037812,23.526094999397174,0.3308400046080351,14
260831,0,d,42,10,25.720432997331955,1.091864993213676,23.790081002516672,0.33358899236191064,7
260831,0,d,43,11,25.541461000102572,1.1174219980603084,23.60275000683032,0.32328801171388477,4
260831,0,d,44,12,25.698294004541822,1.2126249930588529,23.652896998100914,0.32764799834694713,9
260831,0,d,45,13,25.4450700012967,1.1080030089942738,23.493565007811412,0.32992500928230584,3
260831,0,d,46,14,25.40818598936312,1.0672789940144867,23.504482000134885,0.3340889961691573,1
260831,0,d,47,15,25.664490007329732,1.1788669944508001,23.650082002859563,0.33062500006053597,5
260831,0,d,48,0,25.59288000338711,1.1120410053990781,23.65748600277584,0.3220590006094426,13
260831,0,d,49,1,25.485799997113645,1.1219299922231585,23.543130009784363,0.32955499773379415,1
260831,0,d,50,2,25.494683999568224,1.1059069947805256,23.575817001983523,0.32465599360875785,6
260831,0,d,51,3,25.585160998161882,1.1999699927400798,23.54423799260985,0.33402099506929517,2
260831,0,d,52,4,25.390338007127866,1.1017840006388724,23.452092995285057,0.3315860085422173,3
260831,0,d,53,5,25.486459999228828,1.0912470024777576,23.553890001494437,0.33320000511594117,3
260831,0,d,54,6,25.58506900095381,1.1038960074074566,23.648225993383676,0.3289640008006245,2
260831,0,d,55,7,25.580282002920285,1.1449149897089228,23.593403995619155,0.3334759967401624,3
260831,0,d,56,8,25.559531000908464,1.0937369952443987,23.642200001631863,0.3262649988755584,8
260831,0,d,57,9,25.522128999000415,1.0970450093736872,23.58232000551652,0.3378300025360659,14
260831,0,d,58,10,25.669178998214193,1.0839210008271039,23.748976993374527,0.3336789959575981,7
260831,0,d,59,11,25.723076993017457,1.1284600041108206,23.758634997648187,0.32795500010252,4
260831,0,d,60,12,25.622848988859914,1.2106579961255193,23.574274993734434,0.32530800672248006,9
260831,0,d,61,13,25.580885005183518,1.1196440027561039,23.631461008335464,0.32826399547047913,3
260831,0,d,62,14,25.424556006328203,1.0740569996414706,23.523637995822355,0.32671799999661744,1
260831,0,d,63,15,25.70729999570176,1.1690870014717802,23.688874003710225,0.3339630056871101,5
260831,0,d,64,0,25.81216100952588,1.1185629991814494,23.84008299850393,0.3343880089232698,13
260831,0,d,65,1,25.714339994010516,1.138459992944263,23.734444999718107,0.3355029912199825,1
260831,0,d,66,2,25.50506399711594,1.0998719953931868,23.558996006613597,0.33499099663458765,6
260831,0,d,67,3,25.56045500386972,1.204935004352592,23.53461399616208,0.32765801006462425,2
260831,0,d,68,4,25.423917002626695,1.0958930070046335,23.48543200059794,0.33296699984930456,3
260831,0,d,69,5,25.393464995431714,1.0929109994322062,23.476444999687374,0.32965799618978053,3
260831,0,d,70,6,25.627915994846262,1.1090220068581402,23.657885001739487,0.3423529997235164,2
260831,0,d,71,7,25.73116699932143,1.158348997705616,23.729064996587113,0.3358149988343939,3
260831,0,d,72,8,26.46081001148559,1.1393349996069446,24.478334991727024,0.3340800030855462,8
260831,0,d,73,9,25.597311003366485,1.072240003850311,23.68000999558717,0.33890100894495845,14
260831,0,d,74,10,25.53730500221718,1.097419997677207,23.60794100968633,0.3336410009069368,7
260831,0,d,75,11,25.56820400059223,1.1037939984817058,23.611630997038446,0.33507800253573805,4
260831,0,d,76,12,25.65630999743007,1.2185900122858584,23.59399299893994,0.32658499549143016,9
260831,0,d,77,13,25.57117100514006,1.1160099966218695,23.62948800146114,0.32584699511062354,3
260831,0,d,78,14,25.36112500820309,1.073088002158329,23.45715400588233,0.3198569902451709,1
260831,0,d,79,15,25.499391995253973,1.1634649999905378,23.51076400373131,0.3242899983888492,5
260831,0,d,80,0,25.398851998033933,1.1034820054192096,23.46859399403911,0.32756499422248453,13
260831,0,d,81,1,25.575124003808014,1.135352998971939,23.599521999130957,0.32459500653203577,1
260831,0,d,82,2,25.5037530005211,1.1147029872518033,23.557687003631145,0.3243829996790737,6
260831,0,d,83,3,25.456806004513055,1.1939020041609183,23.44186899426859,0.3305389982415363,2
260831,0,d,84,4,25.60196298873052,1.1243990011280403,23.644326996873133,0.33552400418557227,3
260831,0,d,85,5,25.55803398718126,1.1089649924542755,23.614271005499177,0.33123699540738016,3
260831,0,d,86,6,25.596852996386588,1.1066520091844723,23.640922998310998,0.3382819995749742,2
260831,0,d,87,7,25.802650998230092,1.1570799979381263,23.792159001459368,0.3431229997659102,3
260831,0,d,88,8,25.64917699783109,1.0956599871860817,23.699829005636275,0.32873000600375235,8
260831,0,d,89,9,25.86681798857171,1.1309880064800382,23.89333100290969,0.337784003932029,14
260831,0,d,90,10,25.850772013654932,1.0922619985649362,23.91044099931605,0.3349530015839264,7
260831,0,d,91,11,25.697743010823615,1.1119920091005042,23.748562001856044,0.3373000072315335,4
260831,0,d,92,12,25.924841000232846,1.229008994414471,23.847383999964222,0.3359830006957054,9
260831,0,d,93,13,25.964568005292676,1.1685280042001978,23.947046996909194,0.3347229940118268,3
260831,0,d,94,14,25.904395995894447,1.0942829976556823,23.936500001582317,0.3346430021338165,1
260831,0,d,95,15,25.988535999204032,1.1391519947210327,24.008991997106932,0.3373649960849434,5
260831,0,d,96,0,25.662890999228694,1.1388900020392612,23.697850992903113,0.32823000219650567,13
260831,0,d,97,1,25.795850990107283,1.1400399962440133,23.819141992134973,0.33441399864386767,1
260831,0,d,98,2,25.815875007538125,1.098759996239096,23.8703799986979,0.3390050114830956,6
260831,0,d,99,3,26.02405300422106,1.2578019959619269,23.943959007738158,0.3304190031485632,2
260831,0,d,100,4,25.674206990515813,1.111360004870221,23.739263007882982,0.33020699629560113,3
260831,0,d,101,5,25.478190000285394,1.099557994166389,23.558750996016897,0.326982990372926,3
260831,0,d,102,6,25.544856005581096,1.0969590075546876,23.615126992808655,0.33079099375754595,2
260831,0,d,103,7,25.724148988956586,1.148874987848103,23.739341006148607,0.33184399944730103,3
260831,0,d,104,8,25.684022999485023,1.1010890011675656,23.717256990494207,0.3477020072750747,8
260831,0,d,105,9,25.847898999927565,1.2030799989588559,23.79400099744089,0.334143012878485,14
260831,0,d,106,10,25.611292992834933,1.1092290078522637,23.643558990443125,0.3440470027271658,7
260831,0,d,107,11,25.616048005758785,1.110775992856361,23.67896599753294,0.32920199737418443,4
260831,0,d,108,12,25.66693999688141,1.2241320073371753,23.59941799659282,0.3293579939054325,9
260831,0,d,109,13,25.634400008129887,1.117430001613684,23.676889992202632,0.33939800050575286,3
260831,0,d,110,14,25.495819994830526,1.080253001418896,23.58484400610905,0.3234080068068579,1
260831,0,d,111,15,25.623869005357847,1.1691549880197272,23.622717009857297,0.33155699202325195,5
260831,0,d,112,0,25.43298499949742,1.0973820026265457,23.51621599518694,0.3269519947934896,13
260831,0,d,113,1,25.513603002764285,1.134037011070177,23.550558005808853,0.32921000092756003,1
260831,0,d,114,2,25.44654198572971,1.1007749999407679,23.52026900916826,0.3329470055177808,6
260831,0,d,115,3,26.006104992120527,1.2067240022588521,23.95708298718091,0.3260910016251728,2
260831,0,d,116,4,25.961578998249024,1.104343988117762,24.02277899091132,0.33260200871154666,3
260831,0,d,117,5,25.825909004197456,1.038713991874829,23.93961300549563,0.3301819961052388,3
260831,0,d,118,6,25.574498999048956,1.1037859949283302,23.639994993573055,0.32955699134618044,2
260831,0,d,119,7,25.641054002335295,1.1518329993123189,23.658168996917084,0.327678004396148,3
260831,0,d,120,8,25.572174999979325,1.0860390029847622,23.63804700144101,0.3417349944356829,8
260831,0,d,121,9,25.709944995469414,1.1144970048917457,23.735998998745345,0.342901999829337,14
260831,0,d,122,10,25.629896990722045,1.1209700023755431,23.673142000916414,0.32871599250938743,7
260831,0,d,123,11,25.545103999320418,1.1197849962627515,23.580490989843383,0.3365820011822507,4
260831,0,d,124,12,25.808980004512705,1.196348006487824,23.768354003550485,0.3375079977558926,9
260831,0,d,125,13,25.661498002591543,1.1207210045540705,23.70603900635615,0.3286880091764033,3
260831,0,d,126,14,25.916197002516128,1.0876869928324595,23.994242990738712,0.33257799805141985,1
260831,0,d,127,15,25.73218199540861,1.1989999911747873,23.683231993345544,0.3282730031060055,5
260831,0,d,128,0,25.393536998308264,1.0981579980580136,23.47560900670942,0.3221829974791035,13
260831,0,d,129,1,25.422185004572384,1.142351989983581,23.454830996342935,0.32844400266185403,1
260831,0,d,130,2,25.543231997289695,1.0923990048468113,23.623743007192388,0.3299020027043298,6
260831,0,d,131,3,25.717387004988268,1.2135230062995106,23.65214999008458,0.3257630014559254,2
260831,0,d,132,4,25.50719400460366,1.110633005737327,23.55369899305515,0.33220699697267264,3
260831,0,d,133,5,25.33381099055987,1.1000829981639981,23.412445007124916,0.32345199724659324,3
260831,0,d,134,6,25.413919996935874,1.10317999497056,23.48536999488715,0.3286120045231655,2
260831,0,d,135,7,25.5089350102935,1.137275990913622,23.548363998997957,0.3248959983466193,3
260831,0,d,136,8,25.442708996706642,1.1025720014004037,23.515249995398335,0.3261929959990084,8
260831,0,d,137,9,25.436542011448182,1.103942995541729,23.50403201126028,0.3303440025774762,14
260831,0,d,138,10,25.550108999595977,1.0966089903376997,23.61443600966595,0.3334709908813238,7
260831,0,d,139,11,25.50308799254708,1.1075889924541116,23.5490469931392,0.33781999081838876,4
260831,0,d,140,12,25.517720001516864,1.210055997944437,23.48597499076277,0.32597300014458597,9
260831,0,d,141,13,25.58013300586026,1.1132329964311793,23.624348992598243,0.3378750116098672,3
260831,0,d,142,14,25.608875002944842,1.0920880013145506,23.66374399571214,0.3575329901650548,1
260831,0,d,143,15,25.8126520056976,1.1808900017058477,23.7788179947529,0.3387729957466945,5
260831,0,d,144,0,25.936461999663152,1.1215499980608001,23.949715003254823,0.34905699430964887,13
260831,0,d,145,1,26.039909993414767,1.1520940024638548,24.021411009016447,0.3410609933780506,1
260831,0,d,146,2,26.109235011972487,1.124905000324361,24.127153999870643,0.34088500251527876,6
260831,0,d,147,3,25.974524003686383,1.1994660017080605,23.91382699715905,0.35105200367979705,2
260831,0,d,148,4,25.868266995530576,1.145432994235307,23.85506899736356,0.34253401099704206,3
260831,0,d,149,5,25.783510005567223,1.0979990038322285,23.839336005039513,0.33496299874968827,3
260831,0,d,150,6,25.711981987114996,1.1127890029456466,23.75020700856112,0.33768400317057967,2
260831,0,d,151,7,25.87259199935943,1.1409970029490069,23.887521005235612,0.33838099625427276,3
260831,0,d,152,8,26.186263989075087,1.1037790100090206,24.236544995801523,0.33824499405454844,8
260831,0,d,153,9,25.946825990104116,1.1203700123587623,23.952928007929586,0.35774199932347983,14
260831,0,d,154,10,26.155251005548052,1.1029779998352751,24.177291998057626,0.35405899689067155,7
260831,0,d,155,11,26.145506009925157,1.1372680019121617,24.146912997821346,0.34126799437217414,4
260831,0,d,156,12,26.059556999825872,1.240379991941154,23.961354003404267,0.3341559931868687,9
260831,0,d,157,13,25.898417996359058,1.1156769905937836,23.938687998452224,0.3376359964022413,3
260831,0,d,158,14,25.733935995958745,1.0929889976978302,23.785199999110773,0.3366919991094619,1
260831,0,d,159,15,25.7689610007219,1.1694150016410276,23.744318008539267,0.33776900090742856,5
260831,0,d,160,0,26.036940995254554,1.1149600031785667,24.073524997220375,0.3343880089232698,13
260831,0,d,161,1,25.762710996787064,1.1575120006455109,23.74377500382252,0.3347790043335408,1
260831,0,d,162,2,25.65637200314086,1.1152500082971528,23.69905299565289,0.3361039998708293,6
260831,0,d,163,3,26.086989004397765,1.2295600026845932,23.987282998859882,0.349215988535434,2
260831,0,d,164,4,25.90072900056839,1.1152910010423511,23.93117200699635,0.33698100014589727,3
260831,0,d,165,5,26.209379007923417,1.1269139940850437,24.20634700683877,0.34109198895748705,3
260831,0,d,166,6,26.076476991875097,1.123409005231224,24.0704750031,0.357642988092266,2
260831,0,d,167,7,26.002767001045868,1.1494409991428256,23.987879991182126,0.35027800186071545,3
260831,0,d,168,8,25.736383002367802,1.0989630100084469,23.787066995282657,0.330738999764435,8
260831,0,d,169,9,25.714478993904777,1.112015001126565,23.76263499900233,0.33203899511136115,14
260831,0,d,170,10,25.705317995743826,1.1003550025634468,23.763108998537064,0.33120799344033003,7
260831,0,d,171,11,25.59744199970737,1.109805001760833,23.640020997845568,0.34106799284927547,4
260831,0,d,172,12,25.907123999786563,1.2026350013911724,23.854439001297578,0.335504999384284,9
260831,0,d,173,13,25.90234999661334,1.1406220000935718,23.91352401173208,0.33622499904595315,3
260831,0,d,174,14,25.956746001611464,1.0848639940377325,24.000702003831975,0.3398990083951503,1
260831,0,d,175,15,26.061755008413456,1.166901012766175,24.051701999269426,0.3340299881529063,5
260831,0,d,176,0,25.776324997423217,1.097396991099231,23.827771001379006,0.3395500098122284,13
260831,0,d,177,1,25.97349499410484,1.1683050106512383,23.955700991791673,0.33642198832239956,1
260831,0,d,178,2,25.964388012653217,1.1642309982562438,23.95314800378401,0.33146700297947973,6
260831,0,d,179,3,25.890093995258212,1.2117009900975972,23.82631800719537,0.3416190011193976,2
260831,0,d,180,4,25.846145988907665,1.121958004659973,23.87469500536099,0.3328609891468659,3
260831,0,d,181,5,25.709850000566803,1.0946130059892312,23.77142501063645,0.34055899595841765,3
260831,0,d,182,6,25.867772012134083,1.1091439955634996,23.894689002190717,0.34801900619640946,2
260831,0,d,183,7,26.26332300133072,1.1612680100370198,24.245196997071616,0.3455820115050301,3
260831,0,d,184,8,25.90020399657078,1.122118002967909,23.914562989375554,0.34344600862823427,8
260831,0,d,185,9,25.974857999244705,1.1504819995025173,23.962134000612423,0.342136001563631,14
260831,0,d,186,10,25.84678999846801,1.11585900594946,23.88653499656357,0.3395039966562763,7
260831,0,d,187,11,25.73150201351382,1.1173660022905096,23.765495003317483,0.340042999596335,4
260831,0,d,188,12,26.138944987906143,1.2274229957256466,24.045523008680902,0.34585398680064827,9
260831,0,d,189,13,25.826965997111984,1.1366280086804181,23.847813994507305,0.3286709979875013,3
260831,0,d,190,14,25.85405099671334,1.0762050078483298,23.924520995933563,0.33277699549216777,1
260831,0,d,191,15,25.822846990195103,1.18542299605906,23.799187008989975,0.3272460016887635,5
260831,0,d,192,0,25.65680599946063,1.099900997360237,23.717332995147444,0.3327169979456812,13
260831,0,d,193,1,25.620440996135585,1.1406889971112832,23.644731001695618,0.327729998389259,1
260831,0,d,194,2,25.777946997550316,1.1120779963675886,23.815912994905375,0.3375890082679689,6
260831,0,d,195,3,25.73980599117931,1.2092630058759823,23.685787004069425,0.3364300064276904,2
260831,0,d,196,4,25.76978200522717,1.1120959970867261,23.817777997464873,0.3380010020919144,3
260831,0,d,197,5,25.54543399310205,1.1007720022462308,23.623082000995055,0.3260020021116361,3
260831,0,d,198,6,25.670750997960567,1.1110850027762353,23.719953998806886,0.33602298935875297,2
260831,0,d,199,7,25.860912995995022,1.1503830028232187,23.865808005211875,0.3359380061738193,3
