seed,cell,sample,model_forward_ms,adapter_total_ms,base_ms,factor_ms,adapter_residual_combine_ms,moe_total_ms,router_ms,shared_expert_ms,selected_expert_compute_ms,expert_dispatch_aggregate_ms,non_adapter_model_ms
260829,a,0,5.72108793258667,4.514528006315231,0.33449600636959076,4.140032008290291,0.03999999165534973,0,0,0,0,0.0,1.2065599262714386
260829,a,1,5.679103851318359,4.481344133615494,0.3317120000720024,4.112224072217941,0.03740806132555008,0,0,0,0,0.0,1.1977597177028656
260829,a,2,5.708415985107422,4.506624132394791,0.3532799929380417,4.11715193092823,0.03619220852851868,0,0,0,0,0.0,1.2017918527126312
260829,a,3,5.668863773345947,4.478975921869278,0.328064002096653,4.112384036183357,0.03852788358926773,0,0,0,0,0.0,1.1898878514766693
260829,a,4,5.67193603515625,4.481951922178268,0.32972800731658936,4.114047959446907,0.038175955414772034,0,0,0,0,0.0,1.1899841129779816
260829,a,5,5.7139201164245605,4.508671909570694,0.3524160012602806,4.117504060268402,0.03875184804201126,0,0,0,0,0.0,1.2052482068538666
260829,a,6,5.7188801765441895,4.523487895727158,0.35020799934864044,4.119872078299522,0.05340781807899475,0,0,0,0,0.0,1.1953922808170319
260829,a,7,5.692255973815918,4.49331197142601,0.3328000009059906,4.126720085740089,0.033791884779930115,0,0,0,0,0.0,1.1989440023899078
260829,a,8,5.685503959655762,4.486463963985443,0.3296640068292618,4.120576113462448,0.036223843693733215,0,0,0,0,0.0,1.1990399956703186
260829,a,9,5.692768096923828,4.479999929666519,0.3301119953393936,4.113696038722992,0.036191895604133606,0,0,0,0,0.0,1.212768167257309
260829,a,10,5.71289587020874,4.520960062742233,0.3686400055885315,4.11443205177784,0.03788800537586212,0,0,0,0,0.0,1.191935807466507
260829,a,11,5.66374397277832,4.476928144693375,0.32790400087833405,4.111552014946938,0.03747212886810303,0,0,0,0,0.0,1.1868158280849457
260829,a,12,5.685152053833008,4.494304031133652,0.33161600679159164,4.123743876814842,0.038944147527217865,0,0,0,0,0.0,1.190848022699356
260829,a,13,5.701632022857666,4.504512041807175,0.3316799998283386,4.11945603787899,0.053376004099845886,0,0,0,0,0.0,1.1971199810504913
260829,a,14,5.726208209991455,4.491039901971817,0.3338879942893982,4.1175040900707245,0.039647817611694336,0,0,0,0,0.0,1.235168308019638
260829,a,15,5.67091178894043,4.482047945261002,0.3306560069322586,4.1134080439805984,0.03798389434814453,0,0,0,0,0.0,1.188863843679428
260829,a,16,5.70911979675293,4.50054395198822,0.33769600838422775,4.124672040343285,0.038175903260707855,0,0,0,0,0.0,1.2085758447647095
260829,a,17,5.67091178894043,4.478047877550125,0.3277120068669319,4.114335969090462,0.035999901592731476,0,0,0,0,0.0,1.1928639113903046
260829,a,18,5.688320159912109,4.499167948961258,0.32604800164699554,4.134911984205246,0.03820796310901642,0,0,0,0,0.0,1.1891522109508514
260829,a,19,5.690144062042236,4.482047945261002,0.3309120014309883,4.1134080439805984,0.037727899849414825,0,0,0,0,0.0,1.2080961167812347
260829,a,20,5.666816234588623,4.478975921869278,0.33001600205898285,4.1134080439805984,0.035551875829696655,0,0,0,0,0.0,1.187840312719345
260829,a,21,5.679903984069824,4.489280134439468,0.33475200086832047,4.117504075169563,0.037024058401584625,0,0,0,0,0.0,1.1906238496303558
260829,a,22,5.691391944885254,4.503872096538544,0.32972800731658936,4.135935977101326,0.03820811212062836,0,0,0,0,0.0,1.1875198483467102
260829,a,23,5.677055835723877,4.482047945261002,0.3288320079445839,4.11443205177784,0.03878388553857803,0,0,0,0,0.0,1.1950078904628754
260829,a,24,5.667840003967285,4.479040056467056,0.329632006585598,4.109312012791634,0.040096037089824677,0,0,0,0,0.0,1.1887999475002289
260829,a,25,5.682015895843506,4.488191932439804,0.3326079994440079,4.117856070399284,0.03772786259651184,0,0,0,0,0.0,1.1938239634037018
260829,a,26,5.669888019561768,4.483071953058243,0.3266560062766075,4.119487926363945,0.03692802041769028,0,0,0,0,0.0,1.1868160665035248
260829,a,27,5.673952102661133,4.482272058725357,0.32976000756025314,4.1154560297727585,0.03705602139234543,0,0,0,0,0.0,1.1916800439357758
260829,a,28,5.730303764343262,4.481759935617447,0.32972800731658936,4.115456074476242,0.03657585382461548,0,0,0,0,0.0,1.2485438287258148
260829,a,29,5.669216156005859,4.480703979730606,0.32972799986600876,4.114432066679001,0.036543913185596466,0,0,0,0,0.0,1.1885121762752533
260829,a,30,5.687295913696289,4.504416048526764,0.32972799986600876,4.135935992002487,0.038752056658267975,0,0,0,0,0.0,1.1828798651695251
260829,a,31,5.7024641036987305,4.479999929666519,0.3298560082912445,4.114079907536507,0.036064013838768005,0,0,0,0,0.0,1.2224641740322113
260829,a,32,5.6984639167785645,4.483039945363998,0.3279680013656616,4.114432066679001,0.04063987731933594,0,0,0,0,0.0,1.215423971414566
260829,a,33,5.687295913696289,4.479679971933365,0.3306240066885948,4.113023936748505,0.03603202849626541,0,0,0,0,0.0,1.2076159417629242
260829,a,34,5.672832012176514,4.483071953058243,0.3320319950580597,4.114464059472084,0.03657589852809906,0,0,0,0,0.0,1.1897600591182709
260829,a,35,5.670752048492432,4.482047945261002,0.32972800731658936,4.1160959750413895,0.036223962903022766,0,0,0,0,0.0,1.18870410323143
260829,a,36,5.694143772125244,4.507647901773453,0.35305600613355637,4.118368104100227,0.03622379153966904,0,0,0,0,0.0,1.1864958703517914
260829,a,37,5.707776069641113,4.513600051403046,0.3317760080099106,4.142079934477806,0.03974410891532898,0,0,0,0,0.0,1.1941760182380676
260829,a,38,5.67907190322876,4.48524796962738,0.32972800731658936,4.1185280829668045,0.03699187934398651,0,0,0,0,0.0,1.1938239336013794
260829,a,39,5.696512222290039,4.48102393746376,0.3320000022649765,4.11340805888176,0.03561587631702423,0,0,0,0,0.0,1.2154882848262787
260829,a,40,5.736447811126709,4.542112022638321,0.354592002928257,4.150272086262703,0.03724793344736099,0,0,0,0,0.0,1.194335788488388
260829,a,41,5.6893439292907715,4.497599959373474,0.34508800506591797,4.11443205177784,0.03807990252971649,0,0,0,0,0.0,1.1917439699172974
260829,a,42,5.6708478927612305,4.485119968652725,0.3309440016746521,4.116480067372322,0.03769589960575104,0,0,0,0,0.0,1.1857279241085052
260829,a,43,5.681151866912842,4.483071953058243,0.33081600069999695,4.115456059575081,0.03679989278316498,0,0,0,0,0.0,1.198079913854599
260829,a,44,5.681215763092041,4.482047945261002,0.32870400696992874,4.115456059575081,0.037887878715991974,0,0,0,0,0.0,1.1991678178310394
260829,a,45,5.7045440673828125,4.505247920751572,0.34623999893665314,4.119327947497368,0.03967997431755066,0,0,0,0,0.0,1.1992961466312408
260829,a,46,5.6985602378845215,4.505599945783615,0.3298880010843277,4.113151997327805,0.06255994737148285,0,0,0,0,0.0,1.1929602921009064
260829,a,47,5.71289587020874,4.512863993644714,0.3553280085325241,4.118303939700127,0.0392320454120636,0,0,0,0,0.0,1.2000318765640259
260829,a,48,5.678080081939697,4.484064012765884,0.33075200766324997,4.11648003757,0.036831967532634735,0,0,0,0,0.0,1.1940160691738129
260829,a,49,5.673984050750732,4.4822401106357574,0.32979200035333633,4.114335983991623,0.03811212629079819,0,0,0,0,0.0,1.191743940114975
260829,a,50,5.6750078201293945,4.47558405995369,0.32873599976301193,4.1085120141506195,0.038336046040058136,0,0,0,0,0.0,1.199423760175705
260829,a,51,5.67091178894043,4.48102393746376,0.3277760073542595,4.11539189517498,0.03785603493452072,0,0,0,0,0.0,1.1898878514766693
260829,a,52,5.673984050750732,4.481119930744171,0.33350399881601334,4.112384036183357,0.03523189574480057,0,0,0,0,0.0,1.1928641200065613
260829,a,53,5.691391944885254,4.48079988360405,0.32870400696992874,4.1117440313100815,0.04035184532403946,0,0,0,0,0.0,1.2105920612812042
260829,a,54,5.691391944885254,4.502431929111481,0.32972800731658936,4.133696109056473,0.03900781273841858,0,0,0,0,0.0,1.1889600157737732
260829,a,55,5.6815361976623535,4.484959989786148,0.3304000049829483,4.115456059575081,0.039103925228118896,0,0,0,0,0.0,1.1965762078762054
260829,a,56,5.711872100830078,4.486784130334854,0.3309760019183159,4.116704061627388,0.03910406678915024,0,0,0,0,0.0,1.225087970495224
260829,a,57,5.700607776641846,4.486143976449966,0.3326079994440079,4.114463970065117,0.039072006940841675,0,0,0,0,0.0,1.2144638001918793
260829,a,58,5.69923210144043,4.510463863611221,0.35228800028562546,4.118175908923149,0.03999995440244675,0,0,0,0,0.0,1.1887682378292084
260829,a,59,5.6842241287231445,4.489760011434555,0.3328000083565712,4.1195520013570786,0.037408001720905304,0,0,0,0,0.0,1.1944641172885895
260829,a,60,5.679135799407959,4.486975967884064,0.33184000104665756,4.115680053830147,0.03945591300725937,0,0,0,0,0.0,1.1921598315238953
260829,a,61,5.6787519454956055,4.485119968652725,0.3320639953017235,4.115456059575081,0.03759991377592087,0,0,0,0,0.0,1.1936319768428802
260829,a,62,5.685247898101807,4.4912640154361725,0.3361920043826103,4.11648003757,0.03859197348356247,0,0,0,0,0.0,1.1939838826656342
260829,a,63,5.671584129333496,4.481823951005936,0.3304320052266121,4.11443205177784,0.03695989400148392,0,0,0,0,0.0,1.1897601783275604
260829,a,64,5.688320159912109,4.486079931259155,0.3328000009059906,4.116480067372322,0.03679986298084259,0,0,0,0,0.0,1.202240228652954
260829,a,65,5.67193603515625,4.482047945261002,0.3298880010843277,4.112384036183357,0.03977590799331665,0,0,0,0,0.0,1.1898880898952484
260829,a,66,5.6842241287231445,4.490496009588242,0.3317760080099106,4.121567934751511,0.037152066826820374,0,0,0,0,0.0,1.193728119134903
260829,a,67,5.685247898101807,4.4890240132808685,0.3312319964170456,4.119552060961723,0.03823995590209961,0,0,0,0,0.0,1.196223884820938
260829,a,68,5.67193603515625,4.480063945055008,0.3298560008406639,4.113183930516243,0.037024013698101044,0,0,0,0,0.0,1.191872090101242
260829,a,69,5.6985602378845215,4.5119360983371735,0.33696000277996063,4.137983992695808,0.03699210286140442,0,0,0,0,0.0,1.186624139547348
260829,a,70,5.6814398765563965,4.483999937772751,0.33049600571393967,4.115456074476242,0.03804785758256912,0,0,0,0,0.0,1.1974399387836456
260829,a,71,5.673791885375977,4.4821440279483795,0.3287680000066757,4.11648003757,0.0368959903717041,0,0,0,0,0.0,1.191647857427597
260829,a,72,5.6943039894104,4.501824080944061,0.35123199969530106,4.11443205177784,0.03616002947092056,0,0,0,0,0.0,1.1924799084663391
260829,a,73,5.72105598449707,4.51583993434906,0.3317440003156662,4.147135898470879,0.03696003556251526,0,0,0,0,0.0,1.2052160501480103
260829,a,74,5.66864013671875,4.480863988399506,0.3294080048799515,4.1142400950193405,0.03721588850021362,0,0,0,0,0.0,1.1877761483192444
260829,a,75,5.666624069213867,4.477919906377792,0.3307520002126694,4.112384036183357,0.03478386998176575,0,0,0,0,0.0,1.1887041628360748
260829,a,76,5.714943885803223,4.489887982606888,0.33484800159931183,4.117471873760223,0.0375681072473526,0,0,0,0,0.0,1.2250559031963348
260829,a,77,5.66374397277832,4.476863890886307,0.32998399436473846,4.108288019895554,0.03859187662601471,0,0,0,0,0.0,1.1868800818920135
260829,a,78,5.685247898101807,4.485727876424789,0.33075200766324997,4.116287916898727,0.03868795186281204,0,0,0,0,0.0,1.1995200216770172
260829,a,79,5.664959907531738,4.475072056055069,0.32969599962234497,4.1112319976091385,0.03414405882358551,0,0,0,0,0.0,1.1898878514766693
260829,a,80,5.700607776641846,4.489472001791,0.33299199491739273,4.120576083660126,0.0359039232134819,0,0,0,0,0.0,1.2111357748508453
260829,a,81,5.682176113128662,4.483071953058243,0.3299200013279915,4.116480052471161,0.036671899259090424,0,0,0,0,0.0,1.1991041600704193
260829,a,82,5.667840003967285,4.479999929666519,0.3328000083565712,4.111103951931,0.03609596937894821,0,0,0,0,0.0,1.187840074300766
260829,a,83,5.695487976074219,4.502528041601181,0.3331199958920479,4.132959946990013,0.036448098719120026,0,0,0,0,0.0,1.1929599344730377
260829,a,84,5.69536018371582,4.498431950807571,0.3421120047569275,4.119359940290451,0.03696000576019287,0,0,0,0,0.0,1.196928232908249
260829,a,85,5.680384159088135,4.485119968652725,0.33155200630426407,4.115456059575081,0.03811190277338028,0,0,0,0,0.0,1.1952641904354095
260829,a,86,5.7203521728515625,4.509535908699036,0.35737600177526474,4.112287953495979,0.039871953427791595,0,0,0,0,0.0,1.2108162641525269
260829,a,87,5.673984050750732,4.483071953058243,0.330207996070385,4.112384036183357,0.04047992080450058,0,0,0,0,0.0,1.1909120976924896
260829,a,88,5.693120002746582,4.5067839324474335,0.3522239997982979,4.119487941265106,0.03507199138402939,0,0,0,0,0.0,1.1863360702991486
260829,a,89,5.693439960479736,4.482176035642624,0.3328000083565712,4.111999943852425,0.03737608343362808,0,0,0,0,0.0,1.2112639248371124
260829,a,90,5.687071800231934,4.486143976449966,0.3306880071759224,4.117535948753357,0.0379200205206871,0,0,0,0,0.0,1.2009278237819672
260829,a,91,5.685919761657715,4.4966079890728,0.3339200019836426,4.126432031393051,0.03625595569610596,0,0,0,0,0.0,1.1893117725849152
260829,a,92,5.68012809753418,4.479935944080353,0.3303680047392845,4.113440051674843,0.03612788766622543,0,0,0,0,0.0,1.200192153453827
260829,a,93,5.707776069641113,4.511743932962418,0.3280000016093254,4.144480124115944,0.039263807237148285,0,0,0,0,0.0,1.1960321366786957
260829,a,94,5.703392028808594,4.48019203543663,0.3328000009059906,4.111360043287277,0.03603199124336243,0,0,0,0,0.0,1.2231999933719635
260829,a,95,5.6842241287231445,4.48921599984169,0.32972800731658936,4.120576098561287,0.03891189396381378,0,0,0,0,0.0,1.1950081288814545
260829,a,96,5.674816131591797,4.487167984247208,0.3317760080099106,4.11875207722187,0.036639899015426636,0,0,0,0,0.0,1.1876481473445892
260829,a,97,5.6985602378845215,4.505119949579239,0.33075200766324997,4.133887976408005,0.04047996550798416,0,0,0,0,0.0,1.1934402883052826
260829,a,98,5.6893439292907715,4.501824080944061,0.32896000146865845,4.134911954402924,0.03795212507247925,0,0,0,0,0.0,1.1875198483467102
260829,a,99,5.673984050750732,4.482047885656357,0.33023999631404877,4.112384036183357,0.039423853158950806,0,0,0,0,0.0,1.1919361650943756
260829,a,100,5.707776069641113,4.516576021909714,0.3337920010089874,4.119552105665207,0.06323191523551941,0,0,0,0,0.0,1.1912000477313995
260829,a,101,5.679103851318359,4.4902399480342865,0.3346560001373291,4.118528053164482,0.03705589473247528,0,0,0,0,0.0,1.1888639032840729
260829,a,102,5.681151866912842,4.484223961830139,0.3320640027523041,4.113728046417236,0.038431912660598755,0,0,0,0,0.0,1.1969279050827026
260829,a,103,5.717376232147217,4.528927952051163,0.3739200010895729,4.11715193092823,0.03785602003335953,0,0,0,0,0.0,1.188448280096054
260829,a,104,5.665599822998047,4.4755198657512665,0.32873600721359253,4.1100160628557205,0.03676779568195343,0,0,0,0,0.0,1.1900799572467804
260829,a,105,5.682015895843506,4.48102393746376,0.32972800731658936,4.1154560297727585,0.03583990037441254,0,0,0,0,0.0,1.2009919583797455
260829,a,106,5.760000228881836,4.5066238939762115,0.3317760080099106,4.137023985385895,0.03782390058040619,0,0,0,0,0.0,1.2533763349056244
260829,a,107,5.684160232543945,4.487264007329941,0.33504000306129456,4.115456059575081,0.03676794469356537,0,0,0,0,0.0,1.1968962252140045
260829,a,108,5.666816234588623,4.481951922178268,0.32998399436473846,4.114496037364006,0.037471890449523926,0,0,0,0,0.0,1.1848643124103546
260829,a,109,5.671040058135986,4.480735927820206,0.33084800094366074,4.111135914921761,0.03875201195478439,0,0,0,0,0.0,1.1903041303157806
260829,a,110,5.671616077423096,4.483935922384262,0.3299199938774109,4.117504060268402,0.0365118682384491,0,0,0,0,0.0,1.1876801550388336
260829,a,111,5.691391944885254,4.482047945261002,0.3317760080099106,4.11340805888176,0.03686387836933136,0,0,0,0,0.0,1.2093439996242523
260829,a,112,5.681119918823242,4.483135938644409,0.33107200264930725,4.112480044364929,0.03958389163017273,0,0,0,0,0.0,1.197983980178833
260829,a,113,5.678080081939697,4.48323193192482,0.3310080021619797,4.114112108945847,0.03811182081699371,0,0,0,0,0.0,1.1948481500148773
260829,a,114,5.712863922119141,4.526720017194748,0.3307520002126694,4.155519887804985,0.040448129177093506,0,0,0,0,0.0,1.1861439049243927
260829,a,115,5.686272144317627,4.480832010507584,0.32972800731658936,4.115296080708504,0.03580792248249054,0,0,0,0,0.0,1.2054401338100433
260829,a,116,5.718016147613525,4.506752073764801,0.32953600585460663,4.118207976222038,0.05900809168815613,0,0,0,0,0.0,1.2112640738487244
260829,a,117,5.677055835723877,4.486143887042999,0.33177600055933,4.118528038263321,0.03583984822034836,0,0,0,0,0.0,1.1909119486808777
260829,a,118,5.667712211608887,4.479999929666519,0.33001599460840225,4.112384051084518,0.03759988397359848,0,0,0,0,0.0,1.1877122819423676
260829,a,119,5.7118401527404785,4.511743932962418,0.3591040000319481,4.117504075169563,0.03513585776090622,0,0,0,0,0.0,1.200096219778061
260829,a,120,5.697311878204346,4.484095960855484,0.33103999495506287,4.113600045442581,0.039455920457839966,0,0,0,0,0.0,1.2132159173488617
260829,a,121,5.695263862609863,4.506624102592468,0.3304320052266121,4.1400319784879684,0.036160118877887726,0,0,0,0,0.0,1.188639760017395
260829,a,122,5.662720203399658,4.475871950387955,0.3298880010843277,4.111008122563362,0.03497582674026489,0,0,0,0,0.0,1.1868482530117035
260829,a,123,5.709824085235596,4.4919039607048035,0.33104000240564346,4.121952101588249,0.0389118567109108,0,0,0,0,0.0,1.2179201245307922
260829,a,124,5.672895908355713,4.480223923921585,0.33004800975322723,4.110239952802658,0.03993596136569977,0,0,0,0,0.0,1.1926719844341278
260829,a,125,5.676032066345215,4.488191932439804,0.33110400289297104,4.1154560297727585,0.041631899774074554,0,0,0,0,0.0,1.1878401339054108
260829,a,126,5.670688152313232,4.479327887296677,0.32870400696992874,4.112287953495979,0.038335926830768585,0,0,0,0,0.0,1.1913602650165558
260829,a,127,5.67193603515625,4.476096123456955,0.32870400696992874,4.109312012791634,0.03808010369539261,0,0,0,0,0.0,1.195839911699295
260829,a,128,5.673984050750732,4.484351962804794,0.32972800731658936,4.118528068065643,0.036095887422561646,0,0,0,0,0.0,1.189632087945938
260829,a,129,5.739520072937012,4.5260800421237946,0.35254400223493576,4.134911969304085,0.03862407058477402,0,0,0,0,0.0,1.2134400308132172
260829,a,130,5.68012809753418,4.487903922796249,0.3286080062389374,4.121471986174583,0.03782393038272858,0,0,0,0,0.0,1.1922241747379303
260829,a,131,5.708672046661377,4.503584057092667,0.3540799990296364,4.114432021975517,0.03507203608751297,0,0,0,0,0.0,1.2050879895687103
260829,a,132,5.68012809753418,4.4912638664245605,0.3330560028553009,4.120896086096764,0.03731177747249603,0,0,0,0,0.0,1.1888642311096191
260829,a,133,5.67523193359375,4.487167984247208,0.33177600055933,4.119519904255867,0.03587207943201065,0,0,0,0,0.0,1.1880639493465424
260829,a,134,5.696224212646484,4.480671912431717,0.3288640081882477,4.113568052649498,0.03823985159397125,0,0,0,0,0.0,1.2155523002147675
260829,a,135,5.660672187805176,4.4758080542087555,0.33084800094366074,4.108287990093231,0.036672063171863556,0,0,0,0,0.0,1.1848641335964203
260829,a,136,5.682176113128662,4.484416097402573,0.32870400696992874,4.117504060268402,0.03820803016424179,0,0,0,0,0.0,1.1977600157260895
260829,a,137,5.705728054046631,4.483071953058243,0.3336640000343323,4.111360028386116,0.038047924637794495,0,0,0,0,0.0,1.222656100988388
260829,a,138,5.682176113128662,4.486879974603653,0.3306240066885948,4.118368074297905,0.03788789361715317,0,0,0,0,0.0,1.1952961385250092
260829,a,139,5.695487976074219,4.505504101514816,0.35228799283504486,4.11545604467392,0.037760064005851746,0,0,0,0,0.0,1.1899838745594025
260829,a,140,5.69920015335083,4.4813439548015594,0.3276800066232681,4.116480082273483,0.037183865904808044,0,0,0,0,0.0,1.2178561985492706
260829,a,141,5.679872035980225,4.493247926235199,0.34303999692201614,4.1133760660886765,0.03683186322450638,0,0,0,0,0.0,1.1866241097450256
260829,a,142,5.696512222290039,4.486368089914322,0.33270400762557983,4.116480067372322,0.03718401491641998,0,0,0,0,0.0,1.2101441323757172
260829,a,143,5.673183917999268,4.482207924127579,0.33216000348329544,4.1134080439805984,0.036639876663684845,0,0,0,0,0.0,1.1909759938716888
260829,a,144,5.672959804534912,4.481184035539627,0.3314879983663559,4.113280013203621,0.03641602396965027,0,0,0,0,0.0,1.191775768995285
260829,a,145,5.701632022857666,4.504768073558807,0.33052799850702286,4.1367679089307785,0.03747216612100601,0,0,0,0,0.0,1.1968639492988586
260829,a,146,5.669888019561768,4.4811519384384155,0.3303680047392845,4.114432021975517,0.03635191172361374,0,0,0,0,0.0,1.188736081123352
260829,a,147,5.665056228637695,4.478207916021347,0.3307520002126694,4.112384036183357,0.035071879625320435,0,0,0,0,0.0,1.1868483126163483
260829,a,148,5.706431865692139,4.508416086435318,0.3540159985423088,4.116480052471161,0.0379200354218483,0,0,0,0,0.0,1.1980157792568207
260829,a,149,5.708799839019775,4.502783924341202,0.33212799578905106,4.133696034550667,0.03695989400148392,0,0,0,0,0.0,1.2060159146785736
260829,a,150,5.665791988372803,4.478815913200378,0.3277760073542595,4.112384051084518,0.038655854761600494,0,0,0,0,0.0,1.1869760751724243
260829,a,151,5.696512222290039,4.510719925165176,0.3329920023679733,4.11443205177784,0.0632958710193634,0,0,0,0,0.0,1.1857922971248627
260829,a,152,5.710847854614258,4.499776065349579,0.34675200283527374,4.116192057728767,0.03683200478553772,0,0,0,0,0.0,1.211071789264679
260829,a,153,5.677055835723877,4.485119968652725,0.33129600435495377,4.11545604467392,0.038367919623851776,0,0,0,0,0.0,1.1919358670711517
260829,a,154,5.694464206695557,4.482815980911255,0.33075200766324997,4.114432021975517,0.03763195127248764,0,0,0,0,0.0,1.2116482257843018
260829,a,155,5.673984050750732,4.480511963367462,0.329024001955986,4.11334390938282,0.038144052028656006,0,0,0,0,0.0,1.1934720873832703
260829,a,156,5.681119918823242,4.482784062623978,0.3298240005970001,4.114463895559311,0.038496166467666626,0,0,0,0,0.0,1.1983358561992645
260829,a,157,5.681503772735596,4.485887974500656,0.33212800323963165,4.112416043877602,0.04134392738342285,0,0,0,0,0.0,1.1956157982349396
260829,a,158,5.6750078201293945,4.485919862985611,0.3276800066232681,4.121535882353783,0.03670397400856018,0,0,0,0,0.0,1.1890879571437836
260829,a,159,5.672959804534912,4.477951914072037,0.33075200766324997,4.112384051084518,0.03481585532426834,0,0,0,0,0.0,1.1950078904628754
260829,a,160,5.700607776641846,4.485087960958481,0.33177600055933,4.115456059575081,0.03785590082406998,0,0,0,0,0.0,1.2155198156833649
260829,a,161,5.67193603515625,4.484351962804794,0.33158399909734726,4.117504045367241,0.035263918340206146,0,0,0,0,0.0,1.1875840723514557
260829,a,162,5.726208209991455,4.53315207362175,0.3571840077638626,4.13587187230587,0.04009619355201721,0,0,0,0,0.0,1.1930561363697052
260829,a,163,5.665952205657959,4.474879890680313,0.3298560008406639,4.110111907124519,0.03491198271512985,0,0,0,0,0.0,1.1910723149776459
260829,a,164,5.708608150482178,4.512767881155014,0.3317760080099106,4.143104016780853,0.03788785636425018,0,0,0,0,0.0,1.1958402693271637
260829,a,165,5.726208209991455,4.511487990617752,0.3323200047016144,4.142079874873161,0.03708811104297638,0,0,0,0,0.0,1.214720219373703
260829,a,166,5.66374397277832,4.477215886116028,0.3296640068292618,4.110336035490036,0.03721584379673004,0,0,0,0,0.0,1.1865280866622925
260829,a,167,5.711071968078613,4.502528101205826,0.3490240052342415,4.117504075169563,0.03600002080202103,0,0,0,0,0.0,1.2085438668727875
260829,a,168,5.6657280921936035,4.48102393746376,0.3328000009059906,4.112384036183357,0.03583990037441254,0,0,0,0,0.0,1.1847041547298431
260829,a,169,5.688320159912109,4.4912640154361725,0.32998400181531906,4.123648092150688,0.03763192147016525,0,0,0,0,0.0,1.197056144475937
260829,a,170,5.672863960266113,4.476160138845444,0.32870400696992874,4.112319886684418,0.03513624519109726,0,0,0,0,0.0,1.1967038214206696
260829,a,171,5.708608150482178,4.4843200743198395,0.32998400181531906,4.115136101841927,0.03919997066259384,0,0,0,0,0.0,1.2242880761623383
260829,a,172,5.673952102661133,4.486015975475311,0.33075200766324997,4.117439940571785,0.03782402724027634,0,0,0,0,0.0,1.1879361271858215
260829,a,173,5.685247898101807,4.49740794301033,0.3306240066885948,4.128768041729927,0.03801589459180832,0,0,0,0,0.0,1.1878399550914764
260829,a,174,5.691391944885254,4.498303949832916,0.32972800731658936,4.115616038441658,0.052959904074668884,0,0,0,0,0.0,1.1930879950523376
260829,a,175,5.72211217880249,4.492640107870102,0.3328640013933182,4.122848078608513,0.036928027868270874,0,0,0,0,0.0,1.2294720709323883
260829,a,176,5.6910400390625,4.500416070222855,0.32972800731658936,4.132863953709602,0.0378241091966629,0,0,0,0,0.0,1.1906239688396454
260829,a,177,5.671743869781494,4.479999929666519,0.3291199952363968,4.111071929335594,0.0398080050945282,0,0,0,0,0.0,1.191743940114975
260829,a,178,5.676032066345215,4.48524796962738,0.3317760080099106,4.11673603951931,0.03673592209815979,0,0,0,0,0.0,1.1907840967178345
260829,a,179,5.695712089538574,4.506624132394791,0.33347199857234955,4.136959999799728,0.03619213402271271,0,0,0,0,0.0,1.1890879571437836
260829,a,180,5.67193603515625,4.485951989889145,0.32972800731658936,4.1175040900707245,0.038719892501831055,0,0,0,0,0.0,1.185984045267105
260829,a,181,5.669888019561768,4.481023877859116,0.3298880010843277,4.113408014178276,0.03772786259651184,0,0,0,0,0.0,1.188864141702652
260829,a,182,5.707647800445557,4.488191992044449,0.3317760080099106,4.119552060961723,0.03686392307281494,0,0,0,0,0.0,1.2194558084011078
260829,a,183,5.677760124206543,4.486879974603653,0.32793600112199783,4.120576083660126,0.03836788982152939,0,0,0,0,0.0,1.19088014960289
260829,a,184,5.670271873474121,4.481919914484024,0.3307520002126694,4.115199998021126,0.03596791625022888,0,0,0,0,0.0,1.188351958990097
260829,a,185,5.720160007476807,4.491295963525772,0.33184000104665756,4.121312066912651,0.03814389556646347,0,0,0,0,0.0,1.2288640439510345
260829,a,186,5.665984153747559,4.474879890680313,0.33075200766324997,4.107488006353378,0.036639876663684845,0,0,0,0,0.0,1.1911042630672455
260829,a,187,5.686495780944824,4.487007945775986,0.33075200766324997,4.119552060961723,0.03670387715101242,0,0,0,0,0.0,1.1994878351688385
260829,a,188,5.71289587020874,4.4849919974803925,0.33055999875068665,4.1175040900707245,0.03692790865898132,0,0,0,0,0.0,1.2279038727283478
260829,a,189,5.668863773345947,4.4833599627017975,0.3318080008029938,4.1134080439805984,0.03814391791820526,0,0,0,0,0.0,1.1855038106441498
260829,a,190,5.727231979370117,4.515647917985916,0.3367360010743141,4.139967933297157,0.03894398361444473,0,0,0,0,0.0,1.211584061384201
260829,a,191,5.676224231719971,4.478815883398056,0.330655999481678,4.112608045339584,0.03555183857679367,0,0,0,0,0.0,1.1974083483219147
260829,a,192,5.6750078201293945,4.486368030309677,0.33187200129032135,4.117695942521095,0.0368000864982605,0,0,0,0,0.0,1.1886397898197174
260829,a,193,5.671679973602295,4.482911974191666,0.33113599568605423,4.11443205177784,0.03734392672777176,0,0,0,0,0.0,1.1887679994106293
260829,a,194,5.685247898101807,4.49004802107811,0.3338239938020706,4.1202559024095535,0.035968124866485596,0,0,0,0,0.0,1.195199877023697
260829,a,195,5.672959804534912,4.481056123971939,0.3306239992380142,4.113408029079437,0.03702409565448761,0,0,0,0,0.0,1.191903680562973
260829,a,196,5.832704067230225,4.628768116235733,0.3317440077662468,4.261887967586517,0.0351361408829689,0,0,0,0,0.0,1.2039359509944916
260829,a,197,5.695487976074219,4.505215972661972,0.33107199519872665,4.137983977794647,0.036159999668598175,0,0,0,0,0.0,1.1902720034122467
260829,a,198,5.676032066345215,4.484095960855484,0.3326079994440079,4.113792061805725,0.03769589960575104,0,0,0,0,0.0,1.1919361054897308
260829,a,199,5.673823833465576,4.482047945261002,0.3328000009059906,4.112384051084518,0.036863893270492554,0,0,0,0,0.0,1.1917758882045746
260829,b,0,6.180768013000488,4.512576013803482,0.3563520088791847,4.114560067653656,0.04166393727064133,0,0,0,0,0.0,1.6681919991970062
260829,b,1,6.18998384475708,4.5110719203948975,0.35840000212192535,4.115840047597885,0.036831870675086975,0,0,0,0,0.0,1.6789119243621826
260829,b,2,6.193151950836182,4.499839931726456,0.3410240113735199,4.12246398627758,0.03635193407535553,0,0,0,0,0.0,1.693312019109726
260829,b,3,6.135839939117432,4.486239939928055,0.33158400654792786,4.116480067372322,0.03817586600780487,0,0,0,0,0.0,1.6495999991893768
260829,b,4,6.154240131378174,4.486048102378845,0.33296000212430954,4.115103930234909,0.03798417001962662,0,0,0,0,0.0,1.6681920289993286
260829,b,5,6.188032150268555,4.522623926401138,0.35920000821352005,4.124671891331673,0.03875202685594559,0,0,0,0,0.0,1.6654082238674164
260829,b,6,6.1366400718688965,4.490015953779221,0.33452800661325455,4.119167968630791,0.036319978535175323,0,0,0,0,0.0,1.646624118089676
260829,b,7,6.13478422164917,4.486143976449966,0.3338240012526512,4.1154560297727585,0.03686394542455673,0,0,0,0,0.0,1.6486402451992035
260829,b,8,6.119423866271973,4.483711928129196,0.3298880010843277,4.114496037364006,0.03932788968086243,0,0,0,0,0.0,1.6357119381427765
260829,b,9,6.133823871612549,4.48707190155983,0.3309120014309883,4.117504045367241,0.038655854761600494,0,0,0,0,0.0,1.6467519700527191
260829,b,10,6.155168056488037,4.487423986196518,0.33289600163698196,4.116480067372322,0.0380479171872139,0,0,0,0,0.0,1.6677440702915192
260829,b,11,6.18393611907959,4.4954880475997925,0.3389440029859543,4.118784099817276,0.037759944796562195,0,0,0,0,0.0,1.6884480714797974
260829,b,12,6.139904022216797,4.486559957265854,0.3338879942893982,4.116320088505745,0.036351874470710754,0,0,0,0,0.0,1.653344064950943
260829,b,13,6.1227521896362305,4.485055923461914,0.33078400045633316,4.116768032312393,0.037503890693187714,0,0,0,0,0.0,1.6376962661743164
260829,b,14,6.173984050750732,4.511743932962418,0.354592002928257,4.1185280829668045,0.03862384706735611,0,0,0,0,0.0,1.6622401177883148
260829,b,15,6.121471881866455,4.4809280931949615,0.32790400087833405,4.115456059575081,0.03756803274154663,0,0,0,0,0.0,1.6405437886714935
260829,b,16,6.150112152099609,4.510943919420242,0.33187200129032135,4.140032008290291,0.03903990983963013,0,0,0,0,0.0,1.639168232679367
260829,b,17,6.166175842285156,4.516191929578781,0.33587200194597244,4.116127923130989,0.06419200450181961,0,0,0,0,0.0,1.6499839127063751
260829,b,18,6.140128135681152,4.486143976449966,0.33484799414873123,4.114592000842094,0.03670398145914078,0,0,0,0,0.0,1.653984159231186
260829,b,19,6.177792072296143,4.5028480887413025,0.33075200766324997,4.133759900927544,0.03833618015050888,0,0,0,0,0.0,1.67494398355484
260829,b,20,6.178815841674805,4.494271904230118,0.3338880017399788,4.1205760687589645,0.03980783373117447,0,0,0,0,0.0,1.684543937444687
260829,b,21,6.138815879821777,4.4892480075359344,0.33270400762557983,4.118528097867966,0.038015902042388916,0,0,0,0,0.0,1.649567872285843
260829,b,22,6.149951934814453,4.49737611413002,0.3338240012526512,4.124384090304375,0.03916802257299423,0,0,0,0,0.0,1.652575820684433
260829,b,23,6.164192199707031,4.512992084026337,0.3552959933876991,4.120639994740486,0.0370560958981514,0,0,0,0,0.0,1.6512001156806946
260829,b,24,6.163392066955566,4.495008081197739,0.33324799686670303,4.120576098561287,0.04118398576974869,0,0,0,0,0.0,1.6683839857578278
260829,b,25,6.126560211181641,4.48553603887558,0.3328000009059906,4.11647991836071,0.03625611960887909,0,0,0,0,0.0,1.6410241723060608
260829,b,26,6.122496128082275,4.483327955007553,0.32867200672626495,4.1154880821704865,0.0391678661108017,0,0,0,0,0.0,1.6391681730747223
260829,b,27,6.1584320068359375,4.515615940093994,0.36057601124048233,4.11571204662323,0.03932788223028183,0,0,0,0,0.0,1.6428160667419434
260829,b,28,6.133535861968994,4.486656099557877,0.33193599432706833,4.11468805372715,0.040032051503658295,0,0,0,0,0.0,1.6468797624111176
260829,b,29,6.149119853973389,4.488704055547714,0.3328000009059906,4.117504045367241,0.03840000927448273,0,0,0,0,0.0,1.6604157984256744
260829,b,30,6.139135837554932,4.491168111562729,0.33580799400806427,4.118335887789726,0.037024229764938354,0,0,0,0,0.0,1.6479677259922028
260829,b,31,6.132415771484375,4.486816078424454,0.3338240012526512,4.114464029669762,0.03852804750204086,0,0,0,0,0.0,1.6455996930599213
260829,b,32,6.130047798156738,4.489567965269089,0.3316800072789192,4.119551941752434,0.03833601623773575,0,0,0,0,0.0,1.6404798328876495
260829,b,33,6.1412482261657715,4.488191992044449,0.33315200358629227,4.114720061421394,0.04031992703676224,0,0,0,0,0.0,1.6530562341213226
260829,b,34,6.152192115783691,4.494271904230118,0.33369600772857666,4.122912093997002,0.03766380250453949,0,0,0,0,0.0,1.6579202115535736
260829,b,35,6.148096084594727,4.489024072885513,0.33369600772857666,4.116831943392754,0.038496121764183044,0,0,0,0,0.0,1.6590720117092133
260829,b,36,6.120287895202637,4.483135968446732,0.3306560069322586,4.1126401126384735,0.03983984887599945,0,0,0,0,0.0,1.6371519267559052
260829,b,37,6.120639801025391,4.4850239753723145,0.33177600055933,4.114432066679001,0.03881590813398361,0,0,0,0,0.0,1.6356158256530762
260829,b,38,6.16483211517334,4.508703917264938,0.356224000453949,4.114495933055878,0.037983983755111694,0,0,0,0,0.0,1.6561281979084015
260829,b,39,6.151167869567871,4.492064148187637,0.33478400111198425,4.119552060961723,0.03772808611392975,0,0,0,0,0.0,1.6591037213802338
260829,b,40,6.1235198974609375,4.4851199090480804,0.3328000009059906,4.1154560297727585,0.03686387836933136,0,0,0,0,0.0,1.638399988412857
260829,b,41,6.137119770050049,4.500480085611343,0.33113599568605423,4.131999924778938,0.03734416514635086,0,0,0,0,0.0,1.6366396844387054
260829,b,42,6.1626877784729,4.510272026062012,0.3543040081858635,4.1187199503183365,0.03724806755781174,0,0,0,0,0.0,1.6524157524108887
260829,b,43,6.173696041107178,4.505600064992905,0.3338240012526512,4.132768094539642,0.039007969200611115,0,0,0,0,0.0,1.668095976114273
260829,b,44,6.1387200355529785,4.500479966402054,0.34508800506591797,4.116480067372322,0.03891189396381378,0,0,0,0,0.0,1.6382400691509247
260829,b,45,6.139904022216797,4.488191992044449,0.33372800797224045,4.118879958987236,0.03558402508497238,0,0,0,0,0.0,1.651712030172348
260829,b,46,6.161312103271484,4.492832064628601,0.33369600772857666,4.118751958012581,0.04038409888744354,0,0,0,0,0.0,1.6684800386428833
260829,b,47,6.167327880859375,4.489408016204834,0.33270400762557983,4.11657589673996,0.040128111839294434,0,0,0,0,0.0,1.677919864654541
260829,b,48,6.17087984085083,4.514335930347443,0.35660799592733383,4.1203200072050095,0.037407927215099335,0,0,0,0,0.0,1.6565439105033875
260829,b,49,6.149216175079346,4.4933761060237885,0.34111999720335007,4.114816024899483,0.03744008392095566,0,0,0,0,0.0,1.6558400690555573
260829,b,50,6.131360054016113,4.484735935926437,0.33075200766324997,4.11558410525322,0.038399823009967804,0,0,0,0,0.0,1.646624118089676
260829,b,51,6.120448112487793,4.483199924230576,0.3307520002126694,4.1147200763225555,0.03772784769535065,0,0,0,0,0.0,1.6372481882572174
260829,b,52,6.152256011962891,4.508799880743027,0.3320319950580597,4.140256121754646,0.03651176393032074,0,0,0,0,0.0,1.643456131219864
260829,b,53,6.183040142059326,4.509536027908325,0.3511679992079735,4.119552090764046,0.038815937936306,0,0,0,0,0.0,1.673504114151001
260829,b,54,6.1528639793396,4.493856102228165,0.33475200086832047,4.120576113462448,0.03852798789739609,0,0,0,0,0.0,1.659007877111435
260829,b,55,6.160543918609619,4.486143976449966,0.3318080008029938,4.116480052471161,0.03785592317581177,0,0,0,0,0.0,1.6743999421596527
260829,b,56,6.316991806030273,4.585759997367859,0.3850559964776039,4.158271983265877,0.042432017624378204,0,0,0,0,0.0,1.7312318086624146
260829,b,57,6.170432090759277,4.5158399641513824,0.35868799686431885,4.116511985659599,0.040639981627464294,0,0,0,0,0.0,1.654592126607895
260829,b,58,6.164671897888184,4.511680036783218,0.3532800003886223,4.120127901434898,0.03827213495969772,0,0,0,0,0.0,1.6529918611049652
260829,b,59,6.162496089935303,4.487167984247208,0.3314560055732727,4.1165760308504105,0.039135947823524475,0,0,0,0,0.0,1.675328105688095
260829,b,60,6.154240131378174,4.485119968652725,0.33158400654792786,4.11545604467392,0.038079917430877686,0,0,0,0,0.0,1.6691201627254486
260829,b,61,6.136127948760986,4.500480085611343,0.33007999509572983,4.116480067372322,0.05392002314329147,0,0,0,0,0.0,1.635647863149643
260829,b,62,6.140639781951904,4.4937600791454315,0.33155200630426407,4.123648121953011,0.03855995088815689,0,0,0,0,0.0,1.6468797028064728
260829,b,63,6.152256011962891,4.49331197142601,0.33478400111198425,4.120095893740654,0.03843207657337189,0,0,0,0,0.0,1.6589440405368805
260829,b,64,6.146048069000244,4.49238395690918,0.3330560028553009,4.117792055010796,0.04153589904308319,0,0,0,0,0.0,1.6536641120910645
260829,b,65,6.163296222686768,4.5168958604335785,0.35731200128793716,4.121632024645805,0.03795183449983597,0,0,0,0,0.0,1.646400362253189
260829,b,66,6.196896076202393,4.528192073106766,0.33395200222730637,4.13776008784771,0.056479983031749725,0,0,0,0,0.0,1.6687040030956268
260829,b,67,6.146048069000244,4.503552109003067,0.3338880017399788,4.13081593811512,0.03884816914796829,0,0,0,0,0.0,1.6424959599971771
260829,b,68,6.127359867095947,4.485119968652725,0.3314559981226921,4.116928055882454,0.03673591464757919,0,0,0,0,0.0,1.642239898443222
260829,b,69,6.131008148193359,4.481119930744171,0.32969600707292557,4.112384036183357,0.039039887487888336,0,0,0,0,0.0,1.6498882174491882
260829,b,70,6.127679824829102,4.486143976449966,0.3317760080099106,4.1164481192827225,0.037919849157333374,0,0,0,0,0.0,1.6415358483791351
260829,b,71,6.138688087463379,4.486175984144211,0.3309440016746521,4.117504045367241,0.03772793710231781,0,0,0,0,0.0,1.652512103319168
260829,b,72,6.1378560066223145,4.49932798743248,0.3318080008029938,4.132287934422493,0.0352320522069931,0,0,0,0,0.0,1.6385280191898346
260829,b,73,6.167488098144531,4.5158399641513824,0.3379199951887131,4.139808118343353,0.0381118506193161,0,0,0,0,0.0,1.6516481339931488
260829,b,74,6.142816066741943,4.486335963010788,0.3338240012526512,4.115456059575081,0.03705590218305588,0,0,0,0,0.0,1.6564801037311554
260829,b,75,6.151360034942627,4.492351979017258,0.3317760080099106,4.121472090482712,0.039103880524635315,0,0,0,0,0.0,1.6590080559253693
260829,b,76,6.168831825256348,4.492576003074646,0.33587199449539185,4.119552090764046,0.037151917815208435,0,0,0,0,0.0,1.6762558221817017
260829,b,77,6.12659215927124,4.484415918588638,0.3328000009059906,4.114432066679001,0.03718385100364685,0,0,0,0,0.0,1.642176240682602
260829,b,78,6.159359931945801,4.508512109518051,0.3381440043449402,4.13286392390728,0.037504181265830994,0,0,0,0,0.0,1.6508478224277496
260829,b,79,6.168960094451904,4.514656037092209,0.3325120061635971,4.142080023884773,0.0400640070438385,0,0,0,0,0.0,1.6543040573596954
260829,b,80,6.158720016479492,4.490016013383865,0.3346240073442459,4.115616038441658,0.039775967597961426,0,0,0,0,0.0,1.6687040030956268
260829,b,81,6.123231887817383,4.485472112894058,0.3317440003156662,4.1165439784526825,0.037184134125709534,0,0,0,0,0.0,1.6377597749233246
260829,b,82,6.162144184112549,4.503680109977722,0.33177600055933,4.131999894976616,0.039904214441776276,0,0,0,0,0.0,1.6584640741348267
260829,b,83,6.153471946716309,4.48921599984169,0.3351680040359497,4.11648003757,0.03756795823574066,0,0,0,0,0.0,1.6642559468746185
260829,b,84,6.17574405670166,4.499136000871658,0.3338240012526512,4.125696077942848,0.039615921676158905,0,0,0,0,0.0,1.6766080558300018
260829,b,85,6.181727886199951,4.510719984769821,0.3543360084295273,4.118528053164482,0.03785592317581177,0,0,0,0,0.0,1.67100790143013
260829,b,86,6.145023822784424,4.496224015951157,0.3336640074849129,4.1223999708890915,0.04016003757715225,0,0,0,0,0.0,1.6487998068332672
260829,b,87,6.131711959838867,4.487295985221863,0.3338240012526512,4.116608068346977,0.036863915622234344,0,0,0,0,0.0,1.6444159746170044
260829,b,88,6.1532158851623535,4.503231912851334,0.33587199449539185,4.129631966352463,0.037727952003479004,0,0,0,0,0.0,1.64998397231102
260829,b,89,6.13046407699585,4.488320052623749,0.3340800032019615,4.114432066679001,0.03980798274278641,0,0,0,0,0.0,1.6421440243721008
260829,b,90,6.18284797668457,4.514048099517822,0.3582400009036064,4.1185280829668045,0.037280015647411346,0,0,0,0,0.0,1.668799877166748
260829,b,91,6.177408218383789,4.529151946306229,0.3574720025062561,4.134528011083603,0.03715193271636963,0,0,0,0,0.0,1.6482562720775604
260829,b,92,6.142784118652344,4.493504017591476,0.3341439962387085,4.121823951601982,0.03753606975078583,0,0,0,0,0.0,1.6492801010608673
260829,b,93,6.145055770874023,4.490015923976898,0.3338240012526512,4.117407992482185,0.038783930242061615,0,0,0,0,0.0,1.6550398468971252
260829,b,94,6.152575969696045,4.490240007638931,0.3328000083565712,4.120383933186531,0.03705606609582901,0,0,0,0,0.0,1.6623359620571136
260829,b,95,6.150144100189209,4.513344049453735,0.35123199224472046,4.122432053089142,0.03968000411987305,0,0,0,0,0.0,1.6368000507354736
260829,b,96,6.121471881866455,4.483199924230576,0.33209600299596786,4.11443205177784,0.036671869456768036,0,0,0,0,0.0,1.6382719576358795
260829,b,97,6.154592037200928,4.511743873357773,0.3543360009789467,4.119551911950111,0.03785596042871475,0,0,0,0,0.0,1.642848163843155
260829,b,98,6.1829118728637695,4.529856115579605,0.3327680006623268,4.15823994576931,0.03884816914796829,0,0,0,0,0.0,1.6530557572841644
260829,b,99,6.177792072296143,4.4912640154361725,0.3359360024333,4.116575911641121,0.038752101361751556,0,0,0,0,0.0,1.68652805685997
260829,b,100,6.17471981048584,4.5115839540958405,0.33587199449539185,4.1388480216264725,0.036863937973976135,0,0,0,0,0.0,1.6631358563899994
260829,b,101,6.200319766998291,4.513696014881134,0.3499839976429939,4.124255925416946,0.039456091821193695,0,0,0,0,0.0,1.686623752117157
260829,b,102,6.151072025299072,4.4912640154361725,0.3320000022649765,4.121600106358528,0.03766390681266785,0,0,0,0,0.0,1.6598080098628998
260829,b,103,6.177951812744141,4.531519889831543,0.36214400082826614,4.130048006772995,0.03932788223028183,0,0,0,0,0.0,1.6464319229125977
260829,b,104,6.178656101226807,4.487520009279251,0.3338240012526512,4.115488067269325,0.03820794075727463,0,0,0,0,0.0,1.6911360919475555
260829,b,105,6.140927791595459,4.488000065088272,0.3330880030989647,4.116192057728767,0.03872000426054001,0,0,0,0,0.0,1.652927726507187
260829,b,106,6.1457600593566895,4.488895982503891,0.3322560042142868,4.117696076631546,0.038943901658058167,0,0,0,0,0.0,1.6568640768527985
260829,b,107,6.1327362060546875,4.48921599984169,0.33129599690437317,4.118528097867966,0.039391905069351196,0,0,0,0,0.0,1.6435202062129974
260829,b,108,6.140927791595459,4.498432070016861,0.3362240046262741,4.12358395755291,0.038624107837677,0,0,0,0,0.0,1.642495721578598
260829,b,109,6.149216175079346,4.488319993019104,0.33587200194597244,4.1154560297727585,0.03699196130037308,0,0,0,0,0.0,1.6608961820602417
260829,b,110,6.138688087463379,4.49030402302742,0.3349120020866394,4.117471903562546,0.03792011737823486,0,0,0,0,0.0,1.6483840644359589
260829,b,111,6.140704154968262,4.493568122386932,0.33484799414873123,4.1207999885082245,0.037920139729976654,0,0,0,0,0.0,1.6471360325813293
260829,b,112,6.136096000671387,4.490112096071243,0.33376000076532364,4.117600068449974,0.03875202685594559,0,0,0,0,0.0,1.6459839046001434
260829,b,113,6.166528224945068,4.518431901931763,0.3582720085978508,4.119839996099472,0.04031989723443985,0,0,0,0,0.0,1.6480963230133057
260829,b,114,6.139743804931641,4.489439994096756,0.33267200738191605,4.115584015846252,0.041183970868587494,0,0,0,0,0.0,1.6503038108348846
260829,b,115,6.164480209350586,4.49030414223671,0.3351680040359497,4.115647956728935,0.039488181471824646,0,0,0,0,0.0,1.6741760671138763
260829,b,116,6.169663906097412,4.517056107521057,0.35439999401569366,4.121632069349289,0.041024044156074524,0,0,0,0,0.0,1.652607798576355
260829,b,117,6.135807991027832,4.48812797665596,0.3338239938020706,4.117216065526009,0.03708791732788086,0,0,0,0,0.0,1.647680014371872
260829,b,118,6.150144100189209,4.500799983739853,0.3452159985899925,4.118879958987236,0.03670402616262436,0,0,0,0,0.0,1.649344116449356
260829,b,119,6.165311813354492,4.488191992044449,0.33372800797224045,4.117504045367241,0.0369599387049675,0,0,0,0,0.0,1.6771198213100433
260829,b,120,6.140927791595459,4.491424024105072,0.3367360010743141,4.117600083351135,0.03708793967962265,0,0,0,0,0.0,1.649503767490387
260829,b,121,6.169983863830566,4.488095909357071,0.3328640013933182,4.117504075169563,0.03772783279418945,0,0,0,0,0.0,1.6818879544734955
260829,b,122,6.166528224945068,4.495456129312515,0.33961600810289383,4.118528053164482,0.03731206804513931,0,0,0,0,0.0,1.671072095632553
260829,b,123,6.141664028167725,4.495360046625137,0.3365760073065758,4.120576098561287,0.03820794075727463,0,0,0,0,0.0,1.6463039815425873
260829,b,124,6.142943859100342,4.492288023233414,0.3349440023303032,4.1185280829668045,0.038815937936306,0,0,0,0,0.0,1.650655835866928
260829,b,125,6.146880149841309,4.4882239401340485,0.3328000083565712,4.117312058806419,0.03811187297105789,0,0,0,0,0.0,1.6586562097072601
260829,b,126,6.139135837554932,4.489951997995377,0.3338240012526512,4.118624061346054,0.037503935396671295,0,0,0,0,0.0,1.649183839559555
260829,b,127,6.161503791809082,4.5104641020298,0.3338880017399788,4.137760102748871,0.038815997540950775,0,0,0,0,0.0,1.6510396897792816
260829,b,128,6.200319766998291,4.553728073835373,0.3624960035085678,4.130655899643898,0.060576170682907104,0,0,0,0,0.0,1.646591693162918
260829,b,129,6.155648231506348,4.4953599870204926,0.33484800159931183,4.121792063117027,0.03871992230415344,0,0,0,0,0.0,1.660288244485855
260829,b,130,6.128640174865723,4.486560016870499,0.3328639939427376,4.115456089377403,0.03823993355035782,0,0,0,0,0.0,1.642080157995224
260829,b,131,6.144000053405762,4.488191992044449,0.3328000009059906,4.117632061243057,0.037759929895401,0,0,0,0,0.0,1.6558080613613129
260829,b,132,6.17471981048584,4.490399926900864,0.33484799414873123,4.116864025592804,0.03868790715932846,0,0,0,0,0.0,1.6843198835849762
260829,b,133,6.138879776000977,4.490240007638931,0.33270400762557983,4.1167039424180984,0.04083205759525299,0,0,0,0,0.0,1.6486397683620453
260829,b,134,6.148928165435791,4.48921599984169,0.3320000022649765,4.1185280829668045,0.03868791460990906,0,0,0,0,0.0,1.659712165594101
260829,b,135,6.1533122062683105,4.499231964349747,0.3328000009059906,4.1278719156980515,0.03856004774570465,0,0,0,0,0.0,1.6540802419185638
260829,b,136,6.138144016265869,4.491263955831528,0.3328000083565712,4.119520112872124,0.038943834602832794,0,0,0,0,0.0,1.6468800604343414
260829,b,137,6.305503845214844,4.487392097711563,0.3328000083565712,4.117631956934929,0.03696013242006302,0,0,0,0,0.0,1.8181117475032806
260829,b,138,6.369279861450195,4.587583988904953,0.4036799967288971,4.139296010136604,0.0446079820394516,0,0,0,0,0.0,1.7816958725452423
260829,b,139,6.14031982421875,4.48921599984169,0.3328640013933182,4.116479992866516,0.039872005581855774,0,0,0,0,0.0,1.65110382437706
260829,b,140,6.134528160095215,4.488191992044449,0.33344000577926636,4.117504045367241,0.03724794089794159,0,0,0,0,0.0,1.646336168050766
260829,b,141,6.162271976470947,4.495360046625137,0.3341120034456253,4.122752085328102,0.03849595785140991,0,0,0,0,0.0,1.66691192984581
260829,b,142,6.159359931945801,4.5055040419101715,0.3463679924607277,4.119616076350212,0.03951997309923172,0,0,0,0,0.0,1.6538558900356293
260829,b,143,6.1327362060546875,4.484415948390961,0.3320320025086403,4.113087922334671,0.039296023547649384,0,0,0,0,0.0,1.6483202576637268
260829,b,144,6.126368045806885,4.487392097711563,0.33164800703525543,4.117536053061485,0.03820803761482239,0,0,0,0,0.0,1.6389759480953217
260829,b,145,6.130688190460205,4.483167946338654,0.33084800094366074,4.114464059472084,0.03785588592290878,0,0,0,0,0.0,1.6475202441215515
260829,b,146,6.152256011962891,4.490111976861954,0.3356480076909065,4.115167900919914,0.039296068251132965,0,0,0,0,0.0,1.662144035100937
260829,b,147,6.1532158851623535,4.503648102283478,0.34303999692201614,4.121600121259689,0.03900798410177231,0,0,0,0,0.0,1.6495677828788757
260829,b,148,6.136832237243652,4.483295947313309,0.33155199885368347,4.1144320368766785,0.03731191158294678,0,0,0,0,0.0,1.6535362899303436
260829,b,149,6.124544143676758,4.48457607626915,0.33113599568605423,4.116480082273483,0.036959998309612274,0,0,0,0,0.0,1.639968067407608
260829,b,150,6.1550397872924805,4.5077119171619415,0.3306560069322586,4.115872085094452,0.06118382513523102,0,0,0,0,0.0,1.647327870130539
260829,b,151,6.138144016265869,4.4857920706272125,0.33420799672603607,4.1133119612932205,0.03827211260795593,0,0,0,0,0.0,1.6523519456386566
260829,b,152,6.161503791809082,4.49251189827919,0.33318400382995605,4.120896056294441,0.038431838154792786,0,0,0,0,0.0,1.668991893529892
260829,b,153,6.150144100189209,4.492159992456436,0.33587199449539185,4.117504075169563,0.03878392279148102,0,0,0,0,0.0,1.6579841077327728
260829,b,154,6.152192115783691,4.487391948699951,0.3328320011496544,4.117151901125908,0.037408046424388885,0,0,0,0,0.0,1.6648001670837402
260829,b,155,6.163455963134766,4.49126398563385,0.33580800890922546,4.117887929081917,0.037568047642707825,0,0,0,0,0.0,1.6721919775009155
260829,b,156,6.161344051361084,4.498944014310837,0.3423040062189102,4.118528053164482,0.03811195492744446,0,0,0,0,0.0,1.6624000370502472
260829,b,157,6.134751796722412,4.492288023233414,0.3328000009059906,4.122912093997002,0.03657592833042145,0,0,0,0,0.0,1.6424637734889984
260829,b,158,6.131392002105713,4.489664047956467,0.33478400111198425,4.117984086275101,0.036895960569381714,0,0,0,0,0.0,1.6417279541492462
260829,b,159,6.179103851318359,4.486399978399277,0.3338240012526512,4.114432066679001,0.038143910467624664,0,0,0,0,0.0,1.6927038729190826
260829,b,160,6.170623779296875,4.528896063566208,0.3730879947543144,4.115871965885162,0.03993610292673111,0,0,0,0,0.0,1.6417277157306671
260829,b,161,6.142752170562744,4.48991996049881,0.3328000083565712,4.117696076631546,0.039423875510692596,0,0,0,0,0.0,1.6528322100639343
260829,b,162,6.142111778259277,4.4939519464969635,0.3338240012526512,4.120639905333519,0.039488039910793304,0,0,0,0,0.0,1.6481598317623138
260829,b,163,6.166528224945068,4.517151921987534,0.36108799278736115,4.11708801984787,0.03897590935230255,0,0,0,0,0.0,1.6493763029575348
260829,b,164,6.144224166870117,4.492288023233414,0.33484800159931183,4.119552060961723,0.03788796067237854,0,0,0,0,0.0,1.6519361436367035
260829,b,165,6.202367782592773,4.52198401093483,0.3624960035085678,4.121536061167717,0.03795194625854492,0,0,0,0,0.0,1.6803837716579437
260829,b,166,6.139679908752441,4.488320052623749,0.3328000083565712,4.117535874247551,0.03798417001962662,0,0,0,0,0.0,1.6513598561286926
260829,b,167,6.133855819702148,4.492576032876968,0.3328000009059906,4.120768025517464,0.0390080064535141,0,0,0,0,0.0,1.64127978682518
260829,b,168,6.14028787612915,4.491584032773972,0.3369919955730438,4.116544082760811,0.03804795444011688,0,0,0,0,0.0,1.6487038433551788
260829,b,169,6.156223773956299,4.485823959112167,0.3310080021619797,4.117279961705208,0.03753599524497986,0,0,0,0,0.0,1.6703998148441315
260829,b,170,6.142975807189941,4.486399978399277,0.33184000104665756,4.115872070193291,0.03868790715932846,0,0,0,0,0.0,1.6565758287906647
260829,b,171,6.150144100189209,4.503903895616531,0.3319360017776489,4.1193598955869675,0.05260799825191498,0,0,0,0,0.0,1.6462402045726776
260829,b,172,6.165919780731201,4.514655917882919,0.3338240012526512,4.14224000275135,0.038591913878917694,0,0,0,0,0.0,1.6512638628482819
260829,b,173,6.166368007659912,4.488191992044449,0.3357760012149811,4.114528059959412,0.03788793087005615,0,0,0,0,0.0,1.6781760156154633
260829,b,174,6.1528639793396,4.48732802271843,0.33372800797224045,4.115744069218636,0.03785594552755356,0,0,0,0,0.0,1.66553595662117
260829,b,175,6.136832237243652,4.486080080270767,0.3338240012526512,4.115359961986542,0.03689611703157425,0,0,0,0,0.0,1.6507521569728851
260829,b,176,6.128928184509277,4.490272015333176,0.3320320025086403,4.116895914077759,0.04134409874677658,0,0,0,0,0.0,1.6386561691761017
260829,b,177,6.133920192718506,4.488191992044449,0.334976002573967,4.114688113331795,0.038527876138687134,0,0,0,0,0.0,1.645728200674057
260829,b,178,6.144000053405762,4.495200037956238,0.33689600974321365,4.119487956166267,0.038816072046756744,0,0,0,0,0.0,1.648800015449524
260829,b,179,6.203199863433838,4.518528133630753,0.3380800038576126,4.141056016087532,0.03939211368560791,0,0,0,0,0.0,1.6846717298030853
260829,b,180,6.1235198974609375,4.483327955007553,0.33139200508594513,4.114560067653656,0.037375882267951965,0,0,0,0,0.0,1.6401919424533844
260829,b,181,6.139616012573242,4.48921599984169,0.33449599891901016,4.116831943392754,0.0378880575299263,0,0,0,0,0.0,1.6504000127315521
260829,b,182,6.138879776000977,4.485119968652725,0.3319360017776489,4.117504075169563,0.035679891705513,0,0,0,0,0.0,1.6537598073482513
260829,b,183,6.176767826080322,4.522720009088516,0.33798399567604065,4.1472000777721405,0.03753593564033508,0,0,0,0,0.0,1.654047816991806
260829,b,184,6.183680057525635,4.513983935117722,0.33484799414873123,4.116927921772003,0.06220801919698715,0,0,0,0,0.0,1.6696961224079132
260829,b,185,6.142848014831543,4.4953921139240265,0.33398400247097015,4.123551994562149,0.03785611689090729,0,0,0,0,0.0,1.6474559009075165
260829,b,186,6.17574405670166,4.513792008161545,0.3328000009059906,4.1429760456085205,0.03801596164703369,0,0,0,0,0.0,1.6619520485401154
260829,b,187,6.179840087890625,4.527104049921036,0.3491840064525604,4.140032112598419,0.03788793087005615,0,0,0,0,0.0,1.6527360379695892
260829,b,188,6.144256114959717,4.493312031030655,0.3378240093588829,4.118528053164482,0.036959968507289886,0,0,0,0,0.0,1.650944083929062
260829,b,189,6.187136173248291,4.489983886480331,0.3328000083565712,4.118528053164482,0.03865582495927811,0,0,0,0,0.0,1.6971522867679596
260829,b,190,6.166304111480713,4.492287963628769,0.33430399745702744,4.11648003757,0.04150392860174179,0,0,0,0,0.0,1.674016147851944
260829,b,191,6.128320217132568,4.488191992044449,0.3317760080099106,4.119552090764046,0.036863893270492554,0,0,0,0,0.0,1.6401282250881195
260829,b,192,6.1378560066223145,4.491135984659195,0.33267200738191605,4.120799973607063,0.03766400367021561,0,0,0,0,0.0,1.6467200219631195
260829,b,193,6.148096084594727,4.493408024311066,0.33689600974321365,4.117824003100395,0.03868801146745682,0,0,0,0,0.0,1.6546880602836609
260829,b,194,6.159359931945801,4.4924799501895905,0.33484799414873123,4.119040086865425,0.03859186917543411,0,0,0,0,0.0,1.6668799817562103
260829,b,195,6.135039806365967,4.487455993890762,0.3319680020213127,4.116735905408859,0.03875208646059036,0,0,0,0,0.0,1.6475838124752045
260829,b,196,6.151040077209473,4.499200016260147,0.34089601039886475,4.120703890919685,0.037600114941596985,0,0,0,0,0.0,1.6518400609493256
260829,b,197,6.143167972564697,4.494304031133652,0.33587200194597244,4.119327947497368,0.03910408169031143,0,0,0,0,0.0,1.6488639414310455
260829,b,198,6.141823768615723,4.497408002614975,0.3409920036792755,4.115103915333748,0.0413120836019516,0,0,0,0,0.0,1.6444157660007477
260829,b,199,6.13478422164917,4.487167984247208,0.3328000009059906,4.117504045367241,0.036863937973976135,0,0,0,0,0.0,1.6476162374019623
260829,c,0,13.118464469909668,10.549407958984375,0.6656000018119812,9.796640157699585,0.08716779947280884,5.064447999000549,1.4860479980707169,0.235104002058506,0.7602880075573921,2.5830079913139343,2.569056510925293
260829,c,1,13.06332778930664,10.522624254226685,0.6554880067706108,9.782079935073853,0.08505631238222122,5.077408015727997,1.4968959987163544,0.22630400210618973,0.7582399994134903,2.5959680154919624,2.540703535079956
260829,c,2,13.454336166381836,10.909408330917358,0.6696959733963013,10.149984121322632,0.08972823619842529,5.388319909572601,1.6050879806280136,0.25148800387978554,0.8728000000119209,2.6589439250528812,2.5449278354644775
260829,c,3,13.088768005371094,10.523327827453613,0.6576320081949234,9.779360055923462,0.08633576333522797,5.070623993873596,1.5226879864931107,0.22550400346517563,0.7623680084943771,2.5600639954209328,2.5654401779174805
260829,c,4,13.135871887207031,10.558591842651367,0.6585279852151871,9.81606411933899,0.08399973809719086,5.099679946899414,1.50764799118042,0.25225600227713585,0.7654719948768616,2.5743039585649967,2.577280044555664
260829,c,5,13.075455665588379,10.544127702713013,0.6543999910354614,9.80351996421814,0.08620774745941162,5.089184045791626,1.4871359914541245,0.22355200722813606,0.7656640000641346,2.612832047045231,2.531327962875366
260829,c,6,13.128864288330078,10.588064193725586,0.666240006685257,9.836928129196167,0.08489605784416199,5.104992032051086,1.515103965997696,0.2303359992802143,0.7705279961228371,2.589024070650339,2.540800094604492
260829,c,7,13.054240226745605,10.506783723831177,0.652960017323494,9.769951820373535,0.08387188613414764,5.060672044754028,1.5189759880304337,0.22438400238752365,0.7700159996747971,2.547296054661274,2.5474565029144287
260829,c,8,13.111295700073242,10.570207834243774,0.6543039977550507,9.832095861434937,0.08380797505378723,5.083552002906799,1.5053440183401108,0.231455996632576,0.7572480030357838,2.589503984898329,2.5410878658294678
260829,c,9,13.1244478225708,10.550527811050415,0.6696639955043793,9.799232006072998,0.08163180947303772,5.078688025474548,1.5106240063905716,0.2226559966802597,0.7555200010538101,2.589888021349907,2.5739200115203857
260829,c,10,13.030783653259277,10.482912063598633,0.6565120220184326,9.74230408668518,0.08409595489501953,5.031552016735077,1.4935039728879929,0.25516799464821815,0.7576000019907951,2.5252800472080708,2.5478715896606445
260829,c,11,13.018943786621094,10.505759954452515,0.6507839933037758,9.769312143325806,0.0856638178229332,5.045471966266632,1.504256010055542,0.22364800050854683,0.7519679926335812,2.565599963068962,2.513183832168579
260829,c,12,13.456352233886719,10.690848112106323,0.6836159974336624,9.920511960983276,0.08672015368938446,5.183071970939636,1.5322239845991135,0.2407039999961853,0.7908160015940666,2.619327984750271,2.7655041217803955
260829,c,13,13.398015975952148,10.666783809661865,0.691103994846344,9.886911869049072,0.08876794576644897,5.14191997051239,1.5184319913387299,0.23651199787855148,0.8048000037670135,2.5821759775280952,2.731232166290283
260829,c,14,13.350912094116211,10.680095911026001,0.6933119744062424,9.90006422996521,0.08671970665454865,5.161247968673706,1.523647964000702,0.23455999791622162,0.8193919956684113,2.5836480110883713,2.67081618309021
260829,c,15,13.331456184387207,10.672959804534912,0.6872639954090118,9.899200201034546,0.08649560809135437,5.168767988681793,1.5016319900751114,0.226879995316267,0.7908160053193569,2.649439997971058,2.658496379852295
260829,c,16,13.195136070251465,10.562400102615356,0.701664000749588,9.77721619606018,0.08351990580558777,5.04828804731369,1.495360016822815,0.2308799996972084,0.7800000049173832,2.5420480258762836,2.6327359676361084
260829,c,17,13.232128143310547,10.60316777229309,0.6688960045576096,9.848991870880127,0.08527989685535431,5.131103992462158,1.5314560234546661,0.25193599611520767,0.7718080021440983,2.575903970748186,2.628960371017456
260829,c,18,13.100031852722168,10.513535976409912,0.6818240135908127,9.748543977737427,0.08316798508167267,5.035519957542419,1.4764160066843033,0.22518400847911835,0.7723840028047562,2.5615359395742416,2.586495876312256
260829,c,19,13.154303550720215,10.550271987915039,0.6689279973506927,9.796351671218872,0.08499231934547424,5.059264004230499,1.48294398188591,0.22518400475382805,0.7695359997451305,2.5816000178456306,2.604031562805176
260829,c,20,13.088768005371094,10.500096082687378,0.6743999868631363,9.742688179016113,0.08300791680812836,5.034720063209534,1.5110719949007034,0.22784000262618065,0.7558720037341118,2.539936061948538,2.588671922683716
260829,c,21,13.182880401611328,10.613311767578125,0.6664320081472397,9.863647937774658,0.08323182165622711,5.159968078136444,1.5063679963350296,0.2258240021765232,0.7718399986624718,2.6559360809624195,2.569568634033203
260829,c,22,13.097151756286621,10.545536279678345,0.6633919924497604,9.797375917434692,0.0847683697938919,5.084895968437195,1.5199360102415085,0.2231680043041706,0.7520320042967796,2.589759949594736,2.5516154766082764
260829,c,23,13.25596809387207,10.653599977493286,0.728192001581192,9.840447902679443,0.08496007323265076,5.099392056465149,1.4922880083322525,0.22416000813245773,0.7572479993104935,2.625696040689945,2.602368116378784
260829,c,24,13.190143585205078,10.626240015029907,0.6685119867324829,9.873408317565918,0.08431971073150635,5.155232012271881,1.527936041355133,0.23632000014185905,0.7901440002024174,2.6008319705724716,2.563903570175171
260829,c,25,13.303775787353516,10.65401577949524,0.6755839884281158,9.891775846481323,0.08665594458580017,5.15337598323822,1.5385280102491379,0.254016000777483,0.7751360014081001,2.585695970803499,2.6497600078582764
260829,c,26,13.21395206451416,10.591487884521484,0.6841280162334442,9.820320129394531,0.08703973889350891,5.0962560176849365,1.5000640153884888,0.22899200394749641,0.7943040020763874,2.572895996272564,2.622464179992676
260829,c,27,13.486080169677734,10.728255987167358,0.7087680101394653,9.93123197555542,0.08825600147247314,5.1872639656066895,1.5486399978399277,0.23945599794387817,0.7935680001974106,2.605599969625473,2.757824182510376
260829,c,28,13.529088020324707,10.780256032943726,0.7038719803094864,9.975551843643188,0.10083220899105072,5.225887954235077,1.5639040172100067,0.23584000393748283,0.8136000037193298,2.6125439293682575,2.7488319873809814
260829,c,29,13.325440406799316,10.65779161453247,0.7009599953889847,9.869088172912598,0.08774344623088837,5.128159940242767,1.5003199726343155,0.233791995793581,0.7951999939978123,2.5988479778170586,2.6676487922668457
260829,c,30,13.383328437805176,10.74188780784607,0.6924799829721451,9.964447736740112,0.08496008813381195,5.178304016590118,1.5681599974632263,0.25334399938583374,0.7919679991900921,2.5648320205509663,2.6414406299591064
260829,c,31,13.308671951293945,10.639167785644531,0.6874559968709946,9.866239786148071,0.0854720026254654,5.117952048778534,1.518783986568451,0.22710399702191353,0.783488005399704,2.5885760597884655,2.669504165649414
260829,c,32,13.319552421569824,10.626240015029907,0.6840320229530334,9.85644793510437,0.08576005697250366,5.106400012969971,1.5152639895677567,0.22601599618792534,0.7740480042994022,2.5910720229148865,2.693312406539917
260829,c,33,13.262656211853027,10.637376070022583,0.7055360078811646,9.846783876419067,0.08505618572235107,5.134944021701813,1.5264959931373596,0.23270399868488312,0.7695039957761765,2.6062400341033936,2.6252801418304443
260829,c,34,13.395999908447266,10.77395224571228,0.7261120229959488,9.961280107498169,0.08656011521816254,5.209407985210419,1.567776009440422,0.23689600080251694,0.7790400013327599,2.62569597363472,2.6220476627349854
260829,c,35,13.143839836120605,10.542176008224487,0.6702399998903275,9.788928031921387,0.08300797641277313,5.076640009880066,1.5096960067749023,0.23107199370861053,0.7585280053317547,2.5773440040647984,2.601663827896118
260829,c,36,13.187071800231934,10.600544214248657,0.6873279958963394,9.825376033782959,0.08784018456935883,5.1073280572891235,1.496896043419838,0.2540480010211468,0.7873919978737831,2.5689920149743557,2.5865275859832764
260829,c,37,13.224960327148438,10.615776062011719,0.6669439822435379,9.863647937774658,0.08518414199352264,5.117631912231445,1.5533759742975235,0.23747199401259422,0.7641920037567616,2.562591940164566,2.6091842651367188
260829,c,38,13.028191566467285,10.482272148132324,0.6649280041456223,9.733023643493652,0.08432050049304962,5.019071936607361,1.4664639979600906,0.25065600499510765,0.7590719982981682,2.5428799353539944,2.545919418334961
260829,c,39,13.963264465332031,10.55408000946045,0.6710080057382584,9.798719644546509,0.08435235917568207,5.08268803358078,1.511039987206459,0.25062400102615356,0.7594879977405071,2.5615360476076603,3.409184455871582
260829,c,40,13.455583572387695,10.761152029037476,0.7438719868659973,9.925631761550903,0.09164828062057495,5.11737596988678,1.5301759839057922,0.23270400241017342,0.788608007133007,2.565887976437807,2.6944315433502197
260829,c,41,13.224767684936523,10.619647979736328,0.6629440188407898,9.871103763580322,0.08560019731521606,5.1482879519462585,1.5100800096988678,0.22579200193285942,0.7932800054550171,2.6191359348595142,2.6051197052001953
260829,c,42,13.439840316772461,10.68883204460144,0.6840320080518723,9.919232368469238,0.0855676680803299,5.167007923126221,1.5189759880304337,0.23734400048851967,0.7988800071179867,2.6118079274892807,2.7510082721710205
260829,c,43,13.470463752746582,10.75763201713562,0.6895360052585602,9.980128288269043,0.08796772360801697,5.228192031383514,1.5559040009975433,0.23814399540424347,0.8034880012273788,2.6306560337543488,2.712831735610962
260829,c,44,13.339615821838379,10.64348816871643,0.6909119933843613,9.868223905563354,0.0843522697687149,5.12992000579834,1.4958400279283524,0.23308800160884857,0.7945280075073242,2.6064639687538147,2.6961276531219482
260829,c,45,13.311327934265137,10.658751964569092,0.6811200082302094,9.8919677734375,0.08566418290138245,5.157984018325806,1.5228800177574158,0.2614400014281273,0.7829120047390461,2.5907519944012165,2.652575969696045
260829,c,46,13.307488441467285,10.665087938308716,0.6768320053815842,9.90339207649231,0.08486385643482208,5.185472011566162,1.500223994255066,0.23001600056886673,0.8168959990143776,2.638336017727852,2.6424005031585693
260829,c,47,13.194304466247559,10.583392143249512,0.6758400052785873,9.823263883590698,0.08428825438022614,5.100096046924591,1.5169920325279236,0.22937599942088127,0.7787839956581593,2.574944019317627,2.610912322998047
260829,c,48,13.236607551574707,10.646528005599976,0.6727359890937805,9.88915205001831,0.08463996648788452,5.123264014720917,1.5380480140447617,0.22838399931788445,0.7918080016970634,2.565023999661207,2.5900795459747314
260829,c,49,13.157504081726074,10.561631917953491,0.6695359945297241,9.809247970581055,0.0828479528427124,5.09443199634552,1.480416014790535,0.22486400231719017,0.7801600024104118,2.608991976827383,2.595872163772583
260829,c,50,13.074080467224121,10.497471809387207,0.6726720184087753,9.743359804153442,0.08143998682498932,5.0172799825668335,1.4779840111732483,0.23132799938321114,0.7700800001621246,2.5378879718482494,2.576608657836914
260829,c,51,13.234368324279785,10.644895792007446,0.7010879963636398,9.859456062316895,0.08435173332691193,5.126208007335663,1.5156159847974777,0.22995200008153915,0.7687680050730705,2.6118720173835754,2.589472532272339
260829,c,52,13.24233627319336,10.684416055679321,0.6791999936103821,9.924256086349487,0.0809599757194519,5.2167359590530396,1.6037119925022125,0.2646079994738102,0.7630719915032387,2.585343975573778,2.557920217514038
260829,c,53,13.072447776794434,10.526559829711914,0.6689600199460983,9.77292799949646,0.08467181026935577,5.035583972930908,1.4832960069179535,0.22617600485682487,0.771488007158041,2.554623953998089,2.5458879470825195
260829,c,54,13.195263862609863,10.611743927001953,0.6644160002470016,9.864287853240967,0.08304007351398468,5.130816042423248,1.5051199942827225,0.24128000065684319,0.7750400081276894,2.6093760393559933,2.58351993560791
260829,c,55,13.230079650878906,10.63865613937378,0.6889920234680176,9.863999605178833,0.08566451072692871,5.144351959228516,1.5017279982566833,0.22620800510048866,0.7686080001294613,2.6478079557418823,2.591423511505127
260829,c,56,13.199647903442383,10.66047978401184,0.6675519943237305,9.908928155899048,0.0839996337890625,5.174335956573486,1.5342079997062683,0.22886399924755096,0.7946560047566891,2.616607952862978,2.539168119430542
260829,c,57,13.524831771850586,10.751775741577148,0.6868800073862076,9.979008197784424,0.08588753640651703,5.227455973625183,1.550623968243599,0.2409919984638691,0.8065600022673607,2.6292800046503544,2.7730560302734375
260829,c,58,13.340448379516602,10.65011191368103,0.7012480050325394,9.862112283706665,0.08675162494182587,5.09987199306488,1.4931520223617554,0.23283199965953827,0.7979520037770271,2.5759359672665596,2.6903364658355713
260829,c,59,13.2925443649292,10.65884804725647,0.6847040057182312,9.886624097824097,0.08751994371414185,5.156127989292145,1.5240000039339066,0.23372800275683403,0.7897280044853687,2.6086719781160355,2.6336963176727295
260829,c,60,13.24067211151123,10.567359924316406,0.676800012588501,9.80291199684143,0.08764791488647461,5.076896011829376,1.505952000617981,0.2314560003578663,0.7841600030660629,2.555328007787466,2.673312187194824
260829,c,61,13.412447929382324,10.693856000900269,0.6845439821481705,9.922848224639893,0.0864637941122055,5.141792058944702,1.550336018204689,0.22748799994587898,0.7823679931461811,2.581600047647953,2.7185919284820557
260829,c,62,13.209440231323242,10.594623804092407,0.6778880059719086,9.809344053268433,0.10739174485206604,5.092703998088837,1.48716801404953,0.23468799889087677,0.789280004799366,2.581567980349064,2.614816427230835
260829,c,63,13.136896133422852,10.511040210723877,0.6669439971446991,9.760127782821655,0.08396843075752258,5.050047934055328,1.5160320103168488,0.22764800116419792,0.767680000513792,2.5386879220604897,2.6258559226989746
260829,c,64,13.15436840057373,10.5698881149292,0.6700160056352615,9.815199851989746,0.08467225730419159,5.107583940029144,1.491104006767273,0.22812800109386444,0.7710720039904118,2.617279928177595,2.5844802856445312
260829,c,65,13.146112442016602,10.579872131347656,0.6682239919900894,9.826111793518066,0.08553634583950043,5.105407953262329,1.5330239683389664,0.23084799945354462,0.7586560025811195,2.5828799828886986,2.5662403106689453
260829,c,66,13.207296371459961,10.628095865249634,0.6632639914751053,9.857664108276367,0.10716776549816132,5.136831998825073,1.5426879823207855,0.227936003357172,0.7759680040180683,2.5902400091290474,2.579200506210327
260829,c,67,13.129728317260742,10.550591945648193,0.6614720076322556,9.804255962371826,0.08486397564411163,5.07888001203537,1.5299839973449707,0.22998400032520294,0.7616959996521473,2.557216014713049,2.579136371612549
260829,c,68,13.054976463317871,10.51526403427124,0.66764797270298,9.765759944915771,0.08185611665248871,5.050112009048462,1.4878079891204834,0.22809600085020065,0.7952000088989735,2.5390080101788044,2.539712429046631
260829,c,69,13.07852840423584,10.532639980316162,0.6564799919724464,9.792479753494263,0.08368023484945297,5.077920019626617,1.4829759746789932,0.25625599920749664,0.7541120015084743,2.584576044231653,2.5458884239196777
260829,c,70,13.107999801635742,10.522015810012817,0.6603520214557648,9.776639938354492,0.08502385020256042,5.070591986179352,1.5037759989500046,0.22579199820756912,0.7554880045354366,2.5855359844863415,2.585983991622925
260829,c,71,13.120512008666992,10.5382719039917,0.6573119759559631,9.799552202224731,0.08140772581100464,5.088640034198761,1.4991679638624191,0.23532800003886223,0.7624000012874603,2.5917440690100193,2.582240104675293
260829,c,72,13.459808349609375,10.720256090164185,0.681984007358551,9.952415943145752,0.08585613965988159,5.215615928173065,1.618175983428955,0.23375999554991722,0.8046720027923584,2.5590079464018345,2.7395522594451904
260829,c,73,13.550304412841797,10.751264095306396,0.7054080069065094,9.955871820449829,0.08998426795005798,5.179551959037781,1.5110080242156982,0.2582399956882,0.8133120015263557,2.596991937607527,2.7990403175354004
260829,c,74,13.370528221130371,10.676928043365479,0.6954559981822968,9.893856287002563,0.08761575818061829,5.1569600105285645,1.513727992773056,0.23388800024986267,0.826047994196415,2.583296023309231,2.6936001777648926
260829,c,75,13.365152359008789,10.67187213897705,0.6822400093078613,9.905151844024658,0.08448028564453125,5.139999985694885,1.5025280117988586,0.23027200251817703,0.7951999939978123,2.6119999773800373,2.6932802200317383
260829,c,76,13.308032035827637,10.600064039230347,0.6807360053062439,9.830975770950317,0.0883522629737854,5.085568010807037,1.5124800503253937,0.22886399924755096,0.7976640090346336,2.546559952199459,2.70796799659729
260829,c,77,14.20678424835205,11.566783666610718,0.8110079914331436,10.65775990486145,0.09801577031612396,5.691424012184143,1.666368007659912,0.2683520019054413,0.9435520023107529,2.813152000308037,2.640000581741333
260829,c,78,13.195487976074219,10.593311786651611,0.6765119731426239,9.831968069076538,0.08483174443244934,5.111775994300842,1.5084799975156784,0.23385600373148918,0.7760000005364418,2.593439992517233,2.6021761894226074
260829,c,79,13.26591968536377,10.617984056472778,0.6727039963006973,9.862271785736084,0.08300827443599701,5.144832015037537,1.5237759798765182,0.23347200453281403,0.7893119938671589,2.5982720367610455,2.647935628890991
260829,c,80,13.16761589050293,10.578815698623657,0.6731519848108292,9.820832014083862,0.08483169972896576,5.101599991321564,1.505952000617981,0.23164799809455872,0.7652800045907497,2.5987199880182743,2.5888001918792725
260829,c,81,13.214079856872559,10.648800134658813,0.670879989862442,9.89740800857544,0.080512136220932,5.154976010322571,1.5289280116558075,0.23190400004386902,0.8133760020136833,2.580767996609211,2.565279722213745
260829,c,82,13.063167572021484,10.447775840759277,0.6576640009880066,9.705312252044678,0.08479958772659302,4.985567986965179,1.4762560278177261,0.22537600249052048,0.7555519938468933,2.5283839628100395,2.615391731262207
260829,c,83,13.111040115356445,10.573472023010254,0.6655999794602394,9.824319839477539,0.08355220407247543,5.091200053691864,1.4907839745283127,0.22835199907422066,0.7684160023927689,2.603648077696562,2.5375680923461914
260829,c,84,13.096575736999512,10.556607723236084,0.6617600172758102,9.782431840896606,0.1124158650636673,5.063391983509064,1.4787840098142624,0.22975999861955643,0.7590720057487488,2.595775969326496,2.5399680137634277
260829,c,85,13.149120330810547,10.581119775772095,0.7106559872627258,9.788320064544678,0.08214372396469116,5.065439999103546,1.4846079796552658,0.22595199942588806,0.7669439986348152,2.587936021387577,2.568000555038452
260829,c,86,13.163519859313965,10.58620810508728,0.6646080166101456,9.836767673492432,0.08483241498470306,5.12636798620224,1.5041920095682144,0.23110400140285492,0.7640320025384426,2.627039972692728,2.5773117542266846
260829,c,87,13.451519966125488,10.760128021240234,0.6826559752225876,9.991872310638428,0.08559973537921906,5.241215944290161,1.5650880187749863,0.2375040017068386,0.8094400092959404,2.629183914512396,2.691391944885254
260829,c,88,13.405183792114258,10.709344387054443,0.6880000233650208,9.934271812438965,0.08707255125045776,5.177375972270966,1.5272959917783737,0.2385919950902462,0.7947520017623901,2.6167359836399555,2.6958394050598145
260829,c,89,13.317119598388672,10.672255754470825,0.6939520239830017,9.891680002212524,0.08662372827529907,5.140767991542816,1.4959680140018463,0.23350400105118752,0.795744001865387,2.6155519746243954,2.6448638439178467
260829,c,90,13.223936080932617,10.601503849029541,0.681984007358551,9.837440252304077,0.08207958936691284,5.110719978809357,1.5370880216360092,0.2338239997625351,0.787296000868082,2.5525119565427303,2.622432231903076
260829,c,91,13.243391990661621,10.59603214263916,0.6726080179214478,9.836672306060791,0.08675181865692139,5.105119943618774,1.5259519964456558,0.23555199429392815,0.7751360014081001,2.5684799514710903,2.647359848022461
260829,c,92,13.193471908569336,10.600608110427856,0.6766719967126846,9.839071989059448,0.08486412465572357,5.103232026100159,1.523488000035286,0.22944000363349915,0.7774079963564873,2.5728960260748863,2.5928637981414795
260829,c,93,13.2042875289917,10.624864101409912,0.6751040071249008,9.865023851394653,0.08473624289035797,5.143935918807983,1.5176959782838821,0.23155200481414795,0.7710079997777939,2.6236799359321594,2.579423427581787
260829,c,94,13.122559547424316,10.552255868911743,0.6672960221767426,9.80188798904419,0.08307185769081116,5.086080014705658,1.5010239779949188,0.23135999962687492,0.7661120072007179,2.5875840298831463,2.5703036785125732
260829,c,95,13.135680198669434,10.55724835395813,0.661408007144928,9.812000036239624,0.08384031057357788,5.089087963104248,1.5071360021829605,0.226367998868227,0.7647360004484653,2.590847961604595,2.5784318447113037
260829,c,96,13.192192077636719,10.635456085205078,0.6971520036458969,9.855167865753174,0.08313621580600739,5.11488002538681,1.513472005724907,0.22710399702191353,0.7636479958891869,2.610656026750803,2.5567359924316406
260829,c,97,13.078335762023926,10.531936168670654,0.6695680171251297,9.778111696243286,0.08425645530223846,5.065920054912567,1.4935040026903152,0.22895999997854233,0.7550720050930977,2.588384047150612,2.5463995933532715
260829,c,98,13.130751609802246,10.576480150222778,0.6673600077629089,9.826176404953003,0.08294373750686646,5.086016118526459,1.4838719815015793,0.23340800032019615,0.7642560042440891,2.604480132460594,2.5542714595794678
260829,c,99,13.091839790344238,10.548479795455933,0.6633279919624329,9.800544023513794,0.08460777997970581,5.058752000331879,1.4808320105075836,0.22950400039553642,0.7580159939825535,2.590399995446205,2.5433599948883057
260829,c,100,13.221728324890137,10.597567796707153,0.6816959977149963,9.833439588546753,0.08243221044540405,5.107360005378723,1.544191986322403,0.22886400297284126,0.7691200003027916,2.5651840157806873,2.6241605281829834
260829,c,101,13.335552215576172,10.693888187408447,0.6820800006389618,9.926527976989746,0.08528020977973938,5.196639955043793,1.523584008216858,0.23340799659490585,0.7852800041437149,2.654367946088314,2.6416640281677246
260829,c,102,13.629440307617188,10.866624116897583,0.6985280066728592,10.079328298568726,0.08876781165599823,5.257311940193176,1.5354560017585754,0.23903999850153923,0.8185920119285583,2.6642239280045033,2.7628161907196045
260829,c,103,13.666303634643555,10.843647956848145,0.7153920084238052,10.036895990371704,0.09135995805263519,5.285823941230774,1.57423996925354,0.23615999892354012,0.8250240087509155,2.6503999643027782,2.82265567779541
260829,c,104,13.510656356811523,10.821984052658081,0.7083199918270111,10.027455806732178,0.08620825409889221,5.227840006351471,1.5321920216083527,0.2438719980418682,0.8180480003356934,2.6337279863655567,2.6886723041534424
260829,c,105,13.414463996887207,10.722303628921509,0.6966719925403595,9.937920093536377,0.08771154284477234,5.182304084300995,1.5464640110731125,0.23721599578857422,0.8005760088562965,2.5980480685830116,2.6921603679656982
260829,c,106,13.42579174041748,10.688384056091309,0.7109760046005249,9.888927936553955,0.08848011493682861,5.142783999443054,1.5394880026578903,0.24083200097084045,0.8247040137648582,2.537759982049465,2.737407684326172
260829,c,107,13.409279823303223,10.720448017120361,0.7075839936733246,9.927135944366455,0.08572807908058167,5.173727989196777,1.540831983089447,0.23929599672555923,0.8077120073139668,2.5858880020678043,2.6888318061828613
260829,c,108,13.337471961975098,10.640352010726929,0.6992959827184677,9.856543779373169,0.08451224863529205,5.115807950496674,1.5063040107488632,0.2364479973912239,0.7997440099716187,2.573311932384968,2.697119951248169
260829,c,109,13.247167587280273,10.60748815536499,0.6913920193910599,9.830175876617432,0.08592025935649872,5.082400023937225,1.4880319833755493,0.23315199837088585,0.7894719988107681,2.571744043380022,2.639679431915283
260829,c,110,13.288448333740234,10.653632164001465,0.6888960301876068,9.881247997283936,0.08348813652992249,5.147008001804352,1.5066560208797455,0.23680000007152557,0.788576003164053,2.614975977689028,2.6348161697387695
260829,c,111,13.29043197631836,10.666944026947021,0.6880640238523483,9.894559860229492,0.08432014286518097,5.152191936969757,1.5432320088148117,0.24115199595689774,0.7870079949498177,2.58079993724823,2.623487949371338
260829,c,112,13.165632247924805,10.589760065078735,0.691103994846344,9.81497597694397,0.08368009328842163,5.099103927612305,1.4778879880905151,0.23254400119185448,0.7742720022797585,2.6143999360501766,2.5758721828460693
260829,c,113,13.15225601196289,10.540159940719604,0.6778560131788254,9.780352115631104,0.0819518119096756,5.055935978889465,1.4986880123615265,0.23478399962186813,0.7696000039577484,2.5528639629483223,2.612096071243286
260829,c,114,13.142720222473145,10.565471887588501,0.6819839924573898,9.798336029052734,0.08515186607837677,5.075968027114868,1.5210560113191605,0.23200000077486038,0.7772799953818321,2.545632019639015,2.5772483348846436
260829,c,115,13.799424171447754,11.180991888046265,0.8162560015916824,10.272320032119751,0.09241585433483124,5.471904039382935,1.6898239850997925,0.2771200016140938,0.8519999906420708,2.6529600620269775,2.6184322834014893
260829,c,116,13.145088195800781,10.50649619102478,0.6759999990463257,9.745408296585083,0.08508789539337158,5.025759994983673,1.4958400130271912,0.23238399624824524,0.7743039987981319,2.5232319869101048,2.638592004776001
260829,c,117,13.559807777404785,10.859615802764893,0.7363840043544769,10.035199880599976,0.08803191781044006,5.254815995693207,1.5729920119047165,0.23843200132250786,0.8226880095899105,2.620703972876072,2.7001919746398926
260829,c,118,13.3570556640625,10.688512086868286,0.6996800154447556,9.902015686035156,0.08681638538837433,5.14902400970459,1.5120000094175339,0.23580800369381905,0.8157120086252689,2.585503987967968,2.668543577194214
260829,c,119,13.321279525756836,10.66975998878479,0.6983999907970428,9.885600090026855,0.08575990796089172,5.134239971637726,1.515744000673294,0.23398400098085403,0.802400004118681,2.5821119658648968,2.651519536972046
260829,c,120,13.349727630615234,10.742624044418335,0.7081279903650284,9.947360038757324,0.08713601529598236,5.182016015052795,1.5341120064258575,0.240703996270895,0.8008960038423538,2.606304008513689,2.6071035861968994
260829,c,121,13.342720031738281,10.7051522731781,0.7167999744415283,9.901055812835693,0.0872964859008789,5.14166396856308,1.5123200118541718,0.22963199764490128,0.7856639921665192,2.6140479668974876,2.6375677585601807
260829,c,122,13.392127990722656,10.771039962768555,0.7155200093984604,9.972383975982666,0.08313597738742828,5.234847903251648,1.541375994682312,0.2834879979491234,0.8238400034606457,2.586143907159567,2.6210880279541016
260829,c,123,13.164704322814941,10.594304323196411,0.6809920072555542,9.828223943710327,0.08508837223052979,5.092031955718994,1.491007998585701,0.2319360002875328,0.7748799994587898,2.5942079573869705,2.5703999996185303
260829,c,124,13.148159980773926,10.591232299804688,0.6818560212850571,9.825568199157715,0.08380807936191559,5.085887968540192,1.5230400115251541,0.23235200345516205,0.7745600007474422,2.5559359528124332,2.5569276809692383
260829,c,125,13.232128143310547,10.638079643249512,0.6840319782495499,9.86950421333313,0.08454345166683197,5.115647971630096,1.508351981639862,0.23164799809455872,0.7974079996347427,2.578239992260933,2.594048500061035
260829,c,126,13.12889575958252,10.563584089279175,0.6751040071249008,9.805087804794312,0.08339227735996246,5.073120057582855,1.4923840016126633,0.24476799368858337,0.7664959989488125,2.569472063332796,2.5653116703033447
260829,c,127,13.079680442810059,10.549407720565796,0.6694400012493134,9.797695875167847,0.08227184414863586,5.075487971305847,1.4916159808635712,0.22700799629092216,0.7868799939751625,2.5699840001761913,2.5302727222442627
260829,c,128,13.039615631103516,10.508383750915527,0.6688639968633652,9.75497579574585,0.08454395830631256,5.043168067932129,1.5196480005979538,0.2285120040178299,0.7630079984664917,2.5320000648498535,2.5312318801879883
260829,c,129,13.132800102233887,10.5863037109375,0.6656639724969864,9.835360050201416,0.0852796882390976,5.112639963626862,1.5149440169334412,0.22911999747157097,0.7733759991824627,2.5951999500393867,2.5464963912963867
260829,c,130,13.090815544128418,10.557440042495728,0.6687999963760376,9.805152177810669,0.083487868309021,5.0879040360450745,1.500575989484787,0.2298240028321743,0.8123200014233589,2.5451840423047543,2.5333755016326904
260829,c,131,13.150943756103516,10.524319887161255,0.6707199960947037,9.769535779953003,0.08406411111354828,5.05238401889801,1.4981759935617447,0.2263679951429367,0.7556159980595112,2.5722240321338177,2.6266238689422607
260829,c,132,13.421440124511719,10.723616123199463,0.6931199878454208,9.94544005393982,0.08505608141422272,5.184351980686188,1.5178239792585373,0.2348479963839054,0.821760006248951,2.609919998794794,2.697824001312256
260829,c,133,13.397664070129395,10.75814414024353,0.6985599994659424,9.968768119812012,0.09081602096557617,5.218240022659302,1.5301119983196259,0.23040000349283218,0.8051520064473152,2.6525760143995285,2.6395199298858643
260829,c,134,13.26796817779541,10.662912130355835,0.7117120027542114,9.864319801330566,0.08688032627105713,5.124160051345825,1.5484159737825394,0.2322239950299263,0.7893119975924492,2.5542080849409103,2.605056047439575
260829,c,135,13.214655876159668,10.584896087646484,0.6862720102071762,9.813279867172241,0.08534421026706696,5.087776005268097,1.4946879893541336,0.22764799743890762,0.7786239981651306,2.586816020309925,2.6297597885131836
260829,c,136,13.179936408996582,10.60204792022705,0.6870400011539459,9.803264141082764,0.11174377799034119,5.082271993160248,1.5046719908714294,0.23267199844121933,0.7787519991397858,2.5661760047078133,2.5778884887695312
260829,c,137,13.196512222290039,10.620896100997925,0.678368017077446,9.855743885040283,0.08678419888019562,5.12908798456192,1.5005760043859482,0.22892799973487854,0.7923840023577213,2.607199978083372,2.5756161212921143
260829,c,138,13.108863830566406,10.537599802017212,0.6810880154371262,9.772127866744995,0.08438391983509064,5.043903946876526,1.4926079958677292,0.22563200443983078,0.7718719989061356,2.5537919476628304,2.5712640285491943
260829,c,139,13.125887870788574,10.588288307189941,0.671968013048172,9.834144115447998,0.08217617869377136,5.111936032772064,1.4977920055389404,0.22467199712991714,0.7690879963338375,2.620384033769369,2.537599563598633
260829,c,140,13.095935821533203,10.527487754821777,0.67500801384449,9.766784191131592,0.0856955498456955,5.052608013153076,1.5083199888467789,0.2237120009958744,0.7652479931712151,2.555328030139208,2.568448066711426
260829,c,141,13.212608337402344,10.609376192092896,0.676704004406929,9.845119953155518,0.08755223453044891,5.094079971313477,1.50620798766613,0.22707200422883034,0.7659839987754822,2.594815980643034,2.6032321453094482
260829,c,142,13.072319984436035,10.549472093582153,0.666624017059803,9.80076813697815,0.0820799395442009,5.090047895908356,1.5298559963703156,0.22704000025987625,0.7565440014004707,2.576607897877693,2.522847890853882
260829,c,143,13.018143653869629,10.50595211982727,0.667775996029377,9.75440001487732,0.08377610892057419,5.041216015815735,1.4823359847068787,0.22819199785590172,0.7577600032091141,2.5729280300438404,2.5121915340423584
260829,c,144,13.031423568725586,10.509344100952148,0.6632640063762665,9.761919736862183,0.08416035771369934,5.0444159507751465,1.4812159985303879,0.22723199799656868,0.757279995828867,2.578687958419323,2.5220794677734375
260829,c,145,13.036543846130371,10.48316764831543,0.6659839898347855,9.734624147415161,0.0825595110654831,5.038143992424011,1.4767680019140244,0.22326400503516197,0.7569599933922291,2.581151992082596,2.5533761978149414
260829,c,146,13.090815544128418,10.508576154708862,0.6698880046606064,9.756223917007446,0.08246423304080963,5.0263360142707825,1.4822400212287903,0.22275199741125107,0.7528319954872131,2.568512000143528,2.5822393894195557
260829,c,147,13.45849609375,10.75711989402771,0.6876800209283829,9.982079982757568,0.08735989034175873,5.2236480712890625,1.5631360113620758,0.23443199694156647,0.795584000647068,2.630496062338352,2.70137619972229
260829,c,148,13.312000274658203,10.664031982421875,0.696383997797966,9.880607843399048,0.08704014122486115,5.128000020980835,1.497311994433403,0.23343999683856964,0.8004159927368164,2.596832036972046,2.647968292236328
260829,c,149,13.245183944702148,10.63974404335022,0.7052480131387711,9.849631786346436,0.08486424386501312,5.1096959710121155,1.5052479803562164,0.23667199909687042,0.7839680053293705,2.583807986229658,2.6054399013519287
260829,c,150,13.155327796936035,10.572735786437988,0.6788800060749054,9.807872295379639,0.08598348498344421,5.076928019523621,1.4857279807329178,0.22854400053620338,0.8034239932894707,2.5592320449650288,2.582592010498047
260829,c,151,13.192447662353516,10.577919721603394,0.6840960085391998,9.80844783782959,0.08537587523460388,5.076767981052399,1.505503997206688,0.23100799694657326,0.7804800011217594,2.559775985777378,2.614527940750122
260829,c,152,13.10531234741211,10.536864042282104,0.675680011510849,9.775935888290405,0.08524814248085022,5.059199929237366,1.501823976635933,0.22752000391483307,0.7667199969291687,2.563135951757431,2.568448305130005
260829,c,153,13.125632286071777,10.566751956939697,0.6731200218200684,9.80787205696106,0.08575987815856934,5.056992053985596,1.4731839746236801,0.22515200078487396,0.7576639987528324,2.600992079824209,2.55888032913208
260829,c,154,13.182016372680664,10.611039876937866,0.6700160056352615,9.855424165725708,0.08559970557689667,5.136383950710297,1.5040960013866425,0.22735999897122383,0.8136640042066574,2.591263946145773,2.570976495742798
260829,c,155,13.153216361999512,10.596351623535156,0.6646400094032288,9.84774398803711,0.08396762609481812,5.103615939617157,1.4899199903011322,0.22812800109386444,0.7621439956128597,2.6234239526093006,2.5568647384643555
260829,c,156,13.118368148803711,10.589087963104248,0.6718080043792725,9.829663753509521,0.0876162052154541,5.111871957778931,1.5099520087242126,0.22547199949622154,0.7796479985117912,2.5967999510467052,2.529280185699463
260829,c,157,13.019136428833008,10.497312068939209,0.6636800020933151,9.750367879867554,0.08326418697834015,5.040799975395203,1.4737280011177063,0.2232000082731247,0.7549439966678619,2.5889279693365097,2.521824359893799
260829,c,158,13.076640129089355,10.537311792373657,0.6643839925527573,9.789536237716675,0.08339156210422516,5.079584002494812,1.5137600004673004,0.22339199855923653,0.7579519934952259,2.584480009973049,2.5393283367156982
260829,c,159,13.088512420654297,10.568928241729736,0.6629440039396286,9.823967933654785,0.08201630413532257,5.11734402179718,1.5013440251350403,0.22524799779057503,0.7873280011117458,2.603423997759819,2.5195841789245605
260829,c,160,12.984000205993652,10.468384027481079,0.6627199947834015,9.719903945922852,0.08576008677482605,4.9981120228767395,1.4756480008363724,0.22214400395751,0.7674879990518093,2.532832019031048,2.5156161785125732
260829,c,161,13.080575942993164,10.492000102996826,0.6585600078105927,9.749183893203735,0.08425620198249817,5.031807959079742,1.473823994398117,0.2218879982829094,0.7711679972708225,2.5649279691278934,2.588575839996338
260829,c,162,13.301504135131836,10.642111778259277,0.6938879787921906,9.86191987991333,0.08630391955375671,5.088927984237671,1.5164159834384918,0.23164799436926842,0.79721599817276,2.5436480082571507,2.6593923568725586
260829,c,163,13.362303733825684,10.726687908172607,0.6943359971046448,9.94374394416809,0.08860796689987183,5.1823999881744385,1.5255040228366852,0.23363199457526207,0.8015040010213852,2.621759969741106,2.635615825653076
260829,c,164,13.25772762298584,10.632928133010864,0.6876160055398941,9.860095739364624,0.08521638810634613,5.105471968650818,1.500831976532936,0.2343359999358654,0.7860800065100193,2.584223985671997,2.6247994899749756
260829,c,165,13.241344451904297,10.645792245864868,0.6883199959993362,9.870368003845215,0.08710424602031708,5.145024001598358,1.5125759989023209,0.23155200481414795,0.7864640019834042,2.614431995898485,2.5955522060394287
260829,c,166,13.133631706237793,10.556448221206665,0.710783988237381,9.759040117263794,0.08662411570549011,5.026368021965027,1.4795840233564377,0.23075199872255325,0.779679998755455,2.536352001130581,2.577183485031128
260829,c,167,13.220064163208008,10.61683177947998,0.6779839843511581,9.85427212715149,0.08457566797733307,5.133440017700195,1.5135679990053177,0.22764799743890762,0.7716799974441528,2.620544023811817,2.6032323837280273
260829,c,168,13.109248161315918,10.531840085983276,0.6780799925327301,9.769727945327759,0.08403214812278748,5.031807959079742,1.502208024263382,0.22438400238752365,0.7703999951481819,2.534815937280655,2.5774080753326416
260829,c,169,13.14083194732666,10.598368167877197,0.6687680035829544,9.842751741409302,0.0868484228849411,5.133023977279663,1.5079359859228134,0.2229440025985241,0.7626559995114803,2.6394879892468452,2.542463779449463
260829,c,170,13.05907154083252,10.524671792984009,0.6727680116891861,9.765887975692749,0.08601580560207367,5.042111933231354,1.5127679854631424,0.22457600384950638,0.7552320025861263,2.5495359413325787,2.5343997478485107
260829,c,171,13.213567733764648,10.660799980163574,0.6779199987649918,9.89900803565979,0.08387194573879242,5.1510080099105835,1.498655989766121,0.22512000054121017,0.7883520014584064,2.638880018144846,2.552767753601074
260829,c,172,13.01916790008545,10.475615978240967,0.6725119948387146,9.719808101654053,0.08329588174819946,5.001919984817505,1.4750719964504242,0.23270399868488312,0.7619199939072132,2.5322239957749844,2.5435519218444824
260829,c,173,13.052063941955566,10.524767875671387,0.6698560118675232,9.773439645767212,0.08147221803665161,5.072607934474945,1.489791989326477,0.22361600399017334,0.7563839927315712,2.6028159484267235,2.5272960662841797
260829,c,174,12.953248023986816,10.411488056182861,0.6637120023369789,9.664095878601074,0.0836801752448082,4.957567989826202,1.4646079987287521,0.2263680025935173,0.7534720040857792,2.5131199844181538,2.541759967803955
260829,c,175,13.078240394592285,10.533983707427979,0.6656640022993088,9.783007621765137,0.08531208336353302,5.048352003097534,1.5039039999246597,0.2232000082731247,0.7575039975345135,2.5637439973652363,2.5442566871643066
260829,c,176,13.229439735412598,10.607455968856812,0.6939519941806793,9.829311847686768,0.08419212698936462,5.108255982398987,1.4801920056343079,0.22911999747157097,0.768800001591444,2.630143977701664,2.621983766555786
260829,c,177,13.745951652526855,10.957088232040405,0.7132159918546677,10.15555214881897,0.08832009136676788,5.374911963939667,1.5834879875183105,0.24531199783086777,0.8403200060129166,2.705791972577572,2.78886342048645
260829,c,178,13.68284797668457,10.917887926101685,0.7737919986248016,10.055840015411377,0.08825591206550598,5.293887972831726,1.5207679718732834,0.24076799675822258,0.9165119975805283,2.615840006619692,2.7649600505828857
260829,c,179,13.423616409301758,10.734335899353027,0.706623986363411,9.940896034240723,0.08681587874889374,5.1806720495224,1.5285760015249252,0.2364479973912239,0.8215680047869682,2.5940800458192825,2.6892805099487305
260829,c,180,13.320192337036133,10.65772819519043,0.7087039947509766,9.85980772972107,0.08921647071838379,5.114207983016968,1.5168640166521072,0.23363199830055237,0.7924160063266754,2.5712959617376328,2.662464141845703
260829,c,181,13.350912094116211,10.699615955352783,0.6976320147514343,9.914463996887207,0.08751994371414185,5.171008050441742,1.5246720165014267,0.23628799989819527,0.794015996158123,2.616032037883997,2.6512961387634277
260829,c,182,13.184000015258789,10.564352035522461,0.693312019109726,9.783967971801758,0.08707204461097717,5.056703984737396,1.4820799976587296,0.23043199628591537,0.7786560021340847,2.5655359886586666,2.619647979736328
260829,c,183,13.202431678771973,10.561311721801758,0.6854079961776733,9.789728164672852,0.08617556095123291,5.075488030910492,1.49897600710392,0.23228799551725388,0.7744640037417412,2.569760024547577,2.641119956970215
260829,c,184,13.226304054260254,10.632352352142334,0.6807359904050827,9.865439653396606,0.08617670834064484,5.139359951019287,1.5496319979429245,0.22732799872756004,0.7711040005087852,2.5912959538400173,2.59395170211792
260829,c,185,13.197312355041504,10.626911878585815,0.7107199877500534,9.832480192184448,0.08371169865131378,5.114272058010101,1.4919680058956146,0.22995199635624886,0.7831999994814396,2.6091520562767982,2.5704004764556885
260829,c,186,13.208928108215332,10.613183975219727,0.6928960084915161,9.83456015586853,0.08572781085968018,5.116735935211182,1.492800012230873,0.22601600363850594,0.771647997200489,2.6262719221413136,2.5957441329956055
260829,c,187,13.05628776550293,10.509088277816772,0.6700160056352615,9.753824234008789,0.08524803817272186,5.0455039739608765,1.477087989449501,0.2245439998805523,0.7624639980494976,2.5814079865813255,2.5471994876861572
260829,c,188,13.05190372467041,10.516032218933105,0.6705280095338821,9.761568307876587,0.08393590152263641,5.052287995815277,1.4911680072546005,0.2242880016565323,0.7558079957962036,2.5810239911079407,2.5358715057373047
260829,c,189,13.063039779663086,10.536991596221924,0.67084801197052,9.781919956207275,0.08422362804412842,5.067808032035828,1.4958080053329468,0.2288000024855137,0.7577600032091141,2.585440021008253,2.526048183441162
260829,c,190,13.060159683227539,10.5382719039917,0.6971520036458969,9.757792234420776,0.08332766592502594,5.048256039619446,1.4672639966011047,0.2261119969189167,0.7602880038321018,2.5945920422673225,2.52188777923584
260829,c,191,13.102368354797363,10.531872034072876,0.6610559821128845,9.78335976600647,0.08745628595352173,5.0709439516067505,1.5069119930267334,0.22764800116419792,0.7637760005891323,2.572607956826687,2.5704963207244873
260829,c,192,13.444352149963379,10.75600004196167,0.6957439929246902,9.94815993309021,0.11209611594676971,5.193567931652069,1.5473920106887817,0.23452800139784813,0.8049600049853325,2.6066879145801067,2.688352108001709
260829,c,193,13.300736427307129,10.625887870788574,0.6973439902067184,9.840928077697754,0.08761580288410187,5.110880017280579,1.517184004187584,0.22988799586892128,0.8034240081906319,2.5603840090334415,2.6748485565185547
260829,c,194,13.304672241210938,10.693695783615112,0.6923519819974899,9.915552377700806,0.08579142391681671,5.1917120814323425,1.5142080038785934,0.24182399734854698,0.8194879963994026,2.6161920838057995,2.610976457595825
260829,c,195,13.182975769042969,10.582015752792358,0.6837440133094788,9.813024044036865,0.0852476954460144,5.079904019832611,1.4971520006656647,0.23030400648713112,0.7796480022370815,2.5728000104427338,2.6009600162506104
260829,c,196,13.264896392822266,10.654592275619507,0.6891839802265167,9.878592014312744,0.08681628108024597,5.1446720361709595,1.5189759880304337,0.22790399938821793,0.8039040081202984,2.5938880406320095,2.610304117202759
260829,c,197,13.165472030639648,10.598495960235596,0.7075840085744858,9.80512022972107,0.08579172194004059,5.088576018810272,1.5030400454998016,0.22704000398516655,0.7743039987981319,2.584191970527172,2.5669760704040527
260829,c,198,13.067584037780762,10.508576154708862,0.6748799979686737,9.749088287353516,0.08460786938667297,5.035840034484863,1.4880000054836273,0.22627199813723564,0.7965760007500648,2.5249920301139355,2.5590078830718994
260829,c,199,13.058048248291016,10.496831893920898,0.662880003452301,9.743743658065796,0.09020823240280151,5.033759951591492,1.481823980808258,0.22803200036287308,0.7622399926185608,2.5616639778017998,2.561216354370117
260829,d,0,13.95199966430664,10.598143815994263,0.6869119852781296,9.824671983718872,0.08655984699726105,5.11247992515564,1.5103999823331833,0.2317119985818863,0.7894080057740211,2.580959938466549,3.353855848312378
260829,d,1,13.953887939453125,10.62777590751648,0.692223995923996,9.84828805923462,0.08726385235786438,5.125183999538422,1.495647981762886,0.22838400304317474,0.7821759879589081,2.6189760267734528,3.3261120319366455
260829,d,2,13.91823959350586,10.58185601234436,0.6809279918670654,9.81718397140503,0.08374404907226562,5.089088022708893,1.5012799799442291,0.23411200195550919,0.7753600031137466,2.578336037695408,3.336383581161499
260829,d,3,13.978303909301758,10.66864013671875,0.6880320012569427,9.894208192825317,0.08639994263648987,5.130399942398071,1.509791985154152,0.22819200158119202,0.7782399989664555,2.614175956696272,3.309663772583008
260829,d,4,13.889280319213867,10.589407920837402,0.6843519955873489,9.820095777511597,0.08496014773845673,5.098848044872284,1.523167997598648,0.23385599628090858,0.7728319987654686,2.5689920522272587,3.299872398376465
260829,d,5,13.834464073181152,10.577088356018066,0.6730560213327408,9.819007873535156,0.08502446115016937,5.095679998397827,1.4993600100278854,0.23279999941587448,0.7715839967131615,2.5919359922409058,3.257375717163086
260829,d,6,13.873824119567871,10.598688125610352,0.66982401907444,9.843967914581299,0.08489619195461273,5.115072011947632,1.52006396651268,0.22972800210118294,0.7710080035030842,2.5942720398306847,3.2751359939575195
260829,d,7,13.849599838256836,10.571743965148926,0.6727039963006973,9.809727907180786,0.08931206166744232,5.094815969467163,1.4907519817352295,0.2324480004608631,0.7753919959068298,2.5962239913642406,3.27785587310791
260829,d,8,13.792256355285645,10.527679920196533,0.6742080003023148,9.767232179641724,0.08623974025249481,5.048224031925201,1.484415978193283,0.22777599841356277,0.7751359939575195,2.560896061360836,3.2645764350891113
260829,d,9,13.749567985534668,10.50867223739624,0.6691519990563393,9.75603199005127,0.08348824828863144,5.045535981655121,1.4642879962921143,0.2282560057938099,0.768351998180151,2.5846399813890457,3.2408957481384277
260829,d,10,13.824671745300293,10.545439720153809,0.6625600010156631,9.801408290863037,0.08147142827510834,5.090016007423401,1.4974399954080582,0.2296000011265278,0.7674879990518093,2.5954880118370056,3.2792320251464844
260829,d,11,13.750271797180176,10.513439893722534,0.6544000059366226,9.77782416343689,0.08121572434902191,5.069087982177734,1.4671360105276108,0.22918400168418884,0.7617600038647652,2.6110079661011696,3.2368319034576416
260829,d,12,13.647871971130371,10.43017578125,0.6566720008850098,9.688064098358154,0.08543968200683594,4.992319941520691,1.465631976723671,0.224799994379282,0.7569919936358929,2.544895976781845,3.217696189880371
260829,d,13,13.705216407775879,10.490783929824829,0.6562560051679611,9.751775979995728,0.08275194466114044,5.048704028129578,1.4839999824762344,0.2330239973962307,0.7594879940152168,2.5721920542418957,3.21443247795105
260829,d,14,13.68239974975586,10.45961594581604,0.6614080220460892,9.715327978134155,0.0828799456357956,5.014240026473999,1.4766079932451248,0.22755200415849686,0.7638719975948334,2.546208031475544,3.2227838039398193
260829,d,15,13.73795223236084,10.515455722808838,0.6521279960870743,9.77894401550293,0.08438371121883392,5.053279995918274,1.4821439981460571,0.22595200315117836,0.7677440047264099,2.5774399898946285,3.222496509552002
260829,d,16,13.718815803527832,10.495263814926147,0.6473919749259949,9.766623973846436,0.08124786615371704,5.063232004642487,1.4826559871435165,0.22492800280451775,0.7645119987428188,2.5911360159516335,3.2235519886016846
260829,d,17,13.786784172058105,10.546207904815674,0.6571199893951416,9.806943655014038,0.08214426040649414,5.103647947311401,1.5101120322942734,0.23270399868488312,0.7764800041913986,2.5843519121408463,3.2405762672424316
260829,d,18,13.767680168151855,10.537696123123169,0.6566399931907654,9.798655986785889,0.08240014314651489,5.100800037384033,1.4935999810695648,0.2287360019981861,0.7728639990091324,2.60560005530715,3.2299840450286865
260829,d,19,13.712384223937988,10.494976043701172,0.65436802059412,9.759008407592773,0.08159961551427841,5.054111957550049,1.5032960027456284,0.22358400002121925,0.7602559998631477,2.5669759549200535,3.2174081802368164
260829,d,20,13.686528205871582,10.471456050872803,0.6553919985890388,9.73360013961792,0.08246391266584396,5.008639991283417,1.4473279863595963,0.22863999754190445,0.7759039960801601,2.556768011301756,3.2150721549987793
260829,d,21,13.674559593200684,10.470560073852539,0.6458880007266998,9.742591857910156,0.08208021521568298,5.041631996631622,1.481440007686615,0.2261119931936264,0.7606079913675785,2.5734720043838024,3.2039995193481445
260829,d,22,13.69382381439209,10.480319738388062,0.6486399918794632,9.747648239135742,0.08403150737285614,5.040319979190826,1.4857599884271622,0.23094400018453598,0.7669760026037693,2.556639987975359,3.2135040760040283
260829,d,23,13.745152473449707,10.517024040222168,0.6551679894328117,9.776671886444092,0.08518416434526443,5.078271985054016,1.4904640018939972,0.2287680022418499,0.7735680043697357,2.5854719765484333,3.228128433227539
260829,d,24,13.699135780334473,10.500960111618042,0.6723839864134789,9.745408058166504,0.08316806703805923,5.023424029350281,1.4787520319223404,0.2330559939146042,0.7589120045304298,2.5527039989829063,3.1981756687164307
260829,d,25,13.710335731506348,10.49129581451416,0.657183974981308,9.751487731933594,0.08262410759925842,5.041279971599579,1.4658879935741425,0.22764800488948822,0.7709759995341301,2.576767973601818,3.2190399169921875
260829,d,26,13.759231567382812,10.50432014465332,0.6464320048689842,9.777472019195557,0.08041612058877945,5.05948793888092,1.5096960067749023,0.22217600420117378,0.7601279988884926,2.5674879290163517,3.254911422729492
260829,d,27,13.731840133666992,10.506911993026733,0.6483519971370697,9.77516770362854,0.08339229226112366,5.066112041473389,1.4964799880981445,0.22537600621581078,0.7580159939825535,2.58624005317688,3.224928140640259
260829,d,28,13.928447723388672,10.546688079833984,0.6729919984936714,9.790464162826538,0.08323191851377487,5.077311933040619,1.482143983244896,0.23148800060153008,0.7721280008554459,2.591551948338747,3.3817596435546875
260829,d,29,14.363648414611816,10.71286392211914,0.6776000037789345,9.946367979049683,0.08889593929052353,5.1849600076675415,1.5232000052928925,0.2393600009381771,0.8033600114285946,2.6190399900078773,3.650784492492676
260829,d,30,14.184255599975586,10.690783739089966,0.7014399915933609,9.903072118759155,0.08627162873744965,5.145376026630402,1.5252159982919693,0.2388800010085106,0.8157440051436424,2.5655360221862793,3.49347186088562
260829,d,31,14.286848068237305,10.791936159133911,0.7086080014705658,9.99619197845459,0.0871361792087555,5.2576000690460205,1.5473600029945374,0.23945599794387817,0.8550720065832138,2.615712061524391,3.4949119091033936
260829,d,32,14.064288139343262,10.656095743179321,0.6842239946126938,9.88374400138855,0.0881277471780777,5.111616015434265,1.4938879758119583,0.23363199830055237,0.7980480045080185,2.586048036813736,3.4081923961639404
260829,d,33,14.137344360351562,10.690271854400635,0.6863360106945038,9.917887687683105,0.08604815602302551,5.172864019870758,1.5243839770555496,0.2348800003528595,0.8128320053219795,2.6007680371403694,3.4470725059509277
260829,d,34,14.106528282165527,10.695295810699463,0.6936960071325302,9.913631916046143,0.0879678875207901,5.168480038642883,1.5116479992866516,0.2359680011868477,0.8016640059649944,2.6192000322043896,3.4112324714660645
260829,d,35,13.985407829284668,10.638336181640625,0.696383997797966,9.854592084884644,0.08736009895801544,5.121376037597656,1.5064640045166016,0.23862399533391,0.7881599999964237,2.588128037750721,3.347071647644043
260829,d,36,13.999103546142578,10.673824071884155,0.6879040002822876,9.896575927734375,0.08934414386749268,5.164479970932007,1.5106239914894104,0.2401600033044815,0.7969599962234497,2.6167359799146652,3.325279474258423
260829,d,37,13.883296012878418,10.582015752792358,0.6747839897871017,9.820511817932129,0.08671994507312775,5.1005120277404785,1.5141119807958603,0.23340800032019615,0.7827520035207272,2.570240043103695,3.3012802600860596
260829,d,38,13.838432312011719,10.54425573348999,0.6718399971723557,9.789247751235962,0.08316798508167267,5.074687957763672,1.4958399832248688,0.23119999468326569,0.7801599986851215,2.567487981170416,3.2941765785217285
260829,d,39,13.8854398727417,10.56767988204956,0.6731840074062347,9.808864116668701,0.08563175797462463,5.0937599539756775,1.485952004790306,0.2332480028271675,0.7799680009484291,2.594591945409775,3.3177599906921387
260829,d,40,13.883392333984375,10.600768089294434,0.6652799993753433,9.852864027023315,0.08262406289577484,5.115136027336121,1.533759966492653,0.2274559997022152,0.7697279900312424,2.58419207111001,3.2826242446899414
260829,d,41,13.82630443572998,10.574560165405273,0.6674240082502365,9.82582402229309,0.0813121348619461,5.1113280057907104,1.5117440223693848,0.22844799980521202,0.7833600044250488,2.587775979191065,3.251744270324707
260829,d,42,13.999808311462402,10.742879867553711,0.6663360297679901,9.994208097457886,0.08233574032783508,5.275232017040253,1.678240031003952,0.24451200291514397,0.7731520012021065,2.57932798191905,3.2569284439086914
260829,d,43,13.797183990478516,10.540032148361206,0.6610559895634651,9.793439865112305,0.08553629368543625,5.092512011528015,1.4944639950990677,0.22835199907422066,0.7731839939951897,2.596512023359537,3.2571518421173096
260829,d,44,13.84447956085205,10.56438398361206,0.6605760157108307,9.820703983306885,0.08310398459434509,5.1138558983802795,1.4941439777612686,0.23014399781823158,0.758848000317812,2.6307199224829674,3.2800955772399902
260829,d,45,13.755167961120605,10.523743867874146,0.654527984559536,9.787488222122192,0.08172766119241714,5.0740479826927185,1.4842560142278671,0.2324480041861534,0.7954559922218323,2.5618879720568657,3.23142409324646
260829,d,46,13.779616355895996,10.541919946670532,0.6864000111818314,9.772863626480103,0.08265630900859833,5.044159948825836,1.487072005867958,0.22361600399017334,0.7619199976325035,2.5715519413352013,3.237696409225464
260829,d,47,13.80463981628418,10.525951862335205,0.6574400067329407,9.786719799041748,0.08179205656051636,5.087007999420166,1.504704013466835,0.22412800416350365,0.7568959966301918,2.6012799851596355,3.2786879539489746
260829,d,48,13.70246410369873,10.489216089248657,0.6467840000987053,9.758943796157837,0.08348829299211502,5.0141759514808655,1.4900799989700317,0.22787199541926384,0.758080005645752,2.538143951445818,3.2132480144500732
260829,d,49,13.814144134521484,10.580479860305786,0.6461439952254295,9.839679956436157,0.09465590864419937,5.12390398979187,1.4969280362129211,0.2486400045454502,0.7589759975671768,2.619359951466322,3.2336642742156982
260829,d,50,13.791040420532227,10.539968013763428,0.6561280190944672,9.800479888916016,0.08336010575294495,5.104160010814667,1.48710398375988,0.22729599848389626,0.7635520026087761,2.6262080259621143,3.251072406768799
260829,d,51,13.805567741394043,10.561824083328247,0.6654399931430817,9.811936140060425,0.0844479501247406,5.101599991321564,1.4769279807806015,0.2300800047814846,0.764320008456707,2.6302719973027706,3.243743658065796
260829,d,52,13.76255989074707,10.553376197814941,0.6563199907541275,9.814015865325928,0.08304034173488617,5.10614401102066,1.4821759909391403,0.23039999976754189,0.7647680081427097,2.6288000121712685,3.209183692932129
260829,d,53,13.706239700317383,10.470047950744629,0.6556479781866074,9.72873592376709,0.0856640487909317,4.998399972915649,1.44793601334095,0.23174399510025978,0.7608640007674694,2.55785596370697,3.236191749572754
260829,d,54,13.814784049987793,10.590400218963623,0.6504319906234741,9.857984066009521,0.08198416233062744,5.140767931938171,1.5662719905376434,0.22511999681591988,0.7654400058090687,2.5839359387755394,3.22438383102417
260829,d,55,13.957119941711426,10.610559940338135,0.690143994987011,9.835967779159546,0.08444816619157791,5.113216042518616,1.5467840433120728,0.22761600464582443,0.7838720008730888,2.5549439936876297,3.346560001373291
260829,d,56,14.06668758392334,10.7466881275177,0.690080001950264,9.971775770187378,0.08483235538005829,5.239199995994568,1.5330240279436111,0.23369599878787994,0.8375359997153282,2.6349439695477486,3.3199994564056396
260829,d,57,13.865983963012695,10.575488328933716,0.6655359864234924,9.825184345245361,0.08476799726486206,5.101855933666229,1.4992959797382355,0.23478399589657784,0.7803520001471043,2.5874239578843117,3.2904956340789795
260829,d,58,13.810688018798828,10.556288003921509,0.6661760061979294,9.806464195251465,0.08364780247211456,5.095487952232361,1.4835519790649414,0.2305920049548149,0.7750400044023991,2.6063039638102055,3.2544000148773193
260829,d,59,13.835968017578125,10.58243203163147,0.6622720062732697,9.83616018295288,0.08399984240531921,5.114528000354767,1.480736032128334,0.22995200008153915,0.7915199920535088,2.612319976091385,3.2535359859466553
260829,d,60,13.782879829406738,10.554336071014404,0.6593280136585236,9.81116795539856,0.08384010195732117,5.097184002399445,1.4860799908638,0.2274559997022152,0.767231997102499,2.6164160147309303,3.228543758392334
260829,d,61,13.803520202636719,10.540799856185913,0.6522880047559738,9.804735898971558,0.08377595245838165,5.088576018810272,1.4789439886808395,0.2303359992802143,0.766912005841732,2.6123840250074863,3.2627203464508057
260829,d,62,13.79417610168457,10.562559843063354,0.6483199968934059,9.830399990081787,0.08383985608816147,5.130047976970673,1.5026880204677582,0.23183999955654144,0.7853120043873787,2.6102079525589943,3.231616258621216
260829,d,63,13.767680168151855,10.532928228378296,0.6554880142211914,9.7947518825531,0.0826883316040039,5.088416039943695,1.5055679976940155,0.22729599848389626,0.7649279981851578,2.5906240455806255,3.2347519397735596
260829,d,64,13.74783992767334,10.531840085983276,0.6567679941654205,9.790463924407959,0.08460816740989685,5.075967967510223,1.489663988351822,0.22416000068187714,0.7625919915735722,2.599551986902952,3.2159998416900635
260829,d,65,13.770751953125,10.510335922241211,0.6522559821605682,9.775840044021606,0.08223989605903625,5.08022403717041,1.5270719975233078,0.23164800181984901,0.7575680017471313,2.563936036080122,3.260416030883789
260829,d,66,13.641823768615723,10.446688175201416,0.66143998503685,9.702399969100952,0.08284822106361389,4.974016010761261,1.4776960015296936,0.2252800017595291,0.7686399929225445,2.502400014549494,3.1951355934143066
260829,d,67,13.813759803771973,10.59216022491455,0.6691519990563393,9.840543985366821,0.08246424049139023,5.133823990821838,1.5326400101184845,0.2263999991118908,0.7679039984941483,2.606879983097315,3.221599578857422
260829,d,68,13.924351692199707,10.583935976028442,0.6567359864711761,9.843967914581299,0.08323207497596741,5.108511984348297,1.5165440142154694,0.22944000363349915,0.7632639966905117,2.599263969808817,3.3404157161712646
260829,d,69,14.082207679748535,10.775232076644897,0.6786880195140839,9.98803186416626,0.10851219296455383,5.244960010051727,1.553376019001007,0.2391360029578209,0.826239999383688,2.6262079887092113,3.3069756031036377
260829,d,70,13.807616233825684,10.56768012046814,0.6698879972100258,9.814880132675171,0.08291199058294296,5.08652800321579,1.5107519924640656,0.2271680012345314,0.7748480066657066,2.573760002851486,3.239936113357544
260829,d,71,13.883392333984375,10.62169623374939,0.6503360122442245,9.886623859405518,0.08473636209964752,5.1744319796562195,1.5087359845638275,0.22790399566292763,0.8005440011620522,2.637247998267412,3.2616961002349854
260829,d,72,13.96735954284668,10.673792362213135,0.671903982758522,9.908159971237183,0.09372840821743011,5.157024025917053,1.5235520005226135,0.2359679974615574,0.8048960044980049,2.5926080234348774,3.293567180633545
260829,d,73,13.783167839050293,10.518720149993896,0.6624319851398468,9.775807857513428,0.08048030734062195,5.062976002693176,1.4915840327739716,0.22806400060653687,0.7767679952085018,2.566559974104166,3.2644476890563965
260829,d,74,13.8056640625,10.534496068954468,0.6563839912414551,9.79366397857666,0.08444809913635254,5.077663958072662,1.4991359859704971,0.2271360047161579,0.7674560099840164,2.583935957401991,3.2711679935455322
260829,d,75,13.74732780456543,10.518144130706787,0.6557439938187599,9.77888011932373,0.08352001756429672,5.063903987407684,1.4902399778366089,0.23439999669790268,0.7659839987754822,2.5732800140976906,3.2291836738586426
260829,d,76,13.708288192749023,10.476992130279541,0.6556480079889297,9.735680103302002,0.08566401898860931,5.03276801109314,1.4573439955711365,0.2297920025885105,0.7663680091500282,2.5792640037834644,3.2312960624694824
260829,d,77,13.72275161743164,10.497856140136719,0.6563519835472107,9.75974416732788,0.0817599892616272,5.054847896099091,1.4926079958677292,0.22646399959921837,0.7641279920935631,2.57164790853858,3.224895477294922
260829,d,78,13.747551918029785,10.50822401046753,0.6493760198354721,9.774719953536987,0.08412803709506989,5.062175989151001,1.4875839799642563,0.23212799429893494,0.7647680006921291,2.5776960141956806,3.239327907562256
260829,d,79,13.69484806060791,10.490560054779053,0.6563839912414551,9.750624179840088,0.08355188369750977,5.013599991798401,1.4612480103969574,0.22403199970722198,0.7689279913902283,2.5593919903039932,3.2042880058288574
260829,d,80,13.652992248535156,10.417983770370483,0.6502399742603302,9.684960126876831,0.08278366923332214,4.977119982242584,1.4893120229244232,0.225856002420187,0.7599040009081364,2.5020479559898376,3.235008478164673
260829,d,81,13.76255989074707,10.515136003494263,0.6666239947080612,9.76361608505249,0.08489592373371124,5.06057596206665,1.4840959906578064,0.2297920063138008,0.7671360000967979,2.5795519649982452,3.2474238872528076
260829,d,82,13.716480255126953,10.500384092330933,0.6566720008850098,9.761792182922363,0.08191990852355957,5.04585599899292,1.4949759989976883,0.22566400468349457,0.7718719951808453,2.553344000130892,3.2160961627960205
260829,d,83,13.793472290039062,10.476543664932251,0.648735985159874,9.747391939163208,0.080415740609169,5.032320022583008,1.4891200065612793,0.22995200008153915,0.7640319988131523,2.549216017127037,3.3169286251068115
260829,d,84,13.819904327392578,10.570528030395508,0.6696960031986237,9.818560123443604,0.08227190375328064,5.074848055839539,1.4836160242557526,0.2468160018324852,0.760575994849205,2.583840034902096,3.2493762969970703
260829,d,85,13.835264205932617,10.577855825424194,0.6849919855594635,9.808895826339722,0.08396801352500916,5.088575959205627,1.4903999716043472,0.22652799636125565,0.775423988699913,2.5962240025401115,3.257408380508423
260829,d,86,13.719552040100098,10.456159591674805,0.6533119976520538,9.720831871032715,0.08201572299003601,5.014592111110687,1.4964479953050613,0.22496000677347183,0.7570559941232204,2.5361281149089336,3.263392448425293
260829,d,87,13.76035213470459,10.505600214004517,0.6545919999480247,9.767935991287231,0.0830722227692604,5.051456093788147,1.4913600385189056,0.22844799980521202,0.7636159993708134,2.568032056093216,3.2547519207000732
260829,d,88,13.745183944702148,10.490879774093628,0.6535360217094421,9.753504037857056,0.08383971452713013,5.040351986885071,1.476383998990059,0.2271999977529049,0.7586880028247833,2.5780799873173237,3.2543041706085205
260829,d,89,13.726847648620605,10.516127824783325,0.6499519720673561,9.781824111938477,0.08435174077749252,5.079232037067413,1.4922879934310913,0.22783999890089035,0.7858560048043728,2.573248039931059,3.2107198238372803
260829,d,90,13.76972770690918,10.49887990951538,0.6584639996290207,9.755808353424072,0.0846075564622879,5.054144024848938,1.4786560088396072,0.22780799865722656,0.7812799960374832,2.566400021314621,3.270847797393799
260829,d,91,13.684736251831055,10.476351976394653,0.6534399762749672,9.74025583267212,0.08265616744756699,5.014559984207153,1.4601600021123886,0.2250560037791729,0.7597119957208633,2.5696319825947285,3.2083842754364014
260829,d,92,13.667327880859375,10.456704139709473,0.6729600131511688,9.699071884155273,0.0846722424030304,4.991615951061249,1.4721280187368393,0.22566400095820427,0.7607999928295612,2.533023938536644,3.2106237411499023
260829,d,93,13.740415573120117,10.498079776763916,0.6435520052909851,9.771104097366333,0.0834236741065979,5.078047931194305,1.4884480088949203,0.22355199977755547,0.7490559965372086,2.616991925984621,3.242335796356201
260829,d,94,13.71564769744873,10.46124815940857,0.6487360000610352,9.72819209098816,0.084320068359375,5.033088028430939,1.4797440022230148,0.22588800266385078,0.7628479935228825,2.5646080300211906,3.254399538040161
260829,d,95,13.699071884155273,10.50102424621582,0.6584320217370987,9.759872198104858,0.08272002637386322,5.059231996536255,1.4963839948177338,0.22675200179219246,0.7544319964945316,2.581664003431797,3.198047637939453
260829,d,96,13.665087699890137,10.454879999160767,0.6515199765563011,9.719807863235474,0.08355215936899185,5.020896017551422,1.4707839787006378,0.22924799844622612,0.7625280022621155,2.5583360381424427,3.21020770072937
260829,d,97,13.766624450683594,10.515391826629639,0.6537920162081718,9.779968023300171,0.08163178712129593,5.077280044555664,1.52572800219059,0.22575999796390533,0.7622079961001873,2.5635840483009815,3.251232624053955
260829,d,98,13.770879745483398,10.522207975387573,0.6500159874558449,9.790464162826538,0.08172782510519028,5.081119954586029,1.4715519845485687,0.2308799996972084,0.7878400012850761,2.590847969055176,3.248671770095825
260829,d,99,13.843775749206543,10.576064109802246,0.6476480066776276,9.844576358795166,0.08383974432945251,5.136800050735474,1.548768013715744,0.22668800130486488,0.7537279985845089,2.607616037130356,3.267711639404297
260829,d,100,13.919232368469238,10.598976135253906,0.6484480127692223,9.84332799911499,0.10720012336969376,5.116479992866516,1.5227840095758438,0.22764800488948822,0.8080959990620613,2.5579519793391228,3.320256233215332
260829,d,101,13.857791900634766,10.575744152069092,0.6489279940724373,9.842624187469482,0.08419197052717209,5.143456041812897,1.5239359885454178,0.22777600213885307,0.8049599938094616,2.5867840573191643,3.282047748565674
260829,d,102,13.723808288574219,10.482527732849121,0.6552960053086281,9.744672060012817,0.08255966752767563,5.032223999500275,1.4807679802179337,0.22553599998354912,0.7660479992628098,2.559872020035982,3.2412805557250977
260829,d,103,13.77791976928711,10.551328182220459,0.6522879898548126,9.815648317337036,0.08339187502861023,5.110719978809357,1.5143039971590042,0.23020800575613976,0.7919040024280548,2.574303973466158,3.2265915870666504
260829,d,104,13.659135818481445,10.452703952789307,0.647711992263794,9.723040342330933,0.08195161819458008,5.012992024421692,1.452992007136345,0.22739200294017792,0.7544320002198219,2.578176014125347,3.2064318656921387
260829,d,105,13.742079734802246,10.529856204986572,0.657727986574173,9.787999868392944,0.08412835001945496,5.069119930267334,1.4823359996080399,0.22380800172686577,0.7606080025434494,2.602367926388979,3.212223529815674
260829,d,106,13.691904067993164,10.491968154907227,0.6475839912891388,9.762816190719604,0.08156797289848328,5.064799964427948,1.4864640086889267,0.2277120016515255,0.7540800012648106,2.5965439528226852,3.1999359130859375
260829,d,107,13.719327926635742,10.484448194503784,0.6455040127038956,9.755167961120605,0.08377622067928314,5.066367924213409,1.4960640221834183,0.22892800718545914,0.7559680044651031,2.585407890379429,3.234879732131958
260829,d,108,13.693984031677246,10.472640037536621,0.6580800116062164,9.733919858932495,0.08064016699790955,5.028895974159241,1.4902720004320145,0.226367998868227,0.7635840065777302,2.548671968281269,3.221343994140625
260829,d,109,13.724479675292969,10.53443193435669,0.6481919810175896,9.80396819114685,0.0822717621922493,5.0884480476379395,1.4973119795322418,0.22911999747157097,0.7880640104413033,2.5739520601928234,3.1900477409362793
260829,d,110,13.619199752807617,10.375072240829468,0.648223988711834,9.645792007446289,0.08105624467134476,4.944991946220398,1.4748800098896027,0.22627200186252594,0.7597120031714439,2.4841279312968254,3.2441275119781494
260829,d,111,13.741087913513184,10.512320041656494,0.6478719934821129,9.7816641330719,0.08278391510248184,5.07532799243927,1.4844800233840942,0.2335679978132248,0.759199995547533,2.598079975694418,3.2287678718566895
260829,d,112,13.691007614135742,10.486271619796753,0.6501440107822418,9.754688024520874,0.08143958449363708,5.058112025260925,1.49548801779747,0.23852799832820892,0.7551679983735085,2.568928010761738,3.2047359943389893
260829,d,113,13.775520324707031,10.559072017669678,0.6660800129175186,9.812063932418823,0.08092807233333588,5.11491197347641,1.4967999756336212,0.2260800004005432,0.7618879862129688,2.6301440112292767,3.2164483070373535
260829,d,114,13.652704238891602,10.449983835220337,0.6727040037512779,9.694368124008179,0.08291170746088028,4.981440007686615,1.463424026966095,0.22297600284218788,0.7590079940855503,2.536031983792782,3.2027204036712646
260829,d,115,13.651776313781738,10.457216024398804,0.645407997071743,9.728000164031982,0.08380786329507828,5.023167967796326,1.490880012512207,0.2258240021765232,0.7588799931108952,2.5475839599967003,3.1945602893829346
260829,d,116,13.64902400970459,10.434560060501099,0.6431679874658585,9.710048198699951,0.081343874335289,5.001695930957794,1.4551040083169937,0.22467200085520744,0.7656960003077984,2.5562239214777946,3.214463949203491
260829,d,117,13.683456420898438,10.462431907653809,0.6527359932661057,9.72710394859314,0.0825919657945633,5.027903974056244,1.4919679760932922,0.22675199806690216,0.7687680013477802,2.5404159985482693,3.221024513244629
260829,d,118,13.6878080368042,10.478336334228516,0.6453119814395905,9.75049614906311,0.08252820372581482,5.04339200258255,1.4677759855985641,0.22406399995088577,0.7612479999661446,2.5903040170669556,3.2094717025756836
260829,d,119,13.717375755310059,10.524672031402588,0.646527998149395,9.795328140258789,0.08281589299440384,5.0677120089530945,1.4718400090932846,0.22940799966454506,0.7606400027871132,2.6058239974081516,3.1927037239074707
260829,d,120,13.677632331848145,10.471424102783203,0.6440000012516975,9.745664119720459,0.0817599818110466,5.034624099731445,1.4834559708833694,0.23734400048851967,0.7612479999661446,2.5525761283934116,3.2062082290649414
260829,d,121,13.760448455810547,10.536895751953125,0.6476799994707108,9.805823802947998,0.0833919495344162,5.105759978294373,1.5157760232686996,0.2354240007698536,0.763679999858141,2.5908799543976784,3.223552703857422
260829,d,122,13.669376373291016,10.468159914016724,0.6492160111665726,9.736095905303955,0.08284799754619598,5.033088028430939,1.5057920217514038,0.22492799907922745,0.7599360011518002,2.5424320064485073,3.201216459274292
260829,d,123,13.656831741333008,10.469599723815918,0.6394880190491676,9.744671821594238,0.08543988317251205,5.045311987400055,1.4777600169181824,0.2224320024251938,0.7624639943242073,2.5826559737324715,3.18723201751709
260829,d,124,13.708383560180664,10.494399785995483,0.6516160070896149,9.760735988616943,0.08204779028892517,5.0589439868927,1.4924160093069077,0.22758400067687035,0.7631999924778938,2.5757439844310284,3.2139837741851807
260829,d,125,13.76364803314209,10.55567979812622,0.6476800292730331,9.826496124267578,0.08150364458560944,5.115487992763519,1.522047996520996,0.25600000098347664,0.7646079994738102,2.5728319957852364,3.207968235015869
260829,d,126,13.745152473449707,10.508543968200684,0.6475519984960556,9.778176069259644,0.08281590044498444,5.062463998794556,1.4788159877061844,0.2271679975092411,0.7634879983961582,2.592992015182972,3.2366085052490234
260829,d,127,13.965056419372559,10.666496276855469,0.6809599846601486,9.902687788009644,0.08284850418567657,5.198431968688965,1.5277120172977448,0.2545600049197674,0.7956799939274788,2.620479952543974,3.29856014251709
260829,d,128,13.986783981323242,10.552799940109253,0.6532479971647263,9.818112134933472,0.08143980801105499,5.111200034618378,1.4947200119495392,0.23094400018453598,0.7718720026314259,2.6136640198528767,3.4339840412139893
260829,d,129,14.007295608520508,10.703040361404419,0.6775679737329483,9.941792249679565,0.08368013799190521,5.183583974838257,1.511776015162468,0.233279999345541,0.7933760061860085,2.6451519541442394,3.304255247116089
260829,d,130,13.967743873596191,10.693536043167114,0.6744640171527863,9.935967922210693,0.08310410380363464,5.1914560198783875,1.524992048740387,0.23663999885320663,0.7816320061683655,2.6481919661164284,3.274207830429077
260829,d,131,13.900575637817383,10.625983953475952,0.6735680103302002,9.86847996711731,0.08393597602844238,5.143712043762207,1.5045759677886963,0.23155200481414795,0.7795840054750443,2.6280000656843185,3.2745916843414307
260829,d,132,13.868032455444336,10.61193585395813,0.66355200111866,9.863391876220703,0.08499197661876678,5.140671968460083,1.5449279993772507,0.23046400025486946,0.7766080088913441,2.588671959936619,3.256096601486206
260829,d,133,13.826047897338867,10.561312198638916,0.6594559922814369,9.81820797920227,0.08364822715520859,5.094080030918121,1.5251519978046417,0.23020800203084946,0.765663992613554,2.573056038469076,3.264735698699951
260829,d,134,14.141440391540527,10.72704005241394,0.6734399944543839,9.966271877288818,0.08732818067073822,5.235296010971069,1.5162560194730759,0.2441600002348423,0.7832639962434769,2.6916159950196743,3.414400339126587
260829,d,135,14.200032234191895,10.75923204421997,0.7012160122394562,9.971263885498047,0.08675214648246765,5.21699196100235,1.5225919783115387,0.2415039986371994,0.8196800053119659,2.633215978741646,3.440800189971924
260829,d,136,14.252032279968262,10.777119874954224,0.7037760019302368,9.986016273498535,0.08732759952545166,5.2343040108680725,1.5413120239973068,0.2438719980418682,0.8171520009636879,2.6319679878652096,3.474912405014038
260829,d,137,14.278559684753418,10.773599863052368,0.7016000002622604,9.98412799835205,0.08787186443805695,5.212607979774475,1.5215679705142975,0.2401599958539009,0.8276160061359406,2.623264007270336,3.50495982170105
260829,d,138,14.190272331237793,10.719871759414673,0.7086719870567322,9.924800157546997,0.0863996148109436,5.160512030124664,1.5094400197267532,0.2436159998178482,0.8280000016093254,2.5794560089707375,3.47040057182312
260829,d,139,14.148608207702637,10.728927850723267,0.7017279714345932,9.943424224853516,0.08377565443515778,5.199712038040161,1.5322559922933578,0.2388800010085106,0.8070080019533634,2.6215680427849293,3.41968035697937
260829,d,140,14.066559791564941,10.708063840866089,0.6822400093078613,9.938528060913086,0.0872957706451416,5.199936091899872,1.5059840083122253,0.23871999606490135,0.8343680053949356,2.6208640821278095,3.3584959506988525
260829,d,141,13.881312370300293,10.595072269439697,0.672032006084919,9.838304042816162,0.08473622053861618,5.113120019435883,1.4997439980506897,0.2385919950902462,0.7842560037970543,2.5905280224978924,3.2862401008605957
260829,d,142,13.856767654418945,10.566879987716675,0.665151983499527,9.818655967712402,0.08307203650474548,5.101664066314697,1.5099840015172958,0.22899200022220612,0.7765439972281456,2.5861440673470497,3.2898876667022705
260829,d,143,13.818143844604492,10.521631956100464,0.6626559942960739,9.775903940200806,0.08307202160358429,5.072192013263702,1.4941760152578354,0.22963199764490128,0.769471999257803,2.5789120011031628,3.2965118885040283
260829,d,144,14.045439720153809,10.674943923950195,0.66457599401474,9.925504207611084,0.08486372232437134,5.196351945400238,1.5505280196666718,0.22972799837589264,0.7972799986600876,2.618815928697586,3.3704957962036133
260829,d,145,13.902015686035156,10.59225583076477,0.6521280035376549,9.85692811012268,0.08319971710443497,5.147328078746796,1.529856026172638,0.23174400255084038,0.772256001830101,2.6134720481932163,3.3097598552703857
260829,d,146,14.336159706115723,10.698047876358032,0.6877759993076324,9.925408124923706,0.08486375212669373,5.173151969909668,1.5125120282173157,0.23430399969220161,0.8185280002653599,2.607807941734791,3.6381118297576904
260829,d,147,14.818304061889648,11.071360111236572,0.7728320211172104,10.207903861999512,0.09062422811985016,5.364479959011078,1.5867519974708557,0.24991999939084053,0.8699520230293274,2.6578559391200542,3.746943950653076
260829,d,148,14.77939224243164,10.97875189781189,0.7499520033597946,10.134239912033081,0.09455998241901398,5.325215995311737,1.558432012796402,0.25433599948883057,0.8858240246772766,2.626623958349228,3.800640344619751
260829,d,149,14.568448066711426,10.901759624481201,0.7496640086174011,10.055487871170044,0.0966077446937561,5.270879924297333,1.5524480044841766,0.24988799914717674,0.8622080013155937,2.6063359193503857,3.6666884422302246
260829,d,150,14.593024253845215,10.860543966293335,0.7314240038394928,10.035199880599976,0.09392008185386658,5.252575874328613,1.5537600219249725,0.24742399528622627,0.8597440123558044,2.59164784476161,3.73248028755188
260829,d,151,14.615327835083008,10.967840194702148,0.7332480102777481,10.13155198097229,0.10304020345211029,5.319519996643066,1.6193920075893402,0.24287999793887138,0.8346240147948265,2.6226239763200283,3.6474876403808594
260829,d,152,14.423040390014648,10.87830376625061,0.7279040068387985,10.058592081069946,0.09180767834186554,5.311007916927338,1.556607961654663,0.24089600145816803,0.8401920050382614,2.673311948776245,3.544736623764038
260829,d,153,14.326784133911133,10.824576139450073,0.7121919840574265,10.023935794830322,0.08844836056232452,5.240416049957275,1.5148800313472748,0.23561599478125572,0.8229440078139305,2.6669760160148144,3.5022079944610596
260829,d,154,13.997056007385254,10.660608291625977,0.7040639966726303,9.871391773223877,0.0851525217294693,5.121087968349457,1.4962560087442398,0.236480001360178,0.7988800071179867,2.5894719511270523,3.3364477157592773
260829,d,155,13.998080253601074,10.667455911636353,0.6844480186700821,9.896767854690552,0.08624003827571869,5.171999931335449,1.5331200063228607,0.23331200703978539,0.8155200071632862,2.590047910809517,3.3306243419647217
260829,d,156,14.139424324035645,10.688384294509888,0.6838400065898895,9.918240070343018,0.08630421757698059,5.1670719385147095,1.4889599829912186,0.24908800050616264,0.7887679971754551,2.640255957841873,3.451040029525757
260829,d,157,14.348287582397461,10.85744023323059,0.706527978181839,10.052704095840454,0.09820815920829773,5.278559923171997,1.5197440087795258,0.2670079991221428,0.8342720046639442,2.6575359106063843,3.49084734916687
260829,d,158,14.108672142028809,10.719232082366943,0.6950719803571701,9.937439680099487,0.08672042191028595,5.187071919441223,1.5101440250873566,0.2348480001091957,0.8176000043749809,2.62447988986969,3.3894400596618652
260829,d,159,14.004447937011719,10.700543880462646,0.6955839842557907,9.918816089630127,0.08614380657672882,5.192063987255096,1.5289919823408127,0.23612799495458603,0.7919679954648018,2.634976014494896,3.3039040565490723
260829,d,160,13.876288414001465,10.601663827896118,0.6765439957380295,9.841631889343262,0.08348794281482697,5.109919965267181,1.5135679990053177,0.23552000522613525,0.7716800011694431,2.5891519598662853,3.2746245861053467
260829,d,161,13.759488105773926,10.497312068939209,0.6673920005559921,9.743808269500732,0.08611179888248444,5.033984005451202,1.493472009897232,0.2282240018248558,0.7652160003781319,2.5470719933509827,3.262176036834717
260829,d,162,13.86086368560791,10.609375715255737,0.6975679993629456,9.828447580337524,0.08336013555526733,5.113376021385193,1.488895982503891,0.2282560020685196,0.769471999257803,2.6267520375549793,3.251487970352173
260829,d,163,13.730688095092773,10.465440273284912,0.6607360020279884,9.7227201461792,0.08198412507772446,5.010432064533234,1.4706239998340607,0.2290560007095337,0.7634879946708679,2.5472640693187714,3.2652478218078613
260829,d,164,13.717375755310059,10.4891197681427,0.6530880182981491,9.753600120544434,0.08243162930011749,5.0470080971717834,1.5034880489110947,0.22921600192785263,0.7569280005991459,2.5573760457336903,3.2282559871673584
260829,d,165,13.730815887451172,10.463808059692383,0.6599999964237213,9.72102403640747,0.0827840268611908,5.02182400226593,1.4798399955034256,0.22486400231719017,0.7559680007398129,2.5611520037055016,3.267007827758789
260829,d,166,13.744128227233887,10.476832151412964,0.6575360000133514,9.737312078475952,0.08198407292366028,5.038367986679077,1.4972160011529922,0.2287999987602234,0.762048002332449,2.5503039844334126,3.267296075820923
260829,d,167,13.77894401550293,10.512319803237915,0.660863995552063,9.769311904907227,0.08214390277862549,5.064192056655884,1.4796160012483597,0.2487040013074875,0.7615039981901646,2.574368055909872,3.2666242122650146
260829,d,168,13.715392112731934,10.49132776260376,0.6505919769406319,9.759456157684326,0.08127962797880173,5.045728087425232,1.462271973490715,0.22380800172686577,0.7597120068967342,2.599936105310917,3.224064350128174
260829,d,169,13.797375679016113,10.566720008850098,0.6546239927411079,9.828800201416016,0.08329581469297409,5.10342401266098,1.485279992222786,0.22358400747179985,0.7621119953691959,2.6324480175971985,3.2306556701660156
260829,d,170,13.8024320602417,10.495136022567749,0.6498880088329315,9.765151739120483,0.0800962746143341,5.053343951702118,1.483648031949997,0.22630399838089943,0.7653119936585426,2.578079927712679,3.30729603767395
260829,d,171,13.669376373291016,10.46012806892395,0.6460480093955994,9.730847597122192,0.08323246240615845,5.0226879715919495,1.4725439846515656,0.22819200158119202,0.7565120048820972,2.5654399804770947,3.2092483043670654
260829,d,172,13.720735549926758,10.514207601547241,0.6523200124502182,9.778527736663818,0.08335985243320465,5.0502079129219055,1.4901120066642761,0.22755199670791626,0.7589760012924671,2.573567908257246,3.2065279483795166
260829,d,173,13.741056442260742,10.520287990570068,0.6606719940900803,9.77839970588684,0.08121629059314728,5.072768032550812,1.5007359832525253,0.23046400025486946,0.763679999858141,2.577888049185276,3.220768451690674
260829,d,174,13.763392448425293,10.509183883666992,0.652287982404232,9.776288032531738,0.08060786873102188,5.067040026187897,1.491776004433632,0.22678399831056595,0.763935998082161,2.584544025361538,3.254208564758301
260829,d,175,13.905759811401367,10.646400213241577,0.6823360025882721,9.880736351013184,0.08332785964012146,5.136960029602051,1.4885440021753311,0.22448000311851501,0.8125120066106319,2.6114240176975727,3.25935959815979
260829,d,176,13.74067211151123,10.476447820663452,0.6505279988050461,9.743040084838867,0.08287973701953888,5.037280023097992,1.4760319888591766,0.22595200687646866,0.7810880094766617,2.554208017885685,3.2642242908477783
260829,d,177,13.761919975280762,10.473567962646484,0.6515199989080429,9.734976053237915,0.08707191050052643,5.025696039199829,1.4819200038909912,0.22857600077986717,0.7722880020737648,2.542912032455206,3.2883520126342773
260829,d,178,13.798656463623047,10.577343940734863,0.6560320109128952,9.839360237121582,0.08195169270038605,5.121568024158478,1.5086719840765,0.234848003834486,0.7691519968211651,2.6088960394263268,3.2213125228881836
260829,d,179,13.821951866149902,10.566304206848145,0.6491840109229088,9.834367990493774,0.08275220543146133,5.127135992050171,1.512927994132042,0.2288000024855137,0.7650559991598129,2.6203519962728024,3.255647659301758
260829,d,180,13.668352127075195,10.447775840759277,0.6556799858808517,9.70790410041809,0.08419175446033478,5.004096031188965,1.4739840179681778,0.2261439971625805,0.7681280039250851,2.5358400121331215,3.220576286315918
260829,d,181,13.774847984313965,10.550271987915039,0.705984003841877,9.757376194000244,0.08691179007291794,5.0556800365448,1.4855360090732574,0.23372799530625343,0.760928001254797,2.575488030910492,3.224575996398926
260829,d,182,13.78816032409668,10.557216167449951,0.6515520066022873,9.822272300720215,0.08339186012744904,5.088703989982605,1.4794559627771378,0.22707199677824974,0.7663039974868298,2.6158720329403877,3.2309441566467285
260829,d,183,13.775872230529785,10.554752349853516,0.6565760150551796,9.813567876815796,0.08460845798254013,5.1069119572639465,1.4864640086889267,0.22272000089287758,0.7907520048320293,2.606975942850113,3.2211198806762695
260829,d,184,13.75334358215332,10.525120258331299,0.6503040045499802,9.791264295578003,0.08355195820331573,5.090240001678467,1.515840008854866,0.22816000133752823,0.7685759961605072,2.5776639953255653,3.2282233238220215
260829,d,185,13.75334358215332,10.502271890640259,0.655039981007576,9.764991760253906,0.08224014937877655,5.064703941345215,1.5120639950037003,0.23468799889087677,0.7658879980444908,2.552063949406147,3.2510716915130615
260829,d,186,13.802271842956543,10.514911890029907,0.6502400040626526,9.77673602104187,0.08793586492538452,5.071135997772217,1.5020800083875656,0.2292800061404705,0.7764159888029099,2.563359994441271,3.2873599529266357
260829,d,187,13.759488105773926,10.52131175994873,0.6577920019626617,9.78223991394043,0.08127984404563904,5.070176005363464,1.479968011379242,0.2229120023548603,0.7684799991548061,2.598815992474556,3.2381763458251953
260829,d,188,13.77894401550293,10.5305917263031,0.6592320054769516,9.787967920303345,0.08339180052280426,5.056703984737396,1.483615979552269,0.22777599841356277,0.7613759972155094,2.583936009556055,3.248352289199829
260829,d,189,13.75164794921875,10.524927854537964,0.651840016245842,9.791232109069824,0.08185572922229767,5.064095973968506,1.4812799990177155,0.2293119989335537,0.7612159922719002,2.5922879837453365,3.226720094680786
260829,d,190,13.752063751220703,10.533440351486206,0.6563199833035469,9.794368267059326,0.08275210112333298,5.0559680461883545,1.4956159740686417,0.22630400583148003,0.7728640139102936,2.5611840523779392,3.218623399734497
260829,d,191,13.794303894042969,10.56377625465393,0.679776020348072,9.80022382736206,0.08377640694379807,5.07670396566391,1.4922880232334137,0.22521600127220154,0.7658879905939102,2.5933119505643845,3.230527639389038
260829,d,192,13.903871536254883,10.599744081497192,0.6529279798269272,9.865280389785767,0.0815357118844986,5.150240063667297,1.514399990439415,0.2279680036008358,0.7654720097780228,2.642400059849024,3.3041274547576904
260829,d,193,13.776032447814941,10.556415796279907,0.6504639834165573,9.823296070098877,0.08265574276447296,5.111327946186066,1.488512009382248,0.22646400332450867,0.7586559951305389,2.63769593834877,3.219616651535034
260829,d,194,13.77609634399414,10.555392265319824,0.6535039991140366,9.819360256195068,0.0825280100107193,5.086944043636322,1.515168011188507,0.22857600077986717,0.7602559924125671,2.5829440392553806,3.2207040786743164
260829,d,195,13.749247550964355,10.488095760345459,0.6509440094232559,9.750432252883911,0.08671949803829193,5.06166398525238,1.4838400185108185,0.22841599956154823,0.7588479928672314,2.5905599743127823,3.2611517906188965
260829,d,196,13.710335731506348,10.465471982955933,0.6612480133771896,9.719871997833252,0.08435197174549103,5.0135040283203125,1.4830719828605652,0.22924800589680672,0.761536005884409,2.5396480336785316,3.244863748550415
260829,d,197,13.742783546447754,10.51033616065979,0.6722240000963211,9.756479978561401,0.08163218200206757,5.043007969856262,1.4750719964504242,0.22764800116419792,0.755903996527195,2.584383975714445,3.232447385787964
260829,d,198,13.87724781036377,10.637728214263916,0.6554559990763664,9.899392127990723,0.08288008719682693,5.192831933498383,1.4777920097112656,0.22643199563026428,0.8015039972960949,2.687103930860758,3.2395195960998535
260829,d,199,13.83011245727539,10.60265588760376,0.6505599766969681,9.866623878479004,0.08547203242778778,5.166079998016357,1.5024320185184479,0.2401599958539009,0.7616319991648197,2.661855984479189,3.227456569671631
260830,a,0,5.696415901184082,4.492000013589859,0.3328000083565712,4.117504075169563,0.04169593006372452,0,0,0,0,0.0,1.204415887594223
260830,a,1,5.678976058959961,4.488191992044449,0.3327360078692436,4.118528053164482,0.036927931010723114,0,0,0,0,0.0,1.190784066915512
260830,a,2,5.67193603515625,4.481792122125626,0.33183999359607697,4.111360013484955,0.03859211504459381,0,0,0,0,0.0,1.1901439130306244
260830,a,3,5.677055835723877,4.48319998383522,0.3328000009059906,4.11443205177784,0.035967931151390076,0,0,0,0,0.0,1.1938558518886566
260830,a,4,5.681151866912842,4.48304009437561,0.33190400153398514,4.113183915615082,0.037952177226543427,0,0,0,0,0.0,1.1981117725372314
260830,a,5,5.675168037414551,4.479263931512833,0.33075200766324997,4.111360028386116,0.037151895463466644,0,0,0,0,0.0,1.1959041059017181
260830,a,6,5.665791988372803,4.477248102426529,0.33075200766324997,4.1095360070466995,0.03696008771657944,0,0,0,0,0.0,1.1885438859462738
260830,a,7,5.6750078201293945,4.48307192325592,0.33075200766324997,4.1154560297727585,0.03686388581991196,0,0,0,0,0.0,1.1919358968734741
260830,a,8,5.665791988372803,4.479743927717209,0.3296319991350174,4.1134080439805984,0.03670388460159302,0,0,0,0,0.0,1.1860480606555939
260830,a,9,5.67190408706665,4.482047945261002,0.3317760080099106,4.1134080439805984,0.036863893270492554,0,0,0,0,0.0,1.1898561418056488
260830,a,10,5.668767929077148,4.481856018304825,0.3298880010843277,4.113536015152931,0.03843200206756592,0,0,0,0,0.0,1.1869119107723236
260830,a,11,5.665791988372803,4.479231923818588,0.33395200222730637,4.109312027692795,0.03596789389848709,0,0,0,0,0.0,1.1865600645542145
260830,a,12,5.665088176727295,4.47721591591835,0.3309759944677353,4.109664052724838,0.03657586872577667,0,0,0,0,0.0,1.1878722608089447
260830,a,13,5.670783996582031,4.483039945363998,0.33075200766324997,4.115328013896942,0.036959923803806305,0,0,0,0,0.0,1.1877440512180328
260830,a,14,5.6750078201293945,4.479999929666519,0.33007999509572983,4.11443205177784,0.035487882792949677,0,0,0,0,0.0,1.1950078904628754
260830,a,15,5.667679786682129,4.479648023843765,0.329632006585598,4.113536074757576,0.03647994250059128,0,0,0,0,0.0,1.1880317628383636
260830,a,16,5.665791988372803,4.479999929666519,0.33075200766324997,4.112384051084518,0.03686387091875076,0,0,0,0,0.0,1.1857920587062836
260830,a,17,5.667840003967285,4.479999929666519,0.33347199857234955,4.110336035490036,0.036191895604133606,0,0,0,0,0.0,1.187840074300766
260830,a,18,5.669888019561768,4.482047945261002,0.3338240012526512,4.108927935361862,0.03929600864648819,0,0,0,0,0.0,1.187840074300766
260830,a,19,5.666143894195557,4.475903898477554,0.3304000049829483,4.110336005687714,0.035167887806892395,0,0,0,0,0.0,1.1902399957180023
260830,a,20,5.667840003967285,4.4780479073524475,0.32889600098133087,4.112096041440964,0.03705586493015289,0,0,0,0,0.0,1.1897920966148376
260830,a,21,5.679103851318359,4.48348805308342,0.33084800094366074,4.117311879992485,0.03532817214727402,0,0,0,0,0.0,1.1956157982349396
260830,a,22,5.672959804534912,4.484959930181503,0.32972800731658936,4.117504045367241,0.037727877497673035,0,0,0,0,0.0,1.1879998743534088
260830,a,23,5.696512222290039,4.497600048780441,0.3317760080099106,4.128767877817154,0.03705616295337677,0,0,0,0,0.0,1.1989121735095978
260830,a,24,5.666816234588623,4.479231983423233,0.32873600721359253,4.112832069396973,0.03766390681266785,0,0,0,0,0.0,1.18758425116539
260830,a,25,5.673984050750732,4.48102393746376,0.3314879983663559,4.113408014178276,0.03612792491912842,0,0,0,0,0.0,1.192960113286972
260830,a,26,5.665952205657959,4.480224043130875,0.3314879983663559,4.112896099686623,0.03583994507789612,0,0,0,0,0.0,1.1857281625270844
260830,a,27,5.671807765960693,4.481311917304993,0.3325759992003441,4.11443205177784,0.03430386632680893,0,0,0,0,0.0,1.1904958486557007
260830,a,28,5.669888019561768,4.477312058210373,0.32998399436473846,4.111360028386116,0.03596803545951843,0,0,0,0,0.0,1.1925759613513947
260830,a,29,5.679264068603516,4.487263977527618,0.3319680020213127,4.116480082273483,0.03881589323282242,0,0,0,0,0.0,1.1920000910758972
260830,a,30,5.678080081939697,4.483071953058243,0.3317760080099106,4.114527881145477,0.03676806390285492,0,0,0,0,0.0,1.1950081288814545
260830,a,31,5.678080081939697,4.487263977527618,0.3325759992003441,4.117632120847702,0.037055857479572296,0,0,0,0,0.0,1.1908161044120789
260830,a,32,5.679999828338623,4.490079969167709,0.3338240012526512,4.118495896458626,0.03776007145643234,0,0,0,0,0.0,1.1899198591709137
260830,a,33,5.665791988372803,4.476416051387787,0.32784000784158707,4.111135929822922,0.037440113723278046,0,0,0,0,0.0,1.1893759369850159
260830,a,34,5.67193603515625,4.483071953058243,0.3294080048799515,4.1153599470853806,0.03830400109291077,0,0,0,0,0.0,1.1888640820980072
260830,a,35,5.691616058349609,4.488479912281036,0.33395199477672577,4.117504075169563,0.037023842334747314,0,0,0,0,0.0,1.203136146068573
260830,a,36,5.6750078201293945,4.486143976449966,0.33001600205898285,4.119552090764046,0.036575883626937866,0,0,0,0,0.0,1.188863843679428
260830,a,37,5.6603522300720215,4.477951914072037,0.3280320018529892,4.112384036183357,0.03753587603569031,0,0,0,0,0.0,1.1824003159999847
260830,a,38,5.683199882507324,4.484991937875748,0.3307520002126694,4.117695972323418,0.036543965339660645,0,0,0,0,0.0,1.1982079446315765
260830,a,39,5.700607776641846,4.487231910228729,0.3363199979066849,4.1134080439805984,0.03750386834144592,0,0,0,0,0.0,1.2133758664131165
260830,a,40,5.669760227203369,4.48323193192482,0.3298560008406639,4.11647991836071,0.03689601272344589,0,0,0,0,0.0,1.1865282952785492
260830,a,41,5.66374397277832,4.48009592294693,0.33139200508594513,4.112544029951096,0.03615988790988922,0,0,0,0,0.0,1.1836480498313904
260830,a,42,5.67091178894043,4.4791039526462555,0.33059199899435043,4.112640097737312,0.03587185591459274,0,0,0,0,0.0,1.1918078362941742
260830,a,43,5.681151866912842,4.48921599984169,0.33049600571393967,4.120416060090065,0.038303934037685394,0,0,0,0,0.0,1.1919358670711517
260830,a,44,5.67091178894043,4.481087923049927,0.3307199999690056,4.113216087222099,0.03715183585882187,0,0,0,0,0.0,1.189823865890503
260830,a,45,5.668863773345947,4.482175976037979,0.32972800731658936,4.11443205177784,0.03801591694355011,0,0,0,0,0.0,1.1866877973079681
260830,a,46,5.680191993713379,4.488191992044449,0.33561600744724274,4.116768077015877,0.035807907581329346,0,0,0,0,0.0,1.19200000166893
260830,a,47,5.683104038238525,4.485439956188202,0.33395199477672577,4.115168049931526,0.03631991147994995,0,0,0,0,0.0,1.1976640820503235
260830,a,48,5.67468786239624,4.484095960855484,0.33004800230264664,4.115488037467003,0.0385599210858345,0,0,0,0,0.0,1.1905919015407562
260830,a,49,5.672287940979004,4.479647874832153,0.3328000009059906,4.110336005687714,0.0365118682384491,0,0,0,0,0.0,1.1926400661468506
260830,a,50,5.6815361976623535,4.488992005586624,0.3311999961733818,4.120576083660126,0.03721592575311661,0,0,0,0,0.0,1.1925441920757294
260830,a,51,5.669888019561768,4.482047885656357,0.32870400696992874,4.115744039416313,0.0375998392701149,0,0,0,0,0.0,1.1878401339054108
260830,a,52,5.6750078201293945,4.485119968652725,0.33155199885368347,4.115391954779625,0.03817601501941681,0,0,0,0,0.0,1.1898878514766693
260830,a,53,5.672959804534912,4.487392097711563,0.3319360017776489,4.115807965397835,0.03964813053607941,0,0,0,0,0.0,1.185567706823349
260830,a,54,5.6750078201293945,4.48319998383522,0.33177600055933,4.114655926823616,0.03676805645227432,0,0,0,0,0.0,1.1918078362941742
260830,a,55,5.67193603515625,4.482943922281265,0.330655999481678,4.11551995575428,0.03676796704530716,0,0,0,0,0.0,1.1889921128749847
260830,a,56,5.68012809753418,4.487167984247208,0.32972800731658936,4.120000019669533,0.03743995726108551,0,0,0,0,0.0,1.192960113286972
260830,a,57,5.673984050750732,4.483296066522598,0.3301120027899742,4.1184961050748825,0.03468795865774155,0,0,0,0,0.0,1.1906879842281342
260830,a,58,5.687295913696289,4.49849608540535,0.32892800122499466,4.11270397901535,0.05686410516500473,0,0,0,0,0.0,1.1887998282909393
260830,a,59,5.689536094665527,4.487168043851852,0.3325760066509247,4.117504045367241,0.03708799183368683,0,0,0,0,0.0,1.202368050813675
260830,a,60,5.682176113128662,4.488191992044449,0.33484800159931183,4.11715193092823,0.03619205951690674,0,0,0,0,0.0,1.1939841210842133
260830,a,61,5.665984153747559,4.477088093757629,0.3299520015716553,4.112159922719002,0.03497616946697235,0,0,0,0,0.0,1.1888960599899292
260830,a,62,5.662720203399658,4.477343946695328,0.32870399951934814,4.112544015049934,0.03609593212604523,0,0,0,0,0.0,1.1853762567043304
260830,a,63,5.673984050750732,4.482848078012466,0.33078400045633316,4.115263894200325,0.03680018335580826,0,0,0,0,0.0,1.191135972738266
260830,a,64,5.672959804534912,4.484095960855484,0.3328000083565712,4.11545604467392,0.035839907824993134,0,0,0,0,0.0,1.188863843679428
260830,a,65,5.662559986114502,4.4769279062747955,0.3279680013656616,4.113408014178276,0.03555189073085785,0,0,0,0,0.0,1.1856320798397064
260830,a,66,5.678080081939697,4.483807921409607,0.33107200264930725,4.1144320368766785,0.038303881883621216,0,0,0,0,0.0,1.1942721605300903
260830,a,67,5.676032066345215,4.4870719611644745,0.33587199449539185,4.114623978734016,0.03657598793506622,0,0,0,0,0.0,1.1889601051807404
260830,a,68,5.665567874908447,4.477151870727539,0.32899200171232224,4.109248116612434,0.03891175240278244,0,0,0,0,0.0,1.1884160041809082
260830,a,69,5.673727989196777,4.483263939619064,0.33158400654792786,4.1154560297727585,0.03622390329837799,0,0,0,0,0.0,1.190464049577713
260830,a,70,5.708864212036133,4.482207953929901,0.33075200766324997,4.11340805888176,0.03804788738489151,0,0,0,0,0.0,1.2266562581062317
260830,a,71,5.681856155395508,4.484511971473694,0.32972800731658936,4.117408007383347,0.037375956773757935,0,0,0,0,0.0,1.197344183921814
260830,a,72,5.6736321449279785,4.482047885656357,0.33075200766324997,4.11523200571537,0.036063872277736664,0,0,0,0,0.0,1.1915842592716217
260830,a,73,5.67193603515625,4.478016048669815,0.3301760032773018,4.111135900020599,0.03670414537191391,0,0,0,0,0.0,1.193919986486435
260830,a,74,5.701632022857666,4.510016113519669,0.3330560028553009,4.138143941760063,0.038816168904304504,0,0,0,0,0.0,1.1916159093379974
260830,a,75,5.666816234588623,4.4790080189704895,0.3291199952363968,4.11225600540638,0.03763201832771301,0,0,0,0,0.0,1.1878082156181335
260830,a,76,5.667679786682129,4.480160117149353,0.32972799986600876,4.1144320368766785,0.0360000804066658,0,0,0,0,0.0,1.1875196695327759
260830,a,77,5.698783874511719,4.488320082426071,0.3379199951887131,4.11443205177784,0.03596803545951843,0,0,0,0,0.0,1.2104637920856476
260830,a,78,5.680799961090088,4.48431995511055,0.33075200766324997,4.116480082273483,0.03708786517381668,0,0,0,0,0.0,1.196480005979538
260830,a,79,5.673727989196777,4.482175946235657,0.3328000083565712,4.110336020588875,0.039039917290210724,0,0,0,0,0.0,1.1915520429611206
260830,a,80,5.664735794067383,4.477055907249451,0.3309440016746521,4.109343975782394,0.036767929792404175,0,0,0,0,0.0,1.1876798868179321
260830,a,81,5.676799774169922,4.486688107252121,0.33264000713825226,4.116384103894234,0.03766399621963501,0,0,0,0,0.0,1.190111666917801
260830,a,82,5.6708478927612305,4.4822719395160675,0.3317760080099106,4.111584037542343,0.03891189396381378,0,0,0,0,0.0,1.188575953245163
260830,a,83,5.672959804534912,4.481023997068405,0.33209600299596786,4.111360028386116,0.03756796568632126,0,0,0,0,0.0,1.191935807466507
260830,a,84,5.6750078201293945,4.481952011585236,0.3317760080099106,4.112384051084518,0.03779195249080658,0,0,0,0,0.0,1.193055808544159
260830,a,85,5.68284797668457,4.492383927106857,0.3338240012526512,4.122336059808731,0.036223866045475006,0,0,0,0,0.0,1.190464049577713
260830,a,86,5.669695854187012,4.48035192489624,0.32870400696992874,4.113728120923042,0.037919797003269196,0,0,0,0,0.0,1.1893439292907715
260830,a,87,5.685247898101807,4.486143976449966,0.3324800059199333,4.117376014590263,0.036287955939769745,0,0,0,0,0.0,1.1991039216518402
260830,a,88,5.675327777862549,4.483071953058243,0.3328000009059906,4.112607881426811,0.03766407072544098,0,0,0,0,0.0,1.192255824804306
260830,a,89,5.662496089935303,4.475167900323868,0.3288000002503395,4.111360028386116,0.03500787168741226,0,0,0,0,0.0,1.187328189611435
260830,a,90,5.669888019561768,4.482272118330002,0.33075200766324997,4.11065599322319,0.040864117443561554,0,0,0,0,0.0,1.1876159012317657
260830,a,91,5.68233585357666,4.486143976449966,0.3330879956483841,4.115328028798103,0.037727952003479004,0,0,0,0,0.0,1.1961918771266937
260830,a,92,5.688320159912109,4.492352098226547,0.3328640013933182,4.1223999708890915,0.03708812594413757,0,0,0,0,0.0,1.1959680616855621
260830,a,93,5.661600112915039,4.4769279062747955,0.3301119953393936,4.110335990786552,0.03647992014884949,0,0,0,0,0.0,1.1846722066402435
260830,a,94,5.673984050750732,4.484095960855484,0.3327360078692436,4.113824024796486,0.037535928189754486,0,0,0,0,0.0,1.1898880898952484
260830,a,95,5.668704032897949,4.47977614402771,0.33398400247097015,4.1074239909648895,0.03836815059185028,0,0,0,0,0.0,1.1889278888702393
260830,a,96,5.669792175292969,4.48102393746376,0.33004800230264664,4.112384036183357,0.0385918989777565,0,0,0,0,0.0,1.1887682378292084
260830,a,97,5.666848182678223,4.481759935617447,0.33075200766324997,4.114175990223885,0.03683193773031235,0,0,0,0,0.0,1.1850882470607758
260830,a,98,5.678304195404053,4.485279977321625,0.33084800094366074,4.116480067372322,0.03795190900564194,0,0,0,0,0.0,1.193024218082428
260830,a,99,5.676767826080322,4.487360000610352,0.3341759964823723,4.116480082273483,0.036703921854496,0,0,0,0,0.0,1.1894078254699707
260830,a,100,5.685184001922607,4.479999929666519,0.3328000009059906,4.110336035490036,0.036863893270492554,0,0,0,0,0.0,1.2051840722560883
260830,a,101,5.6984639167785645,4.507040083408356,0.3335679993033409,4.1376320123672485,0.035840071737766266,0,0,0,0,0.0,1.1914238333702087
260830,a,102,5.70358419418335,4.510848015546799,0.359808012843132,4.109312027692795,0.04172797501087189,0,0,0,0,0.0,1.192736178636551
260830,a,103,5.693439960479736,4.502783954143524,0.35020799934864044,4.115456059575081,0.037119895219802856,0,0,0,0,0.0,1.1906560063362122
260830,a,104,5.688320159912109,4.491328001022339,0.3347200080752373,4.117504045367241,0.03910394757986069,0,0,0,0,0.0,1.1969921588897705
260830,a,105,5.703680038452148,4.484448105096817,0.33110400289297104,4.115839913487434,0.03750418871641159,0,0,0,0,0.0,1.2192319333553314
260830,a,106,5.692063808441162,4.501696079969406,0.3450560048222542,4.119488060474396,0.037152014672756195,0,0,0,0,0.0,1.190367728471756
260830,a,107,5.68617582321167,4.494367986917496,0.3319360017776489,4.125632002949715,0.03679998219013214,0,0,0,0,0.0,1.1918078362941742
260830,a,108,5.685376167297363,4.481632083654404,0.3307520002126694,4.113791897892952,0.03708818554878235,0,0,0,0,0.0,1.2037440836429596
260830,a,109,5.688000202178955,4.494304001331329,0.34201599657535553,4.113728001713753,0.03856000304222107,0,0,0,0,0.0,1.1936962008476257
260830,a,110,5.665791988372803,4.480320125818253,0.33049600571393967,4.114367917180061,0.035456202924251556,0,0,0,0,0.0,1.1854718625545502
260830,a,111,5.688992023468018,4.487359970808029,0.33187200129032135,4.115456059575081,0.04003190994262695,0,0,0,0,0.0,1.2016320526599884
260830,a,112,5.676703929901123,4.480127930641174,0.3328000009059906,4.1104640662670135,0.036863863468170166,0,0,0,0,0.0,1.1965759992599487
260830,a,113,5.675039768218994,4.484800010919571,0.33177600055933,4.114432021975517,0.03859198838472366,0,0,0,0,0.0,1.1902397572994232
260830,a,114,5.677055835723877,4.483968108892441,0.33296000212430954,4.112384051084518,0.038624055683612823,0,0,0,0,0.0,1.1930877268314362
260830,a,115,5.676032066345215,4.486239969730377,0.3328000009059906,4.115839913487434,0.03760005533695221,0,0,0,0,0.0,1.1897920966148376
260830,a,116,5.6723198890686035,4.483071953058243,0.33075200766324997,4.113664045929909,0.038655899465084076,0,0,0,0,0.0,1.1892479360103607
260830,a,117,5.690368175506592,4.499488085508347,0.32950400561094284,4.132672026753426,0.03731205314397812,0,0,0,0,0.0,1.1908800899982452
260830,a,118,5.702367782592773,4.4922879338264465,0.3312639966607094,4.112480044364929,0.04854389280080795,0,0,0,0,0.0,1.210079848766327
260830,a,119,5.716991901397705,4.488319993019104,0.3338240012526512,4.117439910769463,0.037056080996990204,0,0,0,0,0.0,1.228671908378601
260830,a,120,5.681151866912842,4.487423986196518,0.3341439962387085,4.114528104662895,0.038751885294914246,0,0,0,0,0.0,1.1937278807163239
260830,a,121,5.673984050750732,4.48319998383522,0.3311360031366348,4.113599985837936,0.03846399486064911,0,0,0,0,0.0,1.190784066915512
260830,a,122,5.678048133850098,4.484095960855484,0.33452800661325455,4.1133119612932205,0.03625599294900894,0,0,0,0,0.0,1.1939521729946136
260830,a,123,5.679103851318359,4.487391918897629,0.3338239938020706,4.116640046238899,0.036927878856658936,0,0,0,0,0.0,1.1917119324207306
260830,a,124,5.693439960479736,4.493312031030655,0.339136004447937,4.115680068731308,0.03849595785140991,0,0,0,0,0.0,1.2001279294490814
260830,a,125,5.679103851318359,4.486143976449966,0.33110400289297104,4.116480067372322,0.03855990618467331,0,0,0,0,0.0,1.192959874868393
260830,a,126,5.685120105743408,4.48921599984169,0.3332799971103668,4.1185280829668045,0.03740791976451874,0,0,0,0,0.0,1.1959041059017181
260830,a,127,5.682176113128662,4.485887914896011,0.3320319950580597,4.116480052471161,0.03737586736679077,0,0,0,0,0.0,1.1962881982326508
260830,a,128,5.68012809753418,4.486816078424454,0.3328000083565712,4.117183968424797,0.03683210164308548,0,0,0,0,0.0,1.193312019109726
260830,a,129,5.685984134674072,4.485663890838623,0.33238399773836136,4.115040019154549,0.03823987394571304,0,0,0,0,0.0,1.2003202438354492
260830,a,130,5.682176113128662,4.485279887914658,0.3325760066509247,4.1154560297727585,0.037247851490974426,0,0,0,0,0.0,1.1968962252140045
260830,a,131,5.724160194396973,4.498432070016861,0.3357440084218979,4.124672099947929,0.03801596164703369,0,0,0,0,0.0,1.2257281243801117
260830,a,132,5.673952102661133,4.484095960855484,0.33078400790691376,4.116768077015877,0.03654387593269348,0,0,0,0,0.0,1.1898561418056488
260830,a,133,5.678271770477295,4.4869440495967865,0.3317760080099106,4.1165760308504105,0.038592010736465454,0,0,0,0,0.0,1.1913277208805084
260830,a,134,5.6862077713012695,4.486143976449966,0.3338239938020706,4.114432066679001,0.03788791596889496,0,0,0,0,0.0,1.200063794851303
260830,a,135,5.681151866912842,4.491232067346573,0.3335360065102577,4.120576098561287,0.03711996227502823,0,0,0,0,0.0,1.189919799566269
260830,a,136,5.669695854187012,4.4800640642642975,0.330207996070385,4.111520037055016,0.03833603113889694,0,0,0,0,0.0,1.1896317899227142
260830,a,137,5.677055835723877,4.488511890172958,0.33187200129032135,4.1111681163311005,0.04547177255153656,0,0,0,0,0.0,1.1885439455509186
260830,a,138,5.73305606842041,4.511743932962418,0.3328000083565712,4.140223994851112,0.03871992975473404,0,0,0,0,0.0,1.2213121354579926
260830,a,139,5.701632022857666,4.511999934911728,0.33404800295829773,4.140671893954277,0.03728003799915314,0,0,0,0,0.0,1.189632087945938
260830,a,140,5.6972479820251465,4.502688109874725,0.3328319936990738,4.1131520718336105,0.056704044342041016,0,0,0,0,0.0,1.1945598721504211
260830,a,141,5.668863773345947,4.479999929666519,0.3303679972887039,4.11334390938282,0.03628802299499512,0,0,0,0,0.0,1.188863843679428
260830,a,142,5.685247898101807,4.486271977424622,0.3336000069975853,4.113280028104782,0.03939194232225418,0,0,0,0,0.0,1.198975920677185
260830,a,143,5.686272144317627,4.48633599281311,0.33296000212430954,4.116480082273483,0.036895908415317535,0,0,0,0,0.0,1.1999361515045166
260830,a,144,5.708799839019775,4.5100158751010895,0.3532159924507141,4.11865608394146,0.03814379870891571,0,0,0,0,0.0,1.198783963918686
260830,a,145,5.669119834899902,4.4795200526714325,0.3317760080099106,4.110336035490036,0.0374080091714859,0,0,0,0,0.0,1.1895997822284698
260830,a,146,5.6750078201293945,4.483839899301529,0.33587200194597244,4.112352058291435,0.035615839064121246,0,0,0,0,0.0,1.1911679208278656
260830,a,147,5.672031879425049,4.481279939413071,0.3319680020213127,4.11222405731678,0.037087880074977875,0,0,0,0,0.0,1.1907519400119781
260830,a,148,5.674943923950195,4.484095960855484,0.3320640027523041,4.114367946982384,0.037664011120796204,0,0,0,0,0.0,1.1908479630947113
260830,a,149,5.682176113128662,4.487167984247208,0.3319680020213127,4.1176320761442184,0.03756790608167648,0,0,0,0,0.0,1.1950081288814545
260830,a,150,5.6769280433654785,4.486496031284332,0.331167995929718,4.117567986249924,0.03776004910469055,0,0,0,0,0.0,1.1904320120811462
260830,a,151,5.6985602378845215,4.487359911203384,0.33503999561071396,4.115263894200325,0.03705602139234543,0,0,0,0,0.0,1.211200326681137
260830,a,152,5.683167934417725,4.483839899301529,0.3336319997906685,4.112384036183357,0.037823863327503204,0,0,0,0,0.0,1.1993280351161957
260830,a,153,5.67091178894043,4.480320125818253,0.3308799937367439,4.111040070652962,0.038400061428546906,0,0,0,0,0.0,1.1905916631221771
260830,a,154,5.675968170166016,4.483071953058243,0.3311360031366348,4.114432021975517,0.0375039279460907,0,0,0,0,0.0,1.1928962171077728
260830,a,155,5.67087984085083,4.48009592294693,0.3320640027523041,4.111583903431892,0.03644801676273346,0,0,0,0,0.0,1.1907839179039001
260830,a,156,5.673855781555176,4.479999929666519,0.3307520002126694,4.112255975604057,0.03699195384979248,0,0,0,0,0.0,1.1938558518886566
260830,a,157,5.682079792022705,4.493344098329544,0.3349439948797226,4.119264096021652,0.03913600742816925,0,0,0,0,0.0,1.188735693693161
260830,a,158,5.677055835723877,4.483071953058243,0.33161600679159164,4.115840062499046,0.03561588376760483,0,0,0,0,0.0,1.1939838826656342
260830,a,159,5.672959804534912,4.485119968652725,0.33344000577926636,4.1134080439805984,0.03827191889286041,0,0,0,0,0.0,1.187839835882187
260830,a,160,5.674079895019531,4.4811201095581055,0.3320320025086403,4.11036804318428,0.038720063865184784,0,0,0,0,0.0,1.1929597854614258
260830,a,161,5.6750078201293945,4.486528009176254,0.3361920043826103,4.11443205177784,0.03590395301580429,0,0,0,0,0.0,1.1884798109531403
260830,a,162,5.662720203399658,4.474943965673447,0.32969600707292557,4.107039898633957,0.03820805996656418,0,0,0,0,0.0,1.1877762377262115
260830,a,163,5.690368175506592,4.488831996917725,0.3333120048046112,4.116192057728767,0.03932793438434601,0,0,0,0,0.0,1.2015361785888672
260830,a,164,5.669087886810303,4.477184057235718,0.3306560069322586,4.110527962446213,0.0360000878572464,0,0,0,0,0.0,1.191903829574585
260830,a,165,5.674784183502197,4.485279977321625,0.3346880003809929,4.1126400381326675,0.037951938807964325,0,0,0,0,0.0,1.1895042061805725
260830,a,166,5.678080081939697,4.483071953058243,0.33263999968767166,4.113696053624153,0.036735899746418,0,0,0,0,0.0,1.1950081288814545
260830,a,167,5.67193603515625,4.482047885656357,0.3317440077662468,4.113056108355522,0.03724776953458786,0,0,0,0,0.0,1.1898881494998932
260830,a,168,5.665791988372803,4.478303909301758,0.33004800230264664,4.110559895634651,0.03769601136445999,0,0,0,0,0.0,1.187488079071045
260830,a,169,5.665791988372803,4.478975921869278,0.32979200035333633,4.113536044955254,0.03564787656068802,0,0,0,0,0.0,1.1868160665035248
260830,a,170,5.67683219909668,4.482335954904556,0.3317760080099106,4.114367887377739,0.03619205951690674,0,0,0,0,0.0,1.1944962441921234
260830,a,171,5.681024074554443,4.48374405503273,0.3306560069322586,4.113631948828697,0.03945609927177429,0,0,0,0,0.0,1.1972800195217133
260830,a,172,5.677055835723877,4.490112006664276,0.3309440016746521,4.116575926542282,0.04259207844734192,0,0,0,0,0.0,1.1869438290596008
260830,a,173,5.677055835723877,4.484095960855484,0.3314879983663559,4.1163200587034225,0.036287903785705566,0,0,0,0,0.0,1.192959874868393
260830,a,174,5.6985602378845215,4.509663909673691,0.3593599945306778,4.112192124128342,0.038111791014671326,0,0,0,0,0.0,1.1888963282108307
260830,a,175,5.672959804534912,4.484672099351883,0.33209599554538727,4.114463999867439,0.038112103939056396,0,0,0,0,0.0,1.1882877051830292
260830,a,176,5.6750078201293945,4.483071953058243,0.33219199627637863,4.113408029079437,0.03747192770242691,0,0,0,0,0.0,1.1919358670711517
260830,a,177,5.671840190887451,4.477951914072037,0.3328000083565712,4.109312012791634,0.03583989292383194,0,0,0,0,0.0,1.1938882768154144
260830,a,178,5.667840003967285,4.480735927820206,0.3317760080099106,4.111360058188438,0.03759986162185669,0,0,0,0,0.0,1.1871040761470795
260830,a,179,5.701695919036865,4.509695917367935,0.3306240066885948,4.142272084951401,0.036799825727939606,0,0,0,0,0.0,1.19200000166893
260830,a,180,5.668863773345947,4.479679971933365,0.32979200780391693,4.111360043287277,0.038527920842170715,0,0,0,0,0.0,1.1891838014125824
260830,a,181,5.678080081939697,4.486463963985443,0.33587200194597244,4.114400073885918,0.03619188815355301,0,0,0,0,0.0,1.1916161179542542
260830,a,182,5.681824207305908,4.486335903406143,0.33212800323963165,4.115711897611618,0.038496002554893494,0,0,0,0,0.0,1.195488303899765
260830,a,183,5.683199882507324,4.484095960855484,0.33177600055933,4.116480067372322,0.03583989292383194,0,0,0,0,0.0,1.1991039216518402
260830,a,184,5.6985602378845215,4.5066238939762115,0.35840000957250595,4.112735942006111,0.03548794239759445,0,0,0,0,0.0,1.19193634390831
260830,a,185,5.677055835723877,4.486143976449966,0.3338879942893982,4.11443205177784,0.03782393038272858,0,0,0,0,0.0,1.1909118592739105
260830,a,186,5.678080081939697,4.48102393746376,0.3317760080099106,4.1134080439805984,0.03583988547325134,0,0,0,0,0.0,1.197056144475937
260830,a,187,5.665440082550049,4.478143960237503,0.3309760019183159,4.109312027692795,0.037855930626392365,0,0,0,0,0.0,1.1872961223125458
260830,a,188,5.672959804534912,4.483711928129196,0.3317440077662468,4.114432066679001,0.03753585368394852,0,0,0,0,0.0,1.189247876405716
260830,a,189,5.666816234588623,4.481215953826904,0.3309440016746521,4.112448036670685,0.03782391548156738,0,0,0,0,0.0,1.1856002807617188
260830,a,190,5.668992042541504,4.479999929666519,0.33184000104665756,4.110207915306091,0.037952013313770294,0,0,0,0,0.0,1.1889921128749847
260830,a,191,5.667840003967285,4.4771519005298615,0.33052799850702286,4.110559895634651,0.03606400638818741,0,0,0,0,0.0,1.1906881034374237
260830,a,192,5.672639846801758,4.481119930744171,0.3317760080099106,4.113631889224052,0.03571203351020813,0,0,0,0,0.0,1.1915199160575867
260830,a,193,5.672863960266113,4.481984049081802,0.3311360031366348,4.113216117024422,0.03763192892074585,0,0,0,0,0.0,1.190879911184311
260830,a,194,5.668863773345947,4.478943914175034,0.3298880010843277,4.111616060137749,0.03743985295295715,0,0,0,0,0.0,1.1899198591709137
260830,a,195,5.678080081939697,4.484095960855484,0.3329920023679733,4.115456074476242,0.035647884011268616,0,0,0,0,0.0,1.1939841210842133
260830,a,196,5.68012809753418,4.483423948287964,0.3280000016093254,4.117504075169563,0.037919871509075165,0,0,0,0,0.0,1.1967041492462158
260830,a,197,5.69865608215332,4.507615953683853,0.3328000009059906,4.13900800049305,0.03580795228481293,0,0,0,0,0.0,1.1910401284694672
260830,a,198,5.6750078201293945,4.486143976449966,0.3338240012526512,4.11443205177784,0.037887923419475555,0,0,0,0,0.0,1.188863843679428
260830,a,199,5.67193603515625,4.486848086118698,0.33484800159931183,4.1134080439805984,0.03859204053878784,0,0,0,0,0.0,1.1850879490375519
260830,b,0,6.156479835510254,4.495135933160782,0.33616000413894653,4.119424059987068,0.03955186903476715,0,0,0,0,0.0,1.661343902349472
260830,b,1,6.150911808013916,4.488319903612137,0.3351999968290329,4.114432066679001,0.03868784010410309,0,0,0,0,0.0,1.6625919044017792
260830,b,2,6.138527870178223,4.485824018716812,0.3325120061635971,4.115359976887703,0.037952035665512085,0,0,0,0,0.0,1.6527038514614105
260830,b,3,6.158336162567139,4.494367986917496,0.3351359963417053,4.120608076453209,0.03862391412258148,0,0,0,0,0.0,1.663968175649643
260830,b,4,6.142975807189941,4.491488128900528,0.3325120061635971,4.121600106358528,0.03737601637840271,0,0,0,0,0.0,1.6514876782894135
260830,b,5,6.1320319175720215,4.488351970911026,0.33484800159931183,4.115616038441658,0.03788793087005615,0,0,0,0,0.0,1.6436799466609955
260830,b,6,6.213632106781006,4.502208083868027,0.3389439955353737,4.123648077249527,0.03961601108312607,0,0,0,0,0.0,1.7114240229129791
260830,b,7,6.139999866485596,4.48537603020668,0.3338240012526512,4.114688068628311,0.036863960325717926,0,0,0,0,0.0,1.6546238362789154
260830,b,8,6.159359931945801,4.503775984048843,0.3341119959950447,4.114464059472084,0.05519992858171463,0,0,0,0,0.0,1.6555839478969574
260830,b,9,6.141952037811279,4.489407926797867,0.33296000212430954,4.116671994328499,0.03977593034505844,0,0,0,0,0.0,1.6525441110134125
260830,b,10,6.141952037811279,4.490240007638931,0.33587200194597244,4.115647986531258,0.0387200191617012,0,0,0,0,0.0,1.651712030172348
260830,b,11,6.12659215927124,4.4833599627017975,0.3338879942893982,4.111456021666527,0.0380159467458725,0,0,0,0,0.0,1.6432321965694427
260830,b,12,6.144000053405762,4.495360016822815,0.33292800188064575,4.122624084353447,0.03980793058872223,0,0,0,0,0.0,1.6486400365829468
260830,b,13,6.176447868347168,4.5028800666332245,0.3330880030989647,4.131711915135384,0.03808014839887619,0,0,0,0,0.0,1.6735678017139435
260830,b,14,6.13478422164917,4.489919990301132,0.33075200766324997,4.1208318918943405,0.03833609074354172,0,0,0,0,0.0,1.6448642313480377
260830,b,15,6.1479997634887695,4.491648018360138,0.3345920071005821,4.118368104100227,0.03868790715932846,0,0,0,0,0.0,1.6563517451286316
260830,b,16,6.146368026733398,4.488927990198135,0.334976002573967,4.11468805372715,0.03926393389701843,0,0,0,0,0.0,1.657440036535263
260830,b,17,6.1684160232543945,4.512735933065414,0.3577600046992302,4.116736069321632,0.03823985904455185,0,0,0,0,0.0,1.65568009018898
260830,b,18,6.134143829345703,4.48924794793129,0.3328320011496544,4.119552090764046,0.03686385601758957,0,0,0,0,0.0,1.6448958814144135
260830,b,19,6.140927791595459,4.48921599984169,0.3327680081129074,4.1185280829668045,0.03791990876197815,0,0,0,0,0.0,1.651711791753769
260830,b,20,6.136608123779297,4.489535987377167,0.33244800567626953,4.119552090764046,0.0375358909368515,0,0,0,0,0.0,1.6470721364021301
260830,b,21,6.142975807189941,4.4948481023311615,0.33484800159931183,4.118911921977997,0.041088178753852844,0,0,0,0,0.0,1.64812770485878
260830,b,22,6.180511951446533,4.495616048574448,0.3327360078692436,4.123455956578255,0.03942408412694931,0,0,0,0,0.0,1.6848959028720856
260830,b,23,6.140927791595459,4.490208119153976,0.3340799957513809,4.117504075169563,0.03862404823303223,0,0,0,0,0.0,1.6507196724414825
260830,b,24,6.12659215927124,4.485119968652725,0.3298240080475807,4.115488067269325,0.039807893335819244,0,0,0,0,0.0,1.641472190618515
260830,b,25,6.129663944244385,4.4879359900951385,0.33164800703525543,4.117536053061485,0.03875192999839783,0,0,0,0,0.0,1.6417279541492462
260830,b,26,6.147071838378906,4.494336038827896,0.3348800018429756,4.119679883122444,0.03977615386247635,0,0,0,0,0.0,1.6527357995510101
260830,b,27,6.142047882080078,4.486143976449966,0.3328000009059906,4.114272087812424,0.039071887731552124,0,0,0,0,0.0,1.6559039056301117
260830,b,28,6.161503791809082,4.508671909570694,0.3317760080099106,4.139072000980377,0.03782390058040619,0,0,0,0,0.0,1.652831882238388
260830,b,29,6.134079933166504,4.4888321459293365,0.33139200508594513,4.1187839806079865,0.03865616023540497,0,0,0,0,0.0,1.6452477872371674
260830,b,30,6.148928165435791,4.4912640154361725,0.3339200019836426,4.117504075169563,0.039839938282966614,0,0,0,0,0.0,1.6576641499996185
260830,b,31,6.14412784576416,4.49520006775856,0.3357760012149811,4.122560054063797,0.036864012479782104,0,0,0,0,0.0,1.6489277780056
260830,b,32,6.174592018127441,4.489344000816345,0.3351360037922859,4.1148480623960495,0.039359934628009796,0,0,0,0,0.0,1.6852480173110962
260830,b,33,6.149280071258545,4.492607921361923,0.3328000083565712,4.1207361072301865,0.03907180577516556,0,0,0,0,0.0,1.6566721498966217
260830,b,34,6.147071838378906,4.4912640154361725,0.33267200738191605,4.11977607011795,0.038815937936306,0,0,0,0,0.0,1.6558078229427338
260830,b,35,6.181727886199951,4.493376046419144,0.3368320092558861,4.119551986455917,0.03699205070734024,0,0,0,0,0.0,1.6883518397808075
260830,b,36,6.158336162567139,4.496159940958023,0.33503999561071396,4.120831921696663,0.04028802365064621,0,0,0,0,0.0,1.6621762216091156
260830,b,37,6.162591934204102,4.4912640154361725,0.33587200194597244,4.117504075169563,0.03788793832063675,0,0,0,0,0.0,1.671327918767929
260830,b,38,6.163424015045166,4.494432121515274,0.3359360024333,4.117504075169563,0.040992043912410736,0,0,0,0,0.0,1.668991893529892
260830,b,39,6.199615955352783,4.50080007314682,0.3399680033326149,4.120639950037003,0.040192119777202606,0,0,0,0,0.0,1.6988158822059631
260830,b,40,6.20300817489624,4.501504093408585,0.33980799466371536,4.122624084353447,0.03907201439142227,0,0,0,0,0.0,1.7015040814876556
260830,b,41,6.218016147613525,4.53836789727211,0.3417920023202896,4.1513600796461105,0.04521581530570984,0,0,0,0,0.0,1.6796482503414154
260830,b,42,6.168575763702393,4.49465599656105,0.33686400204896927,4.120736077427864,0.03705591708421707,0,0,0,0,0.0,1.6739197671413422
260830,b,43,6.168767929077148,4.49740806221962,0.3388799950480461,4.118592083454132,0.03993598371744156,0,0,0,0,0.0,1.6713598668575287
260830,b,44,6.170623779296875,4.496447890996933,0.3389439955353737,4.11779198050499,0.03971191495656967,0,0,0,0,0.0,1.674175888299942
260830,b,45,6.169856071472168,4.50080007314682,0.3389440029859543,4.118944078683853,0.042911991477012634,0,0,0,0,0.0,1.669055998325348
260830,b,46,6.153984069824219,4.490592002868652,0.33484800159931183,4.1163520365953445,0.03939196467399597,0,0,0,0,0.0,1.6633920669555664
260830,b,47,6.187007904052734,4.523839950561523,0.363520011305809,4.1206400990486145,0.039679840207099915,0,0,0,0,0.0,1.663167953491211
260830,b,48,6.187967777252197,4.530240058898926,0.3643519952893257,4.126879945397377,0.03900811821222305,0,0,0,0,0.0,1.6577277183532715
260830,b,49,6.170527935028076,4.500576049089432,0.3389440104365349,4.120896130800247,0.04073590785264969,0,0,0,0,0.0,1.6699518859386444
260830,b,50,6.164447784423828,4.494336038827896,0.33872000128030777,4.118432059884071,0.037183977663517,0,0,0,0,0.0,1.670111745595932
260830,b,51,6.164576053619385,4.493280053138733,0.33792000263929367,4.11753611266613,0.037823937833309174,0,0,0,0,0.0,1.6712960004806519
260830,b,52,6.161407947540283,4.495072036981583,0.33587200194597244,4.120448037981987,0.0387519970536232,0,0,0,0,0.0,1.6663359105587006
260830,b,53,6.1615681648254395,4.495040029287338,0.33696000277996063,4.119552090764046,0.03852793574333191,0,0,0,0,0.0,1.6665281355381012
260830,b,54,6.18390417098999,4.497631937265396,0.33689600229263306,4.121279910206795,0.03945602476596832,0,0,0,0,0.0,1.6862722337245941
260830,b,55,6.149824142456055,4.493215918540955,0.33587200194597244,4.119935974478722,0.03740794211626053,0,0,0,0,0.0,1.6566082239151
260830,b,56,6.170720100402832,4.49929603934288,0.3399679958820343,4.1205760687589645,0.03875197470188141,0,0,0,0,0.0,1.6714240610599518
260830,b,57,6.166528224945068,4.500320106744766,0.33692800253629684,4.124511882662773,0.03888022154569626,0,0,0,0,0.0,1.6662081182003021
260830,b,58,6.168735980987549,4.497216135263443,0.3370239958167076,4.118943989276886,0.041248150169849396,0,0,0,0,0.0,1.6715198457241058
260830,b,59,6.190239906311035,4.504255920648575,0.3428160026669502,4.121760115027428,0.03967980295419693,0,0,0,0,0.0,1.6859839856624603
260830,b,60,6.207327842712402,4.522144079208374,0.3413119986653328,4.141440004110336,0.039392076432704926,0,0,0,0,0.0,1.6851837635040283
260830,b,61,6.204607963562012,4.528192073106766,0.34064000844955444,4.149952009320259,0.03760005533695221,0,0,0,0,0.0,1.676415890455246
260830,b,62,6.187007904052734,4.502528101205826,0.33958400040864944,4.124671891331673,0.03827220946550369,0,0,0,0,0.0,1.6844798028469086
260830,b,63,6.193151950836182,4.5137919485569,0.3432000055909157,4.129631951451302,0.04095999151468277,0,0,0,0,0.0,1.6793600022792816
260830,b,64,6.181888103485107,4.498176008462906,0.3375680074095726,4.120608061552048,0.03999993950128555,0,0,0,0,0.0,1.6837120950222015
260830,b,65,6.192255973815918,4.507264047861099,0.3420160040259361,4.123008117079735,0.042239926755428314,0,0,0,0,0.0,1.6849919259548187
260830,b,66,6.200064182281494,4.500255972146988,0.3399999961256981,4.1217281222343445,0.03852785378694534,0,0,0,0,0.0,1.6998082101345062
260830,b,67,6.172671794891357,4.503072053194046,0.3399680033326149,4.123488113284111,0.0396159365773201,0,0,0,0,0.0,1.6695997416973114
260830,b,68,6.181119918823242,4.504576116800308,0.34192001074552536,4.123616114258766,0.03903999179601669,0,0,0,0,0.0,1.676543802022934
260830,b,69,6.185279846191406,4.501536041498184,0.3409920111298561,4.119840115308762,0.0407039150595665,0,0,0,0,0.0,1.683743804693222
260830,b,70,6.1714558601379395,4.501504123210907,0.338176004588604,4.123519912362099,0.039808206260204315,0,0,0,0,0.0,1.6699517369270325
260830,b,71,6.187808036804199,4.503552109003067,0.3409920111298561,4.123904123902321,0.038655973970890045,0,0,0,0,0.0,1.6842559278011322
260830,b,72,6.181888103485107,4.497503995895386,0.3409920036792755,4.117760002613068,0.0387519896030426,0,0,0,0,0.0,1.6843841075897217
260830,b,73,6.191999912261963,4.5045439302921295,0.3396800085902214,4.123648017644882,0.04121590405702591,0,0,0,0,0.0,1.6874559819698334
260830,b,74,6.199295997619629,4.528960138559341,0.3389440104365349,4.15046401321888,0.03955211490392685,0,0,0,0,0.0,1.6703358590602875
260830,b,75,6.196864128112793,4.512768119573593,0.3426559939980507,4.1308161318302155,0.039295993745326996,0,0,0,0,0.0,1.6840960085391998
260830,b,76,6.197535991668701,4.510527998209,0.3471360057592392,4.124767944216728,0.03862404823303223,0,0,0,0,0.0,1.6870079934597015
260830,b,77,6.205440044403076,4.5189439952373505,0.33776000142097473,4.141119942069054,0.04006405174732208,0,0,0,0,0.0,1.6864960491657257
260830,b,78,6.1836161613464355,4.499776065349579,0.3391680046916008,4.121727898716927,0.03888016194105148,0,0,0,0,0.0,1.6838400959968567
260830,b,79,6.206719875335693,4.508895933628082,0.34275200217962265,4.12700791656971,0.03913601487874985,0,0,0,0,0.0,1.697823941707611
260830,b,80,6.188064098358154,4.505600124597549,0.3399680033326149,4.12515190243721,0.04048021882772446,0,0,0,0,0.0,1.6824639737606049
260830,b,81,6.183296203613281,4.504223972558975,0.3410240113735199,4.1227840930223465,0.040415868163108826,0,0,0,0,0.0,1.679072231054306
260830,b,82,6.185855865478516,4.49875208735466,0.33907201141119003,4.121600106358528,0.038079969584941864,0,0,0,0,0.0,1.6871037781238556
260830,b,83,6.1869120597839355,4.502368122339249,0.34041599184274673,4.1216961145401,0.040256015956401825,0,0,0,0,0.0,1.684543937444687
260830,b,84,6.173791885375977,4.502528101205826,0.3420160114765167,4.120448067784309,0.040064021944999695,0,0,0,0,0.0,1.6712637841701508
260830,b,85,6.184959888458252,4.498432070016861,0.3383040055632591,4.120543912053108,0.03958415240049362,0,0,0,0,0.0,1.686527818441391
260830,b,86,6.190080165863037,4.505567908287048,0.3431999906897545,4.122624114155769,0.039743803441524506,0,0,0,0,0.0,1.6845122575759888
260830,b,87,6.214335918426514,4.530112028121948,0.36659199744462967,4.124863892793655,0.03865613788366318,0,0,0,0,0.0,1.6842238903045654
260830,b,88,6.193151950836182,4.521024018526077,0.3391680121421814,4.14214400947094,0.03971199691295624,0,0,0,0,0.0,1.6721279323101044
260830,b,89,6.190080165863037,4.503552109003067,0.3430720120668411,4.120704099535942,0.039775997400283813,0,0,0,0,0.0,1.68652805685997
260830,b,90,6.18828821182251,4.50339213013649,0.3409920036792755,4.123648092150688,0.038752034306526184,0,0,0,0,0.0,1.68489608168602
260830,b,91,6.203392028808594,4.503520101308823,0.3416000008583069,4.124671891331673,0.03724820911884308,0,0,0,0,0.0,1.6998719274997711
260830,b,92,6.17574405670166,4.505600124597549,0.3380480036139488,4.126719877123833,0.040832243859767914,0,0,0,0,0.0,1.6701439321041107
260830,b,93,6.18393611907959,4.500447899103165,0.3409920111298561,4.120192006230354,0.039263881742954254,0,0,0,0,0.0,1.6834882199764252
260830,b,94,6.195136070251465,4.5055040419101715,0.3409920036792755,4.124896004796028,0.03961603343486786,0,0,0,0,0.0,1.6896320283412933
260830,b,95,6.167359828948975,4.498624086380005,0.3389440104365349,4.118688106536865,0.04099196940660477,0,0,0,0,0.0,1.6687357425689697
260830,b,96,6.200448036193848,4.5017280876636505,0.33904000371694565,4.123840048909187,0.03884803503751755,0,0,0,0,0.0,1.6987199485301971
260830,b,97,6.154176235198975,4.501887947320938,0.34198400378227234,4.120736077427864,0.0391678661108017,0,0,0,0,0.0,1.6522882878780365
260830,b,98,6.155231952667236,4.489504098892212,0.3373119905591011,4.114624008536339,0.037568099796772,0,0,0,0,0.0,1.6657278537750244
260830,b,99,6.1479997634887695,4.490015894174576,0.334976002573967,4.114784076809883,0.04025581479072571,0,0,0,0,0.0,1.6579838693141937
260830,b,100,6.165503978729248,4.517919987440109,0.3346240073442459,4.118815898895264,0.06448008120059967,0,0,0,0,0.0,1.6475839912891388
260830,b,101,6.141632080078125,4.493312031030655,0.33587200194597244,4.118848070502281,0.038591958582401276,0,0,0,0,0.0,1.64832004904747
260830,b,102,6.1551361083984375,4.494240075349808,0.34092801064252853,4.116671994328499,0.036640070378780365,0,0,0,0,0.0,1.6608960330486298
260830,b,103,6.151040077209473,4.490687936544418,0.33718399703502655,4.113952055573463,0.039551883935928345,0,0,0,0,0.0,1.6603521406650543
260830,b,104,6.151519775390625,4.497120022773743,0.3365760073065758,4.121600106358528,0.03894390910863876,0,0,0,0,0.0,1.6543997526168823
260830,b,105,6.160704135894775,4.514815926551819,0.33292800188064575,4.142080008983612,0.039807915687561035,0,0,0,0,0.0,1.6458882093429565
260830,b,106,6.152192115783691,4.492256015539169,0.33481600135564804,4.117600083351135,0.03983993083238602,0,0,0,0,0.0,1.659936100244522
260830,b,107,6.150432109832764,4.495360046625137,0.33792001008987427,4.1196480840444565,0.03779195249080658,0,0,0,0,0.0,1.6550720632076263
260830,b,108,6.144000053405762,4.494336038827896,0.33587200194597244,4.119552105665207,0.038911931216716766,0,0,0,0,0.0,1.6496640145778656
260830,b,109,6.1624321937561035,4.491775989532471,0.3330240026116371,4.119519963860512,0.03923202306032181,0,0,0,0,0.0,1.6706562042236328
260830,b,110,6.1533122062683105,4.495456039905548,0.3378239944577217,4.119776099920273,0.03785594552755356,0,0,0,0,0.0,1.6578561663627625
260830,b,111,6.142655849456787,4.4912640154361725,0.3338239938020706,4.11923186480999,0.03820815682411194,0,0,0,0,0.0,1.6513918340206146
260830,b,112,6.139904022216797,4.495264083147049,0.3339200019836426,4.122272118926048,0.03907196223735809,0,0,0,0,0.0,1.644639939069748
260830,b,113,6.137824058532715,4.492576032876968,0.33369600027799606,4.1213120967149734,0.03756793588399887,0,0,0,0,0.0,1.6452480256557465
260830,b,114,6.151167869567871,4.490336000919342,0.33484799414873123,4.1186560690402985,0.03683193773031235,0,0,0,0,0.0,1.660831868648529
260830,b,115,6.140927791595459,4.490240007638931,0.33398400247097015,4.116800054907799,0.039455950260162354,0,0,0,0,0.0,1.6506877839565277
260830,b,116,6.144000053405762,4.490240007638931,0.33395200222730637,4.118560090661049,0.03772791475057602,0,0,0,0,0.0,1.6537600457668304
260830,b,117,6.158080101013184,4.498591959476471,0.3347200080752373,4.126975893974304,0.036896057426929474,0,0,0,0,0.0,1.6594881415367126
260830,b,118,6.167647838592529,4.515871971845627,0.3563520088791847,4.119744092226028,0.039775870740413666,0,0,0,0,0.0,1.6517758667469025
260830,b,119,6.17471981048584,4.514816015958786,0.3356800079345703,4.137984052300453,0.04115195572376251,0,0,0,0,0.0,1.6599037945270538
260830,b,120,6.1418561935424805,4.484383970499039,0.33212800323963165,4.113824084401131,0.03843188285827637,0,0,0,0,0.0,1.6574722230434418
260830,b,121,6.147071838378906,4.4879999458789825,0.33484799414873123,4.115136101841927,0.03801584988832474,0,0,0,0,0.0,1.6590718924999237
260830,b,122,6.1829118728637695,4.523008018732071,0.335999995470047,4.1236478835344315,0.06336013972759247,0,0,0,0,0.0,1.6599038541316986
260830,b,123,6.1499199867248535,4.493215948343277,0.33587199449539185,4.11923186480999,0.0381120890378952,0,0,0,0,0.0,1.6567040383815765
260830,b,124,6.136832237243652,4.487488090991974,0.3298240005970001,4.11935992538929,0.0383041650056839,0,0,0,0,0.0,1.6493441462516785
260830,b,125,6.199295997619629,4.536416113376617,0.3624640107154846,4.134112045168877,0.039840057492256165,0,0,0,0,0.0,1.6628798842430115
260830,b,126,6.149375915527344,4.492288023233414,0.3344639986753464,4.119488015770912,0.03833600878715515,0,0,0,0,0.0,1.65708789229393
260830,b,127,6.148096084594727,4.493312031030655,0.3330560028553009,4.122559949755669,0.037696078419685364,0,0,0,0,0.0,1.6547840535640717
260830,b,128,6.161087989807129,4.5137919485569,0.3563520088791847,4.118463948369026,0.03897599130868912,0,0,0,0,0.0,1.6472960412502289
260830,b,129,6.151072025299072,4.489119917154312,0.33484800159931183,4.116160109639168,0.03811180591583252,0,0,0,0,0.0,1.6619521081447601
260830,b,130,6.149119853973389,4.489279955625534,0.3340799957513809,4.117696046829224,0.037503913044929504,0,0,0,0,0.0,1.6598398983478546
260830,b,131,6.149216175079346,4.490240007638931,0.33484799414873123,4.116576060652733,0.038815952837467194,0,0,0,0,0.0,1.6589761674404144
260830,b,132,6.139103889465332,4.495680034160614,0.33056000620126724,4.1246079951524734,0.04051203280687332,0,0,0,0,0.0,1.643423855304718
260830,b,133,6.151167869567871,4.4954880475997925,0.33792000263929367,4.1187839061021805,0.03878413885831833,0,0,0,0,0.0,1.6556798219680786
260830,b,134,6.158656120300293,4.489216089248657,0.3338879942893982,4.117504075169563,0.03782401978969574,0,0,0,0,0.0,1.6694400310516357
260830,b,135,6.1407999992370605,4.491328120231628,0.33500799536705017,4.119392111897469,0.03692801296710968,0,0,0,0,0.0,1.6494718790054321
260830,b,136,6.18064022064209,4.493792027235031,0.33507199585437775,4.11935992538929,0.039360105991363525,0,0,0,0,0.0,1.6868481934070587
260830,b,137,6.153600215911865,4.505823969841003,0.3515840023756027,4.116864055395126,0.03737591207027435,0,0,0,0,0.0,1.6477762460708618
260830,b,138,6.141952037811279,4.491360008716583,0.33484800159931183,4.116576075553894,0.03993593156337738,0,0,0,0,0.0,1.650592029094696
260830,b,139,6.178815841674805,4.499456077814102,0.33590400218963623,4.123807892203331,0.03974418342113495,0,0,0,0,0.0,1.6793597638607025
260830,b,140,6.157663822174072,4.494655966758728,0.33689600229263306,4.120448037981987,0.03731192648410797,0,0,0,0,0.0,1.6630078554153442
260830,b,141,6.147071838378906,4.490879982709885,0.3338240012526512,4.118912100791931,0.03814388066530228,0,0,0,0,0.0,1.6561918556690216
260830,b,142,6.147264003753662,4.492288023233414,0.3335360065102577,4.118303969502449,0.04044804722070694,0,0,0,0,0.0,1.6549759805202484
260830,b,143,6.164224147796631,4.502752125263214,0.3471359983086586,4.1184960305690765,0.03712009638547897,0,0,0,0,0.0,1.6614720225334167
260830,b,144,6.158048152923584,4.4965760409832,0.3370239958167076,4.121247977018356,0.03830406814813614,0,0,0,0,0.0,1.661472111940384
260830,b,145,6.146048069000244,4.495200008153915,0.3338880017399788,4.121600106358528,0.03971190005540848,0,0,0,0,0.0,1.6508480608463287
260830,b,146,6.139904022216797,4.48921599984169,0.3330240026116371,4.116736069321632,0.03945592790842056,0,0,0,0,0.0,1.6506880223751068
260830,b,147,6.169600009918213,4.493376016616821,0.33484799414873123,4.121439963579178,0.0370880588889122,0,0,0,0,0.0,1.6762239933013916
260830,b,148,6.15334415435791,4.49740806221962,0.33670400083065033,4.122496053576469,0.0382080078125,0,0,0,0,0.0,1.6559360921382904
260830,b,149,6.1675519943237305,4.505952090024948,0.33395200222730637,4.132863953709602,0.0391361340880394,0,0,0,0,0.0,1.6615999042987823
260830,b,150,6.143263816833496,4.497408002614975,0.3338239938020706,4.126720085740089,0.03686392307281494,0,0,0,0,0.0,1.6458558142185211
260830,b,151,6.149792194366455,4.4924159944057465,0.33689600974321365,4.118720009922981,0.036799974739551544,0,0,0,0,0.0,1.6573761999607086
260830,b,152,6.133600234985352,4.486015886068344,0.3338240012526512,4.114304021000862,0.03788786381483078,0,0,0,0,0.0,1.6475843489170074
260830,b,153,6.155263900756836,4.497023969888687,0.3399680033326149,4.119264081120491,0.03779188543558121,0,0,0,0,0.0,1.6582399308681488
260830,b,154,6.164544105529785,4.494560033082962,0.3360000029206276,4.119583904743195,0.03897612541913986,0,0,0,0,0.0,1.6699840724468231
260830,b,155,6.152128219604492,4.492224007844925,0.33612800389528275,4.1159999668598175,0.040096037089824677,0,0,0,0,0.0,1.6599042117595673
260830,b,156,6.142975807189941,4.492287963628769,0.33315199613571167,4.12028805911541,0.0388479083776474,0,0,0,0,0.0,1.6506878435611725
260830,b,157,6.138688087463379,4.486271947622299,0.3330239951610565,4.11580790579319,0.03744004666805267,0,0,0,0,0.0,1.6524161398410797
260830,b,158,6.166783809661865,4.5046400129795074,0.3359680101275444,4.129791930317879,0.03888007253408432,0,0,0,0,0.0,1.6621437966823578
260830,b,159,6.1438398361206055,4.492448031902313,0.33587199449539185,4.1190720945596695,0.03750394284725189,0,0,0,0,0.0,1.6513918042182922
260830,b,160,6.145247936248779,4.488383919000626,0.33484800159931183,4.114751994609833,0.03878392279148102,0,0,0,0,0.0,1.6568640172481537
260830,b,161,6.154016017913818,4.50505605340004,0.34457599371671677,4.121727868914604,0.03875219076871872,0,0,0,0,0.0,1.6489599645137787
260830,b,162,6.150144100189209,4.4953599870204926,0.33299199491739273,4.121759906411171,0.040608085691928864,0,0,0,0,0.0,1.6547841131687164
260830,b,163,6.1624321937561035,4.493312031030655,0.3386240005493164,4.115456074476242,0.039231956005096436,0,0,0,0,0.0,1.6691201627254486
260830,b,164,6.141632080078125,4.492288023233414,0.3337920010089874,4.119199961423874,0.03929606080055237,0,0,0,0,0.0,1.6493440568447113
260830,b,165,6.148191928863525,4.4932800233364105,0.3354559987783432,4.121247947216034,0.036576077342033386,0,0,0,0,0.0,1.6549119055271149
260830,b,166,6.134496212005615,4.486207991838455,0.33081600069999695,4.116480067372322,0.03891192376613617,0,0,0,0,0.0,1.64828822016716
260830,b,167,6.150176048278809,4.492351919412613,0.33587199449539185,4.119392111897469,0.0370878130197525,0,0,0,0,0.0,1.6578241288661957
260830,b,168,6.164480209350586,4.510432034730911,0.3331200033426285,4.120576098561287,0.05673593282699585,0,0,0,0,0.0,1.6540481746196747
260830,b,169,6.135807991027832,4.484095960855484,0.3320320025086403,4.114559903740883,0.037504054605960846,0,0,0,0,0.0,1.651712030172348
260830,b,170,6.163455963134766,4.490240007638931,0.33369600027799606,4.116480082273483,0.040063925087451935,0,0,0,0,0.0,1.6732159554958344
260830,b,171,6.150144100189209,4.493312031030655,0.3338240012526512,4.120576098561287,0.038911931216716766,0,0,0,0,0.0,1.656832069158554
260830,b,172,6.127615928649902,4.482431948184967,0.33004800230264664,4.115456059575081,0.03692788630723953,0,0,0,0,0.0,1.6451839804649353
260830,b,173,6.134880065917969,4.490592002868652,0.3299520015716553,4.121216118335724,0.03942388296127319,0,0,0,0,0.0,1.6442880630493164
260830,b,174,6.153088092803955,4.493312031030655,0.33689599484205246,4.1187519282102585,0.037664107978343964,0,0,0,0,0.0,1.6597760617733002
260830,b,175,6.155263900756836,4.487615942955017,0.3356480076909065,4.1154879331588745,0.03648000210523605,0,0,0,0,0.0,1.6676479578018188
260830,b,176,6.141791820526123,4.490240007638931,0.33587199449539185,4.115456059575081,0.03891195356845856,0,0,0,0,0.0,1.6515518128871918
260830,b,177,6.1460161209106445,4.491263955831528,0.3339200019836426,4.115840122103691,0.04150383174419403,0,0,0,0,0.0,1.6547521650791168
260830,b,178,6.157311916351318,4.494624078273773,0.3345919996500015,4.1198401004076,0.040191978216171265,0,0,0,0,0.0,1.6626878380775452
260830,b,179,6.148096084594727,4.495360046625137,0.3379199951887131,4.118623927235603,0.03881612420082092,0,0,0,0,0.0,1.6527360379695892
260830,b,180,6.1532158851623535,4.491424024105072,0.3328000009059906,4.118719965219498,0.03990405797958374,0,0,0,0,0.0,1.6617918610572815
260830,b,181,6.149951934814453,4.4912640154361725,0.33484800159931183,4.119456008076668,0.03696000576019287,0,0,0,0,0.0,1.6586879193782806
260830,b,182,6.173696041107178,4.496704041957855,0.3379199951887131,4.119936093688011,0.03884795308113098,0,0,0,0,0.0,1.6769919991493225
260830,b,183,6.170623779296875,4.502528101205826,0.34172800183296204,4.123424008488655,0.03737609088420868,0,0,0,0,0.0,1.6680956780910492
260830,b,184,6.150144100189209,4.497760027647018,0.3386880084872246,4.121279910206795,0.037792108952999115,0,0,0,0,0.0,1.6523840725421906
260830,b,185,6.157504081726074,4.489568054676056,0.33587200194597244,4.115776002407074,0.03792005032300949,0,0,0,0,0.0,1.6679360270500183
260830,b,186,6.156288146972656,4.495551943778992,0.3349440023303032,4.121888116002083,0.03871982544660568,0,0,0,0,0.0,1.6607362031936646
260830,b,187,6.142975807189941,4.493280082941055,0.33561600744724274,4.120479986071587,0.03718408942222595,0,0,0,0,0.0,1.649695724248886
260830,b,188,6.146783828735352,4.491520017385483,0.33590400218963623,4.116480067372322,0.039135947823524475,0,0,0,0,0.0,1.6552638113498688
260830,b,189,6.152383804321289,4.49740806221962,0.33689599484205246,4.121600106358528,0.038911961019039154,0,0,0,0,0.0,1.6549757421016693
260830,b,190,6.135839939117432,4.488191992044449,0.3306560069322586,4.116480067372322,0.041055917739868164,0,0,0,0,0.0,1.6476479470729828
260830,b,191,6.141952037811279,4.487040042877197,0.33347200602293015,4.1164160668849945,0.037151969969272614,0,0,0,0,0.0,1.654911994934082
260830,b,192,6.156288146972656,4.489855915307999,0.33209600299596786,4.115456059575081,0.04230385273694992,0,0,0,0,0.0,1.6664322316646576
260830,b,193,6.129663944244385,4.4881280064582825,0.33084800094366074,4.116672024130821,0.04060798138380051,0,0,0,0,0.0,1.6415359377861023
260830,b,194,6.147136211395264,4.4923840165138245,0.33260800689458847,4.120095998048782,0.039680011570453644,0,0,0,0,0.0,1.6547521948814392
260830,b,195,6.13375997543335,4.487935930490494,0.33267200738191605,4.115583896636963,0.03968002647161484,0,0,0,0,0.0,1.6458240449428558
260830,b,196,6.146048069000244,4.488864094018936,0.3341440036892891,4.116575911641121,0.038144178688526154,0,0,0,0,0.0,1.657183974981308
260830,b,197,6.1335039138793945,4.490143984556198,0.33398399502038956,4.118592098355293,0.03756789118051529,0,0,0,0,0.0,1.6433599293231964
260830,b,198,6.175039768218994,4.492480039596558,0.33689599484205246,4.117856025695801,0.037728019058704376,0,0,0,0,0.0,1.6825597286224365
260830,b,199,6.150144100189209,4.4963840544223785,0.3346880078315735,4.123648121953011,0.038047924637794495,0,0,0,0,0.0,1.6537600457668304
260830,c,0,13.121855735778809,10.575647830963135,0.6506559997797012,9.83516812324524,0.08982370793819427,5.068128049373627,1.4771519899368286,0.23417599871754646,0.7632640041410923,2.5935360565781593,2.546207904815674
260830,c,1,13.07750415802002,10.548287868499756,0.6520320251584053,9.814016103744507,0.08223973959684372,5.110240042209625,1.5360959768295288,0.22761600092053413,0.7703359946608543,2.576192069798708,2.5292162895202637
260830,c,2,12.99728012084961,10.504512310028076,0.6457919850945473,9.773632287979126,0.08508803695440292,5.07395201921463,1.5000959932804108,0.22329600155353546,0.7626880034804344,2.5878720209002495,2.492767810821533
260830,c,3,13.092864036560059,10.517216205596924,0.6418880075216293,9.791680097579956,0.08364810049533844,5.081824064254761,1.4820160120725632,0.2280000001192093,0.7669439949095249,2.6048640571534634,2.5756478309631348
260830,c,4,12.980128288269043,10.482848167419434,0.6530880033969879,9.749439716339111,0.08032044768333435,5.053055942058563,1.4808000028133392,0.22787199914455414,0.764447994530201,2.579935945570469,2.4972801208496094
260830,c,5,13.033663749694824,10.540863990783691,0.6542400047183037,9.804095983505249,0.0825280025601387,5.095744013786316,1.4937919974327087,0.22934399917721748,0.7740160003304482,2.5985920168459415,2.492799758911133
260830,c,6,13.146047592163086,10.590336084365845,0.6478400155901909,9.85913610458374,0.0833599641919136,5.162815988063812,1.541120007634163,0.22828799858689308,0.7934079989790916,2.5999999828636646,2.555711507797241
260830,c,7,13.008831977844238,10.521408081054688,0.6435200124979019,9.794719934463501,0.0831681340932846,5.0909759402275085,1.500031977891922,0.22883199900388718,0.7646079994738102,2.597503963857889,2.487423896789551
260830,c,8,13.020992279052734,10.480735778808594,0.6469120010733604,9.753216028213501,0.08060774952173233,5.0497599840164185,1.5065279752016068,0.22646399959921837,0.7670080028474331,2.5497600063681602,2.5402565002441406
260830,c,9,13.016736030578613,10.471359729766846,0.6474559977650642,9.741951942443848,0.08195178955793381,5.007488012313843,1.4840319901704788,0.22409600019454956,0.7629120014607906,2.5364480204880238,2.5453763008117676
260830,c,10,13.083647727966309,10.559327840805054,0.6723520010709763,9.805439949035645,0.08153589069843292,5.075263977050781,1.4820800125598907,0.2269120030105114,0.7613439969718456,2.6049279645085335,2.524319887161255
260830,c,11,13.05731201171875,10.530751943588257,0.6515840068459511,9.79865574836731,0.08051218837499619,5.102048099040985,1.498752012848854,0.22668800130486488,0.7702080085873604,2.6064000762999058,2.526560068130493
260830,c,12,13.032447814941406,10.532959938049316,0.6500800028443336,9.80073595046997,0.08214398473501205,5.095744073390961,1.473279982805252,0.24803199991583824,0.7583360001444817,2.6160960905253887,2.49948787689209
260830,c,13,13.041664123535156,10.524576187133789,0.6468479856848717,9.79529595375061,0.08243224769830704,5.0957120060920715,1.4884800016880035,0.2266239933669567,0.7694399990141392,2.611168012022972,2.517087936401367
260830,c,14,13.080703735351562,10.588351964950562,0.6431040093302727,9.864192008972168,0.08105594664812088,5.151072025299072,1.5245759636163712,0.22828800603747368,0.7684160061180592,2.6297920495271683,2.492351770401001
260830,c,15,13.001503944396973,10.518463850021362,0.6491520032286644,9.78710389137268,0.08220795542001724,5.064800024032593,1.5144320130348206,0.22806400060653687,0.7555520050227642,2.566752005368471,2.4830400943756104
260830,c,16,13.062175750732422,10.560223817825317,0.6487360000610352,9.829952001571655,0.08153581619262695,5.103776037693024,1.487712025642395,0.22444800287485123,0.7906560003757477,2.6009600088000298,2.5019519329071045
260830,c,17,13.035552024841309,10.516191959381104,0.6432319805026054,9.791359901428223,0.08160007745027542,5.08432000875473,1.4966720193624496,0.23574399948120117,0.7814719974994659,2.5704319924116135,2.519360065460205
260830,c,18,12.969951629638672,10.452608108520508,0.6542719975113869,9.71558403968811,0.08275207132101059,5.017535984516144,1.4740480184555054,0.2317119985818863,0.76214399933815,2.549631968140602,2.517343521118164
260830,c,19,13.075455665588379,10.531935930252075,0.6532480120658875,9.79744029045105,0.08124762773513794,5.099456012248993,1.489823967218399,0.2298240028321743,0.7663679905235767,2.613440051674843,2.5435197353363037
260830,c,20,13.070688247680664,10.557408094406128,0.668799988925457,9.808895826339722,0.07971227914094925,5.095488011837006,1.5146879851818085,0.22732799872756004,0.7647999972105026,2.5886720307171345,2.513280153274536
260830,c,21,13.109600067138672,10.562175989151001,0.6461439952254295,9.83292818069458,0.08310381323099136,5.1213759779930115,1.4976959824562073,0.2290240004658699,0.7869760021567345,2.6076799929142,2.547424077987671
260830,c,22,13.042976379394531,10.53436827659607,0.647487998008728,9.80457592010498,0.08230435848236084,5.071680009365082,1.487488016486168,0.22601600363850594,0.7634240053594112,2.5947519838809967,2.508608102798462
260830,c,23,13.09990406036377,10.593632221221924,0.6468800157308578,9.86512017250061,0.08163203299045563,5.1446720361709595,1.4935999661684036,0.22803200036287308,0.7912000045180321,2.6318400651216507,2.5062718391418457
260830,c,24,12.975104331970215,10.486975908279419,0.6492800042033195,9.756192207336426,0.08150369673967361,5.023263990879059,1.4600639790296555,0.2311360016465187,0.7660479955375195,2.566016014665365,2.488128423690796
260830,c,25,13.046496391296387,10.510751962661743,0.6504320055246353,9.777407884597778,0.08291207253932953,5.080928027629852,1.4666879922151566,0.22988799959421158,0.7678720019757748,2.6164800338447094,2.5357444286346436
260830,c,26,13.048831939697266,10.54095983505249,0.6519039794802666,9.805343866348267,0.08371198922395706,5.104640007019043,1.469760000705719,0.23030399903655052,0.7786240056157112,2.6259520016610622,2.5078721046447754
260830,c,27,13.020159721374512,10.507008075714111,0.6480319797992706,9.778272151947021,0.08070394396781921,5.071616053581238,1.5148480236530304,0.227999996393919,0.7597119994461536,2.5690560340881348,2.5131516456604004
260830,c,28,13.072223663330078,10.526623964309692,0.6778880059719086,9.766464233398438,0.08227172493934631,5.058719992637634,1.5002240091562271,0.2319359965622425,0.7690239958465099,2.5575359910726547,2.5455996990203857
260830,c,29,13.08886432647705,10.553120136260986,0.6428159847855568,9.827231884002686,0.08307226747274399,5.120416045188904,1.4942400008440018,0.22579199820756912,0.7635200023651123,2.6368640437722206,2.5357441902160645
260830,c,30,13.142016410827637,10.596864223480225,0.7017599865794182,9.791327953338623,0.10377628356218338,5.07260799407959,1.475391998887062,0.22540800273418427,0.7768639959394932,2.5949439965188503,2.545152187347412
260830,c,31,13.16147232055664,10.605216026306152,0.6621759980916977,9.860031843185425,0.08300818502902985,5.155359983444214,1.5035519748926163,0.22995200008153915,0.7934399992227554,2.628416009247303,2.5562562942504883
260830,c,32,13.048192024230957,10.511232137680054,0.6523519977927208,9.777408123016357,0.0814720168709755,5.075039982795715,1.5223360061645508,0.22831999883055687,0.7675200067460537,2.556863971054554,2.5369598865509033
260830,c,33,13.031392097473145,10.51260757446289,0.6481920033693314,9.78108811378479,0.08332745730876923,5.072351932525635,1.48614402115345,0.22316799685359,0.76112000644207,2.6019199080765247,2.518784523010254
260830,c,34,13.036416053771973,10.533696174621582,0.6512000113725662,9.800671815872192,0.08182434737682343,5.064511954784393,1.5050559788942337,0.22860800102353096,0.7655680030584335,2.565279971808195,2.5027198791503906
260830,c,35,13.0895357131958,10.53769588470459,0.6504640132188797,9.805631875991821,0.08159999549388885,5.097536027431488,1.498752012848854,0.22675199806690216,0.7729919999837875,2.5990400165319443,2.551839828491211
260830,c,36,13.041664123535156,10.497152090072632,0.6504959985613823,9.764768123626709,0.08188796788454056,5.0534080266952515,1.4534080028533936,0.23020799830555916,0.7719040066003799,2.597888018935919,2.5445120334625244
260830,c,37,13.086624145507812,10.57203197479248,0.6548159942030907,9.83680009841919,0.08041588217020035,5.1318399310112,1.500671997666359,0.23366400599479675,0.7635519988834858,2.6339519284665585,2.514592170715332
260830,c,38,13.037664413452148,10.49286413192749,0.6552319750189781,9.755328178405762,0.0823039785027504,5.057311952114105,1.4865280091762543,0.22787199914455414,0.7717759981751442,2.5711359456181526,2.544800281524658
260830,c,39,13.094655990600586,10.573408365249634,0.6485760062932968,9.843135833740234,0.0816965252161026,5.144351959228516,1.5252160131931305,0.22550399601459503,0.7676800079643726,2.6259519420564175,2.521247625350952
260830,c,40,13.083328247070312,10.5557119846344,0.6476799920201302,9.827008247375488,0.08102374523878098,5.089439928531647,1.5004159957170486,0.22790400311350822,0.7860159985721111,2.5751039311289787,2.527616262435913
260830,c,41,13.063167572021484,10.521280288696289,0.6519039943814278,9.787295818328857,0.08208047598600388,5.0745280385017395,1.4743360131978989,0.2260800078511238,0.7702400013804436,2.6038720160722733,2.5418872833251953
260830,c,42,13.08899211883545,10.568672180175781,0.6540799885988235,9.830528020858765,0.08406417071819305,5.1299519538879395,1.5462400019168854,0.22624000161886215,0.7605760022997856,2.5968959480524063,2.520319938659668
260830,c,43,13.128512382507324,10.570688009262085,0.6461119800806046,9.842623710632324,0.08195231854915619,5.137599945068359,1.4911360144615173,0.23260800167918205,0.7731520049273968,2.640703924000263,2.5578243732452393
260830,c,44,13.058048248291016,10.546432256698608,0.6520960032939911,9.812735795974731,0.08160045742988586,5.117504000663757,1.5269759893417358,0.22729600220918655,0.7658879980444908,2.597344011068344,2.5116159915924072
260830,c,45,13.111424446105957,10.583103895187378,0.6490559950470924,9.853536128997803,0.08051177114248276,5.103519976139069,1.5072640031576157,0.25353600084781647,0.7643839977681637,2.578335974365473,2.528320550918579
260830,c,46,13.103903770446777,10.597696304321289,0.6504000052809715,9.86627197265625,0.08102432638406754,5.15558397769928,1.4861120134592056,0.22854400426149368,0.7613760009407997,2.6795519590377808,2.5062074661254883
260830,c,47,13.079551696777344,10.573919773101807,0.677887998521328,9.814208269119263,0.08182350546121597,5.109951972961426,1.5218880027532578,0.2290560007095337,0.7694400027394295,2.589567966759205,2.505631923675537
260830,c,48,13.040255546569824,10.501824140548706,0.6487360075116158,9.771040201187134,0.08204793184995651,5.060256004333496,1.4811520129442215,0.2274239994585514,0.7615680024027824,2.5901119895279408,2.538431406021118
260830,c,49,13.121536254882812,10.606591939926147,0.6593279987573624,9.86415982246399,0.08310411870479584,5.157695949077606,1.5161599963903427,0.22684800252318382,0.7608639933168888,2.653823956847191,2.514944314956665
260830,c,50,13.046431541442871,10.534495830535889,0.6680639833211899,9.784479856491089,0.08195199072360992,5.073920011520386,1.5024000257253647,0.22393599897623062,0.7672320008277893,2.580351985991001,2.5119357109069824
260830,c,51,13.082624435424805,10.538944005966187,0.6493439972400665,9.805791854858398,0.08380815386772156,5.10124796628952,1.4985920190811157,0.2274559997022152,0.7604800052940845,2.614719942212105,2.543680429458618
260830,c,52,13.074624061584473,10.552032232284546,0.6525120213627815,9.820735931396484,0.07878427952528,5.074975967407227,1.4913280159235,0.22569600120186806,0.7619520053267479,2.5959999449551105,2.5225918292999268
260830,c,53,13.261823654174805,10.649631977081299,0.6573119983077049,9.908671855926514,0.08364812284708023,5.160192012786865,1.510752022266388,0.22924799844622612,0.7813440077006817,2.6388479843735695,2.612191677093506
260830,c,54,13.489248275756836,10.811424016952515,0.692223995923996,10.03545594215393,0.08374407887458801,5.311360001564026,1.630688026547432,0.23263999819755554,0.8252479992806911,2.6227839775383472,2.6778242588043213
260830,c,55,13.107199668884277,10.53932809829712,0.6612799987196922,9.794336080551147,0.08371201902627945,5.074464023113251,1.4963519722223282,0.22947200387716293,0.786496002227068,2.5621440447866917,2.567871570587158
260830,c,56,13.157600402832031,10.578303813934326,0.6627520099282265,9.831552028656006,0.08399977535009384,5.112735986709595,1.5083839893341064,0.23721599951386452,0.7822719998657703,2.5848639979958534,2.579296588897705
260830,c,57,13.089920043945312,10.555391788482666,0.6598080024123192,9.812671899795532,0.0829118862748146,5.109664022922516,1.47155199944973,0.2266560010612011,0.7966400012373924,2.6148160211741924,2.5345282554626465
260830,c,58,13.170720100402832,10.499903917312622,0.6506239846348763,9.76534390449524,0.08393602818250656,5.061600029468536,1.4777279794216156,0.22595199942588806,0.7655679993331432,2.5923520512878895,2.67081618309021
260830,c,59,13.364224433898926,10.770592212677002,0.6601280122995377,10.02790379524231,0.08256040513515472,5.312000036239624,1.504735991358757,0.2276799976825714,0.8038079999387264,2.775776047259569,2.593632221221924
260830,c,60,13.104127883911133,10.578847885131836,0.66355200111866,9.831392288208008,0.08390359580516815,5.106944024562836,1.495871976017952,0.22758400067687035,0.7670399993658066,2.616448048502207,2.525279998779297
260830,c,61,13.142144203186035,10.54307222366333,0.6572480127215385,9.802079916000366,0.08374429494142532,5.069984078407288,1.4814399927854538,0.2292799986898899,0.7708799988031387,2.588384088128805,2.599071979522705
260830,c,62,13.618176460266113,10.850111961364746,0.813120000064373,9.94815969467163,0.08883226662874222,5.158687949180603,1.5226560235023499,0.23587199673056602,0.8116160035133362,2.588543925434351,2.768064498901367
260830,c,63,13.785344123840332,10.939008235931396,0.7238079905509949,10.126335859298706,0.08886438608169556,5.33814400434494,1.5976000130176544,0.24796799942851067,0.8570880070328712,2.635487984865904,2.8463358879089355
260830,c,64,13.770751953125,10.890656232833862,0.7332160025835037,10.065152168273926,0.0922880619764328,5.275424063205719,1.559935986995697,0.2531199976801872,0.8617280051112175,2.6006400734186172,2.8800957202911377
260830,c,65,13.78713607788086,10.930559873580933,0.7425599694252014,10.094592332839966,0.09340757131576538,5.305472016334534,1.5727679878473282,0.2481599971652031,0.8558080196380615,2.628736011683941,2.8565762042999268
260830,c,66,13.733728408813477,10.900351762771606,0.7396800071001053,10.06604814529419,0.0946236103773117,5.271328091621399,1.5520960092544556,0.24931199476122856,0.8632640093564987,2.606656078249216,2.83337664604187
260830,c,67,13.880255699157715,10.984224081039429,0.7503679990768433,10.141984224319458,0.09187185764312744,5.344448029994965,1.589568018913269,0.25545600056648254,0.8681280165910721,2.631295993924141,2.896031618118286
260830,c,68,13.848575592041016,10.948863983154297,0.7472639977931976,10.107903957366943,0.09369602799415588,5.303200006484985,1.5862079858779907,0.2532159984111786,0.8633280098438263,2.6004480123519897,2.8997116088867188
260830,c,69,14.312447547912598,11.318367958068848,0.8151679933071136,10.409600019454956,0.09359994530677795,5.554527938365936,1.6555840373039246,0.2804480008780956,0.8937280103564262,2.72476788982749,2.99407958984375
260830,c,70,13.946240425109863,11.044127941131592,0.7477760016918182,10.198975801467896,0.09737613797187805,5.362431883811951,1.5844800174236298,0.24883200228214264,0.8866560012102127,2.6424638628959656,2.9021124839782715
260830,c,71,13.826047897338867,10.945888042449951,0.7463040053844452,10.10649585723877,0.09308817982673645,5.294815897941589,1.574431985616684,0.247615996748209,0.8722240105271339,2.6005439050495625,2.880159854888916
260830,c,72,13.948063850402832,11.015168190002441,0.7482560127973557,10.17574405670166,0.0911681205034256,5.338655948638916,1.552480012178421,0.25007999688386917,0.8807360008358955,2.6553599387407303,2.9328956604003906
260830,c,73,13.912063598632812,10.962144136428833,0.7485440075397491,10.121472120285034,0.09212800860404968,5.2952960729599,1.532704010605812,0.2521279938519001,0.9001280143857002,2.6103360541164875,2.9499194622039795
260830,c,74,13.922656059265137,10.979552268981934,0.7439360320568085,10.140607595443726,0.09500864148139954,5.33190393447876,1.5648319721221924,0.2519039995968342,0.8683840036392212,2.646783959120512,2.943103790283203
260830,c,75,13.950943946838379,11.044416189193726,0.7735359966754913,10.174816131591797,0.09606406092643738,5.338656008243561,1.5883840024471283,0.25014399737119675,0.914656013250351,2.585471995174885,2.9065277576446533
260830,c,76,13.872127532958984,10.999520063400269,0.7464639842510223,10.15993595123291,0.09312012791633606,5.3509440422058105,1.56809601187706,0.25327999889850616,0.9122560173273087,2.617312014102936,2.872607469558716
260830,c,77,13.883135795593262,10.999808073043823,0.7468479871749878,10.159072160720825,0.09388792514801025,5.3431039452552795,1.552191972732544,0.25247999653220177,0.9111360162496567,2.627295959740877,2.8833277225494385
260830,c,78,13.888416290283203,10.999776124954224,0.7482559978961945,10.157376289367676,0.0941438376903534,5.353119969367981,1.560831993818283,0.24828799441456795,0.9073280096054077,2.636671971529722,2.8886401653289795
260830,c,79,14.064672470092773,11.08297610282898,0.7485119998455048,10.242464065551758,0.09200003743171692,5.413695991039276,1.5877759456634521,0.24854400008916855,0.9194239974021912,2.6579520478844643,2.981696367263794
260830,c,80,14.082048416137695,11.144895792007446,0.7535040080547333,10.296319723129272,0.09507206082344055,5.48937600851059,1.6347519755363464,0.2584639973938465,0.8972479999065399,2.6989120356738567,2.937152624130249
260830,c,81,14.065664291381836,11.10591983795166,0.7577599883079529,10.25433611869812,0.09382373094558716,5.415840148925781,1.6143039762973785,0.2571839988231659,0.8840960264205933,2.6602561473846436,2.959744453430176
260830,c,82,14.061568260192871,11.111519813537598,0.7624000161886215,10.252352237701416,0.09676755964756012,5.418559908866882,1.6040000319480896,0.25593599677085876,0.8943360075354576,2.6642878726124763,2.9500484466552734
260830,c,83,14.017600059509277,11.10316777229309,0.7557120025157928,10.248192071914673,0.09926369786262512,5.40559995174408,1.6117760241031647,0.2573759965598583,0.8955840244889259,2.6408639065921307,2.9144322872161865
260830,c,84,13.977279663085938,11.07263994216919,0.758432000875473,10.218463897705078,0.0957440435886383,5.3962560296058655,1.5665600001811981,0.25651200115680695,0.8894400000572205,2.68374402821064,2.904639720916748
260830,c,85,13.9683837890625,11.044256210327148,0.7552960067987442,10.195232152938843,0.09372805058956146,5.358015954494476,1.5636800229549408,0.25251200050115585,0.9024640023708344,2.6393599286675453,2.9241275787353516
260830,c,86,13.927328109741211,11.028480052947998,0.7579199969768524,10.176735877990723,0.09382417798042297,5.373375952243805,1.5516160428524017,0.2784320004284382,0.8988480120897293,2.6444798968732357,2.898848056793213
260830,c,87,13.892607688903809,11.001472234725952,0.7563519924879074,10.153792142868042,0.09132809937000275,5.345088005065918,1.581248015165329,0.25276799499988556,0.8799680098891258,2.6311039850115776,2.8911354541778564
260830,c,88,13.807616233825684,10.909696102142334,0.7531839907169342,10.067487955093384,0.08902415633201599,5.270752012729645,1.5574720352888107,0.249439999461174,0.8796160072088242,2.584223970770836,2.8979201316833496
260830,c,89,13.864959716796875,10.982399940490723,0.7475520223379135,10.141855955123901,0.09299196302890778,5.339487969875336,1.5577599555253983,0.24556799978017807,0.8844479992985725,2.651712015271187,2.8825597763061523
260830,c,90,14.007648468017578,11.070432424545288,0.7620159983634949,10.215296030044556,0.09312039613723755,5.409120082855225,1.5978879928588867,0.250815998762846,0.8748480007052422,2.6855680905282497,2.93721604347229
260830,c,91,13.788352012634277,10.928192138671875,0.7734079957008362,10.062975645065308,0.0918084979057312,5.26144003868103,1.5433920174837112,0.2475839965045452,0.8658239990472794,2.6046400256454945,2.8601598739624023
260830,c,92,13.880319595336914,10.966880083084106,0.7502080053091049,10.123296022415161,0.0933760553598404,5.326687932014465,1.5485759973526,0.25043199583888054,0.8829440027475357,2.644735936075449,2.9134395122528076
260830,c,93,13.80684757232666,10.961055994033813,0.7389440089464188,10.106528043746948,0.11558394134044647,5.310944020748138,1.555968016386032,0.24767999351024628,0.8785920143127441,2.628703996539116,2.8457915782928467
260830,c,94,13.863743782043457,11.001823902130127,0.7465920001268387,10.16543984413147,0.08979205787181854,5.362720012664795,1.5483519732952118,0.24345599859952927,0.892352007329464,2.67856003344059,2.86191987991333
260830,c,95,13.838496208190918,10.980768203735352,0.7427840083837509,10.145663976669312,0.09232021868228912,5.350272059440613,1.5617280006408691,0.25065600126981735,0.8904320150613785,2.647456042468548,2.8577280044555664
260830,c,96,13.909664154052734,10.987744092941284,0.7760000079870224,10.1179838180542,0.09376026690006256,5.30950391292572,1.5335359871387482,0.2520960010588169,0.8725760206580162,2.651295904070139,2.92192006111145
260830,c,97,13.996864318847656,11.090944051742554,0.7475520074367523,10.24617600440979,0.09721603989601135,5.403231978416443,1.5719680190086365,0.2505279965698719,0.896576002240181,2.6841599605977535,2.9059202671051025
260830,c,98,13.764608383178711,10.926111936569214,0.7377600222826004,10.0971200466156,0.09123186767101288,5.308288037776947,1.5311039984226227,0.27324799820780754,0.8840000033378601,2.6199360378086567,2.838496446609497
260830,c,99,13.896736145019531,10.985280275344849,0.7432960122823715,10.150111675262451,0.09187258780002594,5.351647973060608,1.5718399584293365,0.24844800308346748,0.8776320144534111,2.6537279970943928,2.9114558696746826
260830,c,100,13.864607810974121,10.97606372833252,0.7454400062561035,10.137792110443115,0.09283161163330078,5.3074880838394165,1.5487360060214996,0.24486399814486504,0.8723840191960335,2.6415040604770184,2.8885440826416016
260830,c,101,13.85267162322998,10.964704275131226,0.7481600046157837,10.125087976455688,0.09145629405975342,5.330175995826721,1.561951994895935,0.24879999831318855,0.874752014875412,2.6446719877421856,2.887967348098755
260830,c,102,13.624320030212402,10.86351990699768,0.738304004073143,10.03657579421997,0.08864010870456696,5.260288059711456,1.530815988779068,0.24454399198293686,0.8844480067491531,2.6004800722002983,2.7608001232147217
260830,c,103,13.531840324401855,10.854912042617798,0.7445439845323563,10.024960041046143,0.08540801703929901,5.270752012729645,1.5460799932479858,0.2404159978032112,0.8229120150208473,2.6613440066576004,2.6769282817840576
260830,c,104,13.310976028442383,10.672128200531006,0.7209600061178207,9.865216255187988,0.08595193922519684,5.096928060054779,1.505631998181343,0.23177600279450417,0.7956799976527691,2.5638400614261627,2.638847827911377
260830,c,105,13.391776084899902,10.725087881088257,0.685888022184372,9.928799867630005,0.11039999127388,5.181856036186218,1.5421440154314041,0.23120000213384628,0.7910080067813396,2.617504011839628,2.6666882038116455
260830,c,106,13.243391990661621,10.68998408317566,0.6829759776592255,9.89795184135437,0.1090562641620636,5.173248112201691,1.5065600275993347,0.23363199830055237,0.8006400018930435,2.63241608440876,2.553407907485962
260830,c,107,13.186047554016113,10.660672187805176,0.678879976272583,9.897696256637573,0.08409595489501953,5.18940806388855,1.5354240089654922,0.23305600136518478,0.7866239957511425,2.6343040578067303,2.5253753662109375
260830,c,108,13.194239616394043,10.550911903381348,0.6696320250630379,9.797888278961182,0.08339159935712814,5.086623966693878,1.4805120080709457,0.22844799980521202,0.7986560016870499,2.5790079571306705,2.6433277130126953
260830,c,109,13.240320205688477,10.645375967025757,0.6944319903850555,9.867616176605225,0.08332780003547668,5.144448101520538,1.5119359493255615,0.2271999977529049,0.77369599416852,2.631616160273552,2.5949442386627197
260830,c,110,13.098655700683594,10.57689619064331,0.6674560084939003,9.82694411277771,0.08249606937170029,5.117760062217712,1.52115198969841,0.22547200322151184,0.7672000043094158,2.6039360649883747,2.521759510040283
260830,c,111,13.050687789916992,10.529631853103638,0.6664960011839867,9.781440019607544,0.08169583231210709,5.083904027938843,1.534975990653038,0.24713600054383278,0.7659519985318184,2.5358400382101536,2.5210559368133545
260830,c,112,13.099167823791504,10.536960124969482,0.6583359986543655,9.797311782836914,0.08131234347820282,5.096448063850403,1.4820160269737244,0.2274239994585514,0.767072007060051,2.619936030358076,2.5622076988220215
260830,c,113,13.141216278076172,10.600351810455322,0.662495993077755,9.85315203666687,0.08470378071069717,5.135232031345367,1.5394559800624847,0.23475199937820435,0.7689599953591824,2.592064056545496,2.5408644676208496
260830,c,114,13.031744003295898,10.522879838943481,0.6785920187830925,9.764064073562622,0.08022374659776688,5.04803204536438,1.4723520129919052,0.22512000054121017,0.7634879983961582,2.5870720334351063,2.508864164352417
260830,c,115,13.084416389465332,10.538943767547607,0.6548800095915794,9.801440000534058,0.08262375742197037,5.064896047115326,1.4722879976034164,0.2268799990415573,0.7915519997477531,2.574176050722599,2.5454726219177246
260830,c,116,13.094911575317383,10.584575891494751,0.66355200111866,9.839391946792603,0.08163194358348846,5.116351962089539,1.505280002951622,0.2277119979262352,0.7666880041360855,2.616671957075596,2.510335683822632
260830,c,117,13.050880432128906,10.53267216682434,0.6575039997696877,9.790463924407959,0.08470424264669418,5.093760013580322,1.510656014084816,0.2242560051381588,0.770368006080389,2.5884799882769585,2.5182082653045654
260830,c,118,13.057120323181152,10.540287733078003,0.6495999917387962,9.809376001358032,0.08131173998117447,5.098464012145996,1.4693759977817535,0.22707200422883034,0.758368007838726,2.643648002296686,2.5168325901031494
260830,c,119,13.054976463317871,10.508383989334106,0.6510719954967499,9.776000261306763,0.08131173253059387,5.071712017059326,1.5032320022583008,0.22704000398516655,0.7638400010764599,2.577600009739399,2.5465924739837646
260830,c,120,13.10582447052002,10.58793592453003,0.6505279764533043,9.854464054107666,0.08294389396905899,5.119264006614685,1.490208014845848,0.2260800004005432,0.8129919990897179,2.589983992278576,2.5178885459899902
260830,c,121,13.196288108825684,10.637471914291382,0.6508480086922646,9.907104253768921,0.07951965183019638,5.182464003562927,1.520255982875824,0.22966399788856506,0.761536005884409,2.6710080169141293,2.5588161945343018
260830,c,122,13.028351783752441,10.48147201538086,0.6595839858055115,9.739264011383057,0.08262401819229126,5.042144060134888,1.4892159849405289,0.23183999955654144,0.7681280001997948,2.5529600754380226,2.546879768371582
260830,c,123,13.033472061157227,10.529727935791016,0.648063987493515,9.797600269317627,0.08406367897987366,5.101504027843475,1.5099200159311295,0.23164799436926842,0.767680000513792,2.5922560170292854,2.503744125366211
260830,c,124,13.0283203125,10.487583875656128,0.6471680179238319,9.759679794311523,0.08073606342077255,5.031232059001923,1.4884799867868423,0.2234879992902279,0.7633919939398766,2.555872078984976,2.540736436843872
260830,c,125,13.096960067749023,10.558720111846924,0.6452159956097603,9.832320213317871,0.08118390291929245,5.128159940242767,1.4975680112838745,0.22649600356817245,0.8097600042819977,2.5943359211087227,2.5382399559020996
260830,c,126,13.094719886779785,10.580895900726318,0.649024024605751,9.849791765213013,0.08208011090755463,5.119904041290283,1.5355839729309082,0.25043199956417084,0.7695039957761765,2.5643840730190277,2.513823986053467
260830,c,127,13.159263610839844,10.611295700073242,0.6514879986643791,9.879295825958252,0.08051187545061111,5.14630401134491,1.5063360035419464,0.2245120070874691,0.7693120017647743,2.64614399895072,2.5479679107666016
260830,c,128,13.095935821533203,10.56275224685669,0.6725760251283646,9.806848287582397,0.08332793414592743,5.103359937667847,1.5063040256500244,0.2287360019981861,0.7711680047214031,2.597151905298233,2.5331835746765137
260830,c,129,13.101056098937988,10.56656002998352,0.6478720083832741,9.836672067642212,0.08201595395803452,5.128735959529877,1.4831039756536484,0.24080000072717667,0.7986879982054234,2.6061439849436283,2.5344960689544678
260830,c,130,13.26899242401123,10.688256025314331,0.6699199751019478,9.930463790893555,0.08787225931882858,5.2134400606155396,1.5161920338869095,0.25011200457811356,0.7718720026314259,2.6752640195190907,2.5807363986968994
260830,c,131,13.05907154083252,10.5207040309906,0.6789759993553162,9.75984001159668,0.08188802003860474,5.052031993865967,1.4766400158405304,0.22940799966454506,0.7735039964318275,2.572479981929064,2.538367509841919
260830,c,132,13.076512336730957,10.509344100952148,0.6532159969210625,9.77344012260437,0.08268798142671585,5.075168013572693,1.5095040053129196,0.22761600092053413,0.7719039916992188,2.5661440156400204,2.5671682357788086
260830,c,133,13.011967658996582,10.49894404411316,0.6564159914851189,9.760511636734009,0.08201641589403152,5.03795200586319,1.4968640208244324,0.22540800273418427,0.7729920037090778,2.5426879785954952,2.513023614883423
260830,c,134,13.121536254882812,10.536031723022461,0.6511359959840775,9.800960063934326,0.08393566310405731,5.099936008453369,1.5078079998493195,0.22588799893856049,0.7740800008177757,2.5921600088477135,2.5855045318603516
260830,c,135,13.209888458251953,10.67408013343811,0.687968023121357,9.905728101730347,0.08038400858640671,5.151904046535492,1.5419840216636658,0.22678399831056595,0.7670719996094704,2.61606402695179,2.5358083248138428
260830,c,136,13.053824424743652,10.53983998298645,0.6515519842505455,9.807487964630127,0.08080003410577774,5.093728005886078,1.504256010055542,0.22940800338983536,0.7670400030910969,2.5930239893496037,2.513984441757202
260830,c,137,13.064191818237305,10.54038381576538,0.6429760009050369,9.815232038497925,0.08217577636241913,5.104416012763977,1.5063680112361908,0.23305600136518478,0.7708160057663918,2.5941759943962097,2.523808002471924
260830,c,138,13.081600189208984,10.565791606903076,0.6634880006313324,9.818943977355957,0.08335962891578674,5.114848017692566,1.5326080024242401,0.22684800252318382,0.7784319967031479,2.576960016041994,2.515808582305908
260830,c,139,13.219712257385254,10.666271686553955,0.6862080097198486,9.884448051452637,0.09561562538146973,5.126848042011261,1.487456038594246,0.22867199778556824,0.7841600030660629,2.626560002565384,2.553440570831299
260830,c,140,13.114368438720703,10.60044813156128,0.6500799804925919,9.870015859603882,0.0803522914648056,5.160288035869598,1.5348160117864609,0.22649599984288216,0.7834879942238331,2.6154880300164223,2.513920307159424
260830,c,141,13.126015663146973,10.603808164596558,0.6561600044369698,9.868672132492065,0.07897602766752243,5.1562241315841675,1.5201919972896576,0.22681599855422974,0.7701119966804981,2.639104139059782,2.522207498550415
260830,c,142,13.08569622039795,10.537312030792236,0.660256028175354,9.79427170753479,0.08278429508209229,5.087904095649719,1.4922239929437637,0.23423999547958374,0.7887360081076622,2.5727040991187096,2.548384189605713
260830,c,143,13.21564769744873,10.625600099563599,0.6540159806609154,9.889151811599731,0.08243230730295181,5.18966406583786,1.5547840148210526,0.2308799996972084,0.8115200027823448,2.5924800485372543,2.590047597885132
260830,c,144,13.569024085998535,10.90886402130127,0.7187840044498444,10.106720209121704,0.08335980772972107,5.347999930381775,1.523936003446579,0.2306560017168522,0.8471360094845295,2.7462719157338142,2.6601600646972656
260830,c,145,13.236224174499512,10.63759994506836,0.6693120002746582,9.880640029907227,0.08764791488647461,5.1652480363845825,1.5679039806127548,0.23055999353528023,0.7889280021190643,2.577856060117483,2.5986242294311523
260830,c,146,13.193984031677246,10.6354238986969,0.6616959944367409,9.889055967330933,0.08467193692922592,5.1573439836502075,1.527264028787613,0.23043199628591537,0.7813759930431843,2.618271965533495,2.5585601329803467
260830,c,147,13.155327796936035,10.62387204170227,0.6598399877548218,9.880288124084473,0.08374392986297607,5.149824023246765,1.5002560019493103,0.23289599642157555,0.8030719980597496,2.6136000268161297,2.5314557552337646
260830,c,148,13.090815544128418,10.542464256286621,0.6611839830875397,9.799647569656372,0.08163270354270935,5.093792021274567,1.4878080189228058,0.2271999977529049,0.7720960043370724,2.6066880002617836,2.548351287841797
260830,c,149,13.115360260009766,10.587040185928345,0.6531199961900711,9.85209608078003,0.08182410895824432,5.122016072273254,1.5486399978399277,0.22672000154852867,0.7601600103080273,2.586496062576771,2.528320074081421
260830,c,150,13.313023567199707,10.760608196258545,0.6850560083985329,9.993376016616821,0.08217617124319077,5.215775907039642,1.5381440371274948,0.22950399667024612,0.7778880000114441,2.6702398732304573,2.552415370941162
260830,c,151,13.12838363647461,10.584159851074219,0.652959980070591,9.84931206703186,0.08188780397176743,5.131712019443512,1.48403200507164,0.25068799778819084,0.7823359966278076,2.6146560199558735,2.5442237854003906
260830,c,152,13.074175834655762,10.546527624130249,0.66252800822258,9.801984071731567,0.08201554417610168,5.090912044048309,1.4969599843025208,0.22787199541926384,0.7680319957435131,2.5980480685830116,2.5276482105255127
260830,c,153,13.079903602600098,10.54745626449585,0.660288006067276,9.805824041366577,0.08134421706199646,5.093439936637878,1.4904320240020752,0.22537600249052048,0.7953279949724674,2.5823039151728153,2.532447338104248
260830,c,154,13.091872215270996,10.56601595878601,0.6540160030126572,9.829216003417969,0.08278395235538483,5.11737596988678,1.5025919675827026,0.2327679954469204,0.766720000654459,2.6152960062026978,2.5258562564849854
260830,c,155,13.104512214660645,10.578975915908813,0.6748159974813461,9.823615789413452,0.0805441290140152,5.106111943721771,1.5154560059309006,0.22486399859189987,0.7698879987001419,2.595903940498829,2.525536298751831
260830,c,156,13.065407752990723,10.518239974975586,0.6532159894704819,9.783071994781494,0.08195199072360992,5.06908792257309,1.5002559572458267,0.2282240018248558,0.7675520032644272,2.57305596023798,2.5471677780151367
260830,c,157,13.000032424926758,10.490880012512207,0.6521919816732407,9.758208274841309,0.08047975599765778,5.048735976219177,1.4819200038909912,0.23161600157618523,0.7617280073463917,2.573471963405609,2.509152412414551
260830,c,158,13.41808032989502,10.621024370193481,0.6683520078659058,9.869440078735352,0.08323228359222412,5.15583997964859,1.5039039999246597,0.232768002897501,0.7815679982304573,2.637599978595972,2.797055959701538
260830,c,159,13.529088020324707,10.758431911468506,0.6976320147514343,9.97382402420044,0.08697587251663208,5.21750408411026,1.5063679814338684,0.23900800198316574,0.8556480146944523,2.6164800859987736,2.770656108856201
260830,c,160,13.274175643920898,10.642143726348877,0.68681600689888,9.872384071350098,0.08294364809989929,5.1436479687690735,1.5234239846467972,0.23366399854421616,0.8054720126092434,2.5810879729688168,2.6320319175720215
260830,c,161,13.302783966064453,10.686783790588379,0.6823360025882721,9.918463945388794,0.08598384261131287,5.190079987049103,1.5456640124320984,0.2343040034174919,0.7907840088009834,2.619327962398529,2.616000175476074
260830,c,162,13.248479843139648,10.628831624984741,0.712799996137619,9.830112218856812,0.08591940999031067,5.097440004348755,1.4982720166444778,0.23456000536680222,0.7806720025837421,2.5839359797537327,2.6196482181549072
260830,c,163,13.174752235412598,10.598048210144043,0.671903982758522,9.841375827789307,0.0847683995962143,5.121120095252991,1.5195519626140594,0.23206399753689766,0.7760000005364418,2.593504134565592,2.5767040252685547
260830,c,164,13.576255798339844,10.95580768585205,0.7719680070877075,10.099168062210083,0.08467161655426025,5.330272078514099,1.5525760054588318,0.22991999983787537,0.8157439939677715,2.7320320792496204,2.620448112487793
260830,c,165,13.276864051818848,10.65391993522644,0.6807680130004883,9.887744188308716,0.08540773391723633,5.1515520215034485,1.5159040093421936,0.23759999871253967,0.7972160018980503,2.600832011550665,2.6229441165924072
260830,c,166,13.288703918457031,10.671871662139893,0.691744014620781,9.896703958511353,0.0834236890077591,5.149887979030609,1.5113919824361801,0.23216000199317932,0.7998720072209835,2.606463987380266,2.6168322563171387
260830,c,167,13.325311660766602,10.707264184951782,0.6995839923620224,9.921823740005493,0.08585645258426666,5.182143986225128,1.5093759894371033,0.23615999892354012,0.8041919991374016,2.632415998727083,2.6180474758148193
260830,c,168,13.26204776763916,10.652320146560669,0.6823680102825165,9.88374400138855,0.08620813488960266,5.14028799533844,1.5274880230426788,0.23391999676823616,0.7958720028400421,2.583007972687483,2.609727621078491
260830,c,169,13.256383895874023,10.646495819091797,0.6848639994859695,9.879231929779053,0.0823998898267746,5.144960045814514,1.514592006802559,0.23321600258350372,0.7952640131115913,2.60188802331686,2.6098880767822266
260830,c,170,13.291584014892578,10.677183628082275,0.6823039948940277,9.908703804016113,0.0861758291721344,5.18476790189743,1.5120960026979446,0.22998399659991264,0.8184319958090782,2.624255906790495,2.6144003868103027
260830,c,171,13.205504417419434,10.620000123977661,0.6793919950723648,9.858144283294678,0.08246384561061859,5.13126403093338,1.5156800001859665,0.23388800024986267,0.7946880012750626,2.5870080292224884,2.5855042934417725
260830,c,172,13.248255729675293,10.680255889892578,0.6962559968233109,9.9028480052948,0.08115188777446747,5.166911959648132,1.4886079728603363,0.2321920022368431,0.7860800065100193,2.6600319780409336,2.567999839782715
260830,c,173,13.197312355041504,10.609440088272095,0.6679040044546127,9.859103918075562,0.08243216574192047,5.128480017185211,1.5012159645557404,0.23078399896621704,0.7971199937164783,2.5993600599467754,2.587872266769409
260830,c,174,13.149279594421387,10.58076810836792,0.6652479767799377,9.832832336425781,0.08268779516220093,5.112320005893707,1.5065280199050903,0.22777600213885307,0.7725440040230751,2.6054719798266888,2.568511486053467
260830,c,175,13.06931209564209,10.538816213607788,0.6676799952983856,9.789056062698364,0.08208015561103821,5.070592045783997,1.4884480237960815,0.22358400002121925,0.7705279961228371,2.5880320258438587,2.5304958820343018
260830,c,176,13.149184226989746,10.580064296722412,0.6684159934520721,9.828096151351929,0.08355215191841125,5.062175989151001,1.4860479980707169,0.22950400412082672,0.7661759965121746,2.580447990447283,2.569119930267334
260830,c,177,13.216447830200195,10.657792091369629,0.667839989066124,9.905183792114258,0.08476831018924713,5.206719994544983,1.5558720231056213,0.2343360036611557,0.7895359992980957,2.62697596848011,2.5586557388305664
260830,c,178,13.206527709960938,10.642751932144165,0.6620800048112869,9.896000146865845,0.08467178046703339,5.182623982429504,1.5237119793891907,0.22912000119686127,0.7642880007624626,2.66550400108099,2.5637757778167725
260830,c,179,13.24988842010498,10.686464071273804,0.6946559995412827,9.908575773239136,0.08323229849338531,5.167551934719086,1.5047039985656738,0.23040000349283218,0.7919040098786354,2.6405439227819443,2.5634243488311768
260830,c,180,13.240320205688477,10.692575931549072,0.6973440051078796,9.91097617149353,0.08425575494766235,5.172255992889404,1.532159999012947,0.22748799622058868,0.8014400005340576,2.611167997121811,2.5477442741394043
260830,c,181,13.164704322814941,10.613791942596436,0.6599360033869743,9.872192144393921,0.08166379481554031,5.160255968570709,1.534400001168251,0.22809599712491035,0.7703679986298084,2.6273919716477394,2.550912380218506
260830,c,182,13.082624435424805,10.548096179962158,0.6658560037612915,9.79967999458313,0.08256018161773682,5.09168004989624,1.4826559871435165,0.22633600234985352,0.775359995663166,2.607328064739704,2.5345282554626465
260830,c,183,13.125632286071777,10.566751956939697,0.6583680063486099,9.823487758636475,0.08489619195461273,5.111295998096466,1.4717119932174683,0.23040000349283218,0.7703680023550987,2.638815999031067,2.55888032913208
260830,c,184,13.104127883911133,10.55948805809021,0.6703039854764938,9.785151958465576,0.10403211414813995,5.079807937145233,1.4951359629631042,0.2255680039525032,0.769216001033783,2.5898879691958427,2.544639825820923
260830,c,185,13.2042236328125,10.643808126449585,0.6604799702763557,9.899840116500854,0.08348803967237473,5.164703905582428,1.488416001200676,0.2303359992802143,0.7642880119383335,2.681663893163204,2.560415506362915
260830,c,186,13.149439811706543,10.581279993057251,0.6664319783449173,9.830015897750854,0.08483211696147919,5.11027204990387,1.4934400022029877,0.2292799986898899,0.7715840041637421,2.61596804484725,2.568159818649292
260830,c,187,13.199359893798828,10.61897587776184,0.6632320210337639,9.872320175170898,0.0834236815571785,5.152991950511932,1.5444480031728745,0.22566399723291397,0.7683520056307316,2.6145279444754124,2.5803840160369873
260830,c,188,13.146528244018555,10.593120098114014,0.6890240013599396,9.82144021987915,0.0826558768749237,5.1239359974861145,1.530016005039215,0.23504000529646873,0.7676480039954185,2.591231983155012,2.553408145904541
260830,c,189,13.46457576751709,10.798112154006958,0.6749119982123375,10.039743900299072,0.08345625549554825,5.2631359696388245,1.5550080090761185,0.23372799903154373,0.77734399959445,2.6970559619367123,2.666463613510132
260830,c,190,13.894399642944336,11.011071920394897,0.7128960192203522,10.207519769668579,0.09065613150596619,5.412544012069702,1.643583983182907,0.2484159991145134,0.8408000096678734,2.6797440201044083,2.8833277225494385
260830,c,191,13.553343772888184,10.758784055709839,0.7693759799003601,9.903135776519775,0.08627229928970337,5.131392002105713,1.5452480018138885,0.24403199926018715,0.8414079993963242,2.500704001635313,2.7945597171783447
260830,c,192,13.652223587036133,10.875040054321289,0.7347840070724487,10.054432153701782,0.0858238935470581,5.280223906040192,1.5280319899320602,0.23078399896621704,0.836640015244484,2.6847679018974304,2.7771835327148438
260830,c,193,13.571904182434082,10.881152153015137,0.6993279904127121,10.095328330993652,0.08649583160877228,5.273568034172058,1.579328030347824,0.23241599276661873,0.8044160008430481,2.657408010214567,2.6907520294189453
260830,c,194,13.307904243469238,10.700959920883179,0.6908479928970337,9.926016330718994,0.08409559726715088,5.198112070560455,1.5849280208349228,0.23311999440193176,0.8016000054776669,2.578464049845934,2.6069443225860596
260830,c,195,13.276224136352539,10.613600015640259,0.6768959909677505,9.853792190551758,0.08291183412075043,5.127840042114258,1.5254079848527908,0.2314240001142025,0.7898559905588627,2.581152066588402,2.6626241207122803
260830,c,196,13.137920379638672,10.589087963104248,0.6942719966173172,9.814016103744507,0.08079986274242401,5.098528027534485,1.5058560073375702,0.22591999918222427,0.7905920036137104,2.57616001740098,2.548832416534424
260830,c,197,13.274975776672363,10.723903894424438,0.6777919977903366,9.961695671081543,0.0844162255525589,5.251872003078461,1.5526400208473206,0.23350400105118752,0.7805440053343773,2.6851839758455753,2.551071882247925
260830,c,198,13.167679786682129,10.560127973556519,0.6943680197000504,9.777472019195557,0.08828793466091156,5.0580480098724365,1.499231979250908,0.23257600143551826,0.7793920077383518,2.5468480214476585,2.6075518131256104
260830,c,199,13.126303672790527,10.570559740066528,0.6693760007619858,9.81827163696289,0.08291210234165192,5.098784029483795,1.4790399968624115,0.25094400346279144,0.7774719968438148,2.5913280323147774,2.555743932723999
260830,d,0,13.6878080368042,10.529695749282837,0.6335039883852005,9.814047813415527,0.08214394748210907,5.124735951423645,1.5226240009069443,0.2311360016465187,0.7492799982428551,2.621695950627327,3.1581122875213623
260830,d,1,13.666303634643555,10.494304180145264,0.6390080079436302,9.775199890136719,0.0800962820649147,5.087103962898254,1.4872000068426132,0.22233600169420242,0.7579840011894703,2.6195839531719685,3.171999454498291
260830,d,2,13.669376373291016,10.470592260360718,0.6419840082526207,9.74620795249939,0.08240029960870743,5.051424086093903,1.502623975276947,0.2248000055551529,0.7553279995918274,2.5686721056699753,3.198784112930298
260830,d,3,13.696000099182129,10.521664142608643,0.635903999209404,9.798496007919312,0.08726413547992706,5.115520000457764,1.5002239793539047,0.2202880010008812,0.7525759972631931,2.6424320228397846,3.1743359565734863
260830,d,4,13.735648155212402,10.528543949127197,0.6423359811306,9.80294418334961,0.08326378464698792,5.093503952026367,1.495871976017952,0.22140800207853317,0.7532479949295521,2.62297597900033,3.207104206085205
260830,d,5,13.733887672424316,10.533151865005493,0.6358399763703346,9.815327882766724,0.0819840058684349,5.110688030719757,1.4581760168075562,0.2529600001871586,0.7637119926512241,2.635840021073818,3.2007358074188232
260830,d,6,13.66543960571289,10.510080099105835,0.6438720002770424,9.784640073776245,0.08156802505254745,5.062463998794556,1.5022720098495483,0.22086399793624878,0.7502719983458519,2.5890559926629066,3.1553595066070557
260830,d,7,13.67859172821045,10.453216075897217,0.6393280178308487,9.732192277908325,0.08169578015804291,5.043040037155151,1.5036159604787827,0.22544000297784805,0.7501439936459064,2.563840080052614,3.2253756523132324
260830,d,8,13.941632270812988,10.715455770492554,0.7240959852933884,9.884447813034058,0.10691197216510773,5.182816028594971,1.511232003569603,0.22575999796390533,0.7648640051484108,2.6809600219130516,3.2261765003204346
260830,d,9,13.641471862792969,10.456447839736938,0.6420799791812897,9.727871894836426,0.08649596571922302,5.039999961853027,1.468384012579918,0.22496000677347183,0.7748159989714622,2.5718399435281754,3.1850240230560303
260830,d,10,13.7009916305542,10.495263814926147,0.6438719853758812,9.76911997795105,0.08227185159921646,5.082624018192291,1.493568018078804,0.22732800245285034,0.7526399977505207,2.609087999910116,3.2057278156280518
260830,d,11,13.632831573486328,10.468255996704102,0.6352319866418839,9.749248027801514,0.08377598226070404,5.039328038692474,1.491231992840767,0.218688003718853,0.7523199953138828,2.5770880468189716,3.1645755767822266
260830,d,12,13.641599655151367,10.460832118988037,0.6409599855542183,9.734047889709473,0.08582424372434616,5.039520025253296,1.4702719897031784,0.22329599782824516,0.7516479976475239,2.5943040400743484,3.18076753616333
260830,d,13,13.612671852111816,10.413887977600098,0.6449280232191086,9.688000202178955,0.080959752202034,4.99782395362854,1.4307840019464493,0.2216320037841797,0.750560000538826,2.594847947359085,3.1987838745117188
260830,d,14,13.694975852966309,10.522143840789795,0.6471680104732513,9.791711807250977,0.08326402306556702,5.097791969776154,1.5472640097141266,0.22832000255584717,0.7558720037341118,2.566335953772068,3.1728320121765137
260830,d,15,13.642751693725586,10.46835207939148,0.6429759934544563,9.743871927261353,0.08150415867567062,5.051136016845703,1.5071039944887161,0.22313600406050682,0.7733759991824627,2.5475200191140175,3.1743996143341064
260830,d,16,13.675519943237305,10.484480142593384,0.6409600004553795,9.756672143936157,0.08684799820184708,5.060128033161163,1.4715519845485687,0.2213440053164959,0.7695679999887943,2.5976640433073044,3.191039800643921
260830,d,17,13.602527618408203,10.440703868865967,0.6625280156731606,9.692384004592896,0.08579184859991074,5.008960008621216,1.4737280011177063,0.21987200155854225,0.7427200004458427,2.5726400054991245,3.1618237495422363
260830,d,18,13.614080429077148,10.42524790763855,0.6678719967603683,9.676128149032593,0.08124776184558868,4.990112006664276,1.4730559885501862,0.22841599956154823,0.7551679946482182,2.5334720239043236,3.1888325214385986
260830,d,19,13.747296333312988,10.528767824172974,0.641119971871376,9.803872108459473,0.08377574384212494,5.05843198299408,1.4784959852695465,0.22515199705958366,0.7511999979615211,2.6035840027034283,3.2185285091400146
260830,d,20,13.630463600158691,10.477247953414917,0.6369279995560646,9.754688262939453,0.08563169091939926,5.029695987701416,1.4819840043783188,0.2505919970571995,0.750144001096487,2.5469759851694107,3.1532156467437744
260830,d,21,13.640671730041504,10.449887990951538,0.6369920149445534,9.732320070266724,0.08057590574026108,5.049984037876129,1.502399981021881,0.22460800036787987,0.746848002076149,2.576128054410219,3.190783739089966
260830,d,22,13.566911697387695,10.390559911727905,0.6398719921708107,9.67088007926941,0.0798078402876854,4.980383992195129,1.4671040028333664,0.22752000018954277,0.7496639899909496,2.5360959991812706,3.17635178565979
260830,d,23,13.613696098327637,10.437888145446777,0.6389440074563026,9.718623876571655,0.08032026141881943,5.031231999397278,1.4698880016803741,0.22489600256085396,0.7468479983508587,2.589599996805191,3.1758079528808594
260830,d,24,13.622528076171875,10.44704008102417,0.6389759853482246,9.725792169570923,0.08227192610502243,5.003072023391724,1.4691519886255264,0.2234240062534809,0.7472640015184879,2.5632320269942284,3.175487995147705
260830,d,25,13.715616226196289,10.524192094802856,0.6461120024323463,9.79366421699524,0.08441587537527084,5.09552001953125,1.4707519859075546,0.22537599876523018,0.7568640001118183,2.642528034746647,3.1914241313934326
260830,d,26,13.713408470153809,10.481760025024414,0.6472959816455841,9.75225567817688,0.08220836520195007,5.040991961956024,1.464128002524376,0.22649599984288216,0.7671040035784245,2.5832639560103416,3.2316484451293945
260830,d,27,13.849599838256836,10.544703960418701,0.6695039868354797,9.7915198802948,0.08368009328842163,5.069279968738556,1.4668800085783005,0.22921600192785263,0.7925440073013306,2.5806399509310722,3.3048958778381348
260830,d,28,13.81868839263916,10.557503938674927,0.6623039841651917,9.81065583229065,0.0845441222190857,5.100736021995544,1.5001280158758163,0.2311360016465187,0.7773439958691597,2.5921280086040497,3.2611844539642334
260830,d,29,13.716480255126953,10.499328136444092,0.6493760123848915,9.765983819961548,0.08396830409765244,5.020960032939911,1.4876480102539062,0.22627199813723564,0.7728320024907589,2.53420802205801,3.2171521186828613
260830,d,30,13.785440444946289,10.54256010055542,0.646336019039154,9.81606411933899,0.08015996217727661,5.096671998500824,1.5104639828205109,0.2332799956202507,0.7743999995291233,2.578528020530939,3.242880344390869
260830,d,31,13.77894401550293,10.52560019493103,0.6491840034723282,9.789568185806274,0.08684800565242767,5.08380800485611,1.4953279942274094,0.23238399997353554,0.7660799957811832,2.5900160148739815,3.2533438205718994
260830,d,32,13.78332805633545,10.585376024246216,0.6545599922537804,9.846784114837646,0.08403191715478897,5.120576024055481,1.5029759854078293,0.2261440046131611,0.7636480070650578,2.627808026969433,3.1979520320892334
260830,d,33,13.72492790222168,10.501696109771729,0.6767360270023346,9.743552207946777,0.08140787482261658,5.048480033874512,1.4996159821748734,0.22592000290751457,0.7602879926562309,2.562656056135893,3.223231792449951
260830,d,34,13.721728324890137,10.512352228164673,0.6500160098075867,9.780480146408081,0.08185607194900513,5.073599994182587,1.49030402302742,0.2237120047211647,0.7709440067410469,2.588639959692955,3.209376096725464
260830,d,35,13.681920051574707,10.488800287246704,0.6469760239124298,9.761376142501831,0.08044812083244324,5.063135981559753,1.5128960013389587,0.22598399966955185,0.7596159987151623,2.5646399818360806,3.193119764328003
260830,d,36,13.730976104736328,10.527872323989868,0.6472320035099983,9.79695987701416,0.08368044346570969,5.100608050823212,1.5114559978246689,0.23071999847888947,0.7552640028297901,2.603168051689863,3.20310378074646
260830,d,37,13.72383975982666,10.505407810211182,0.6406719982624054,9.785344123840332,0.07939168810844421,5.06275200843811,1.482912003993988,0.2290560007095337,0.7622079998254776,2.588576003909111,3.2184319496154785
260830,d,38,13.776000022888184,10.56172800064087,0.6516480147838593,9.828575849533081,0.08150413632392883,5.138431966304779,1.4606079757213593,0.22112000361084938,0.8063039854168892,2.6504000015556812,3.2142720222473145
260830,d,39,13.672320365905762,10.484095811843872,0.6492160111665726,9.752447843551636,0.08243195712566376,5.05952000617981,1.4753920286893845,0.225856002420187,0.7593280002474785,2.5989439748227596,3.1882245540618896
260830,d,40,13.720576286315918,10.519487857818604,0.6501760110259056,9.786335945129395,0.08297590166330338,5.079456031322479,1.499424010515213,0.22060800343751907,0.7547840066254139,2.6046400107443333,3.2010884284973145
260830,d,41,13.68511962890625,10.492735862731934,0.6432639881968498,9.765920162200928,0.08355171233415604,5.0566399693489075,1.4984959959983826,0.2237440012395382,0.754111997783184,2.5802879743278027,3.1923837661743164
260830,d,42,13.701120376586914,10.508384227752686,0.6708799824118614,9.75382399559021,0.08368024975061417,5.02975994348526,1.4995199739933014,0.22547200322151184,0.7490880005061626,2.555679965764284,3.1927361488342285
260830,d,43,13.721599578857422,10.54374384880066,0.653536006808281,9.807744026184082,0.0824638158082962,5.108160018920898,1.4656000137329102,0.22169600427150726,0.7544640079140663,2.6663999930024147,3.1778557300567627
260830,d,44,13.820799827575684,10.61952018737793,0.6487360075116158,9.889343976974487,0.08144020289182663,5.123136043548584,1.5144960135221481,0.2512639984488487,0.7522559985518456,2.6051200330257416,3.201279640197754
260830,d,45,13.725664138793945,10.490911960601807,0.6397120133042336,9.767935991287231,0.08326395601034164,5.065248012542725,1.5033599883317947,0.22940800338983536,0.7598399892449379,2.5726400315761566,3.2347521781921387
260830,d,46,13.693951606750488,10.495264053344727,0.6459200084209442,9.766144037246704,0.08320000767707825,5.066431939601898,1.5057919919490814,0.22038399800658226,0.7562239952385426,2.584031954407692,3.1986875534057617
260830,d,47,13.67244815826416,10.49292802810669,0.6458240002393723,9.764864206314087,0.08223982155323029,5.06470400094986,1.5048000067472458,0.22537600621581078,0.7544959969818592,2.580031991004944,3.1795201301574707
260830,d,48,13.689599990844727,10.459327936172485,0.6333759799599648,9.744959831237793,0.08099212497472763,5.052416026592255,1.5299520194530487,0.2255680002272129,0.752031996846199,2.544864010065794,3.230272054672241
260830,d,49,13.722623825073242,10.529247999191284,0.6500480026006699,9.79641580581665,0.08278419077396393,5.1064640283584595,1.5233920216560364,0.22438399866223335,0.7487360052764416,2.609952002763748,3.193375825881958
260830,d,50,13.69264030456543,10.529791831970215,0.6408000215888023,9.809664011001587,0.07932779937982559,5.117215871810913,1.517087996006012,0.21872000396251678,0.7541439980268478,2.6272638738155365,3.162848472595215
260830,d,51,13.701184272766113,10.501824140548706,0.6464639976620674,9.77020788192749,0.08515226095914841,5.074207961559296,1.4792319983243942,0.22684800252318382,0.7517120018601418,2.616415958851576,3.1993601322174072
260830,d,52,13.757439613342285,10.553024053573608,0.6368319913744926,9.833055973052979,0.08313608914613724,5.13644802570343,1.484863981604576,0.22784000262618065,0.7726080045104027,2.6511360369622707,3.2044155597686768
260830,d,53,13.632512092590332,10.448224306106567,0.6684800013899803,9.697312116622925,0.08243218809366226,5.011680006980896,1.4693759828805923,0.24979199841618538,0.7539520040154457,2.5385600216686726,3.1842877864837646
260830,d,54,13.627264022827148,10.448895692825317,0.6449280083179474,9.696928024291992,0.10703966021537781,5.004671990871429,1.4676799923181534,0.22393600270152092,0.7537919990718365,2.5592639967799187,3.178368330001831
260830,d,55,13.68502426147461,10.482367753982544,0.6468799933791161,9.7532799243927,0.08220783621072769,5.055552005767822,1.5125759840011597,0.22281599789857864,0.7551999986171722,2.5649600252509117,3.2026565074920654
260830,d,56,13.677568435668945,10.465696096420288,0.6402879953384399,9.743616104125977,0.08179199695587158,5.046496033668518,1.501568004488945,0.2239680029451847,0.7521920055150986,2.56876802071929,3.2118723392486572
260830,d,57,13.729567527770996,10.51145601272583,0.6398080065846443,9.788640022277832,0.08300798386335373,5.103872060775757,1.5072320252656937,0.2274240031838417,0.757567998021841,2.6116480343043804,3.218111515045166
260830,d,58,13.768575668334961,10.547136068344116,0.6471679955720901,9.818144083023071,0.08182398974895477,5.125984013080597,1.5148480087518692,0.25065600126981735,0.7892479933798313,2.571232009679079,3.2214395999908447
260830,d,59,14.081119537353516,10.749055862426758,0.6808639988303185,9.98739218711853,0.08079967647790909,5.255839943885803,1.5683520138263702,0.22764800116419792,0.7903040014207363,2.6695359274744987,3.332063674926758
260830,d,60,13.764608383178711,10.506399869918823,0.6528640016913414,9.77183985710144,0.08169601112604141,5.067839980125427,1.5146880149841309,0.22336000204086304,0.7517439983785152,2.578047964721918,3.2582085132598877
260830,d,61,13.796095848083496,10.5796799659729,0.6584320217370987,9.838112115859985,0.08313582837581635,5.131679952144623,1.5158079862594604,0.22998400405049324,0.7580479979515076,2.6278399638831615,3.2164158821105957
260830,d,62,13.670528411865234,10.427551984786987,0.6424959823489189,9.70140814781189,0.08364785462617874,5.0012800097465515,1.4696960151195526,0.21955200284719467,0.7531520053744316,2.5588799864053726,3.242976427078247
260830,d,63,13.789312362670898,10.56332802772522,0.6437439769506454,9.838111877441406,0.08147217333316803,5.138303995132446,1.4952960312366486,0.22147200629115105,0.7595199979841709,2.6620159596204758,3.2259843349456787
260830,d,64,13.671168327331543,10.478431940078735,0.6434239968657494,9.752320051193237,0.08268789201974869,5.062943994998932,1.4796800017356873,0.22419199720025063,0.7457600012421608,2.613311994820833,3.1927363872528076
260830,d,65,13.746111869812012,10.463871717453003,0.6440640166401863,9.73635220527649,0.08345549553632736,5.053983986377716,1.470239982008934,0.21964800357818604,0.7526400052011013,2.6114559955894947,3.282240152359009
260830,d,66,13.768351554870605,10.56767988204956,0.6544000059366226,9.8056640625,0.10761581361293793,5.119583964347839,1.5216640084981918,0.2226880043745041,0.7771200053393841,2.5981119461357594,3.200671672821045
260830,d,67,13.936639785766602,10.558976173400879,0.6536640077829361,9.822175979614258,0.083136186003685,5.11270397901535,1.5039359778165817,0.22918399795889854,0.7834879979491234,2.5960960052907467,3.3776636123657227
260830,d,68,14.491007804870605,10.860543966293335,0.7030079960823059,10.064831972122192,0.09270399808883667,5.294367969036102,1.5914239883422852,0.24156800284981728,0.8386560082435608,2.622719969600439,3.6304638385772705
260830,d,69,14.665727615356445,11.006752014160156,0.7386560142040253,10.1735680103302,0.09452798962593079,5.328000009059906,1.5415039956569672,0.2391039952635765,0.8724480047821999,2.6749440133571625,3.658975601196289
260830,d,70,14.68723201751709,10.941535949707031,0.7403519749641418,10.10700798034668,0.09417599439620972,5.293023943901062,1.5318080186843872,0.24883199855685234,0.8943680226802826,2.61801590397954,3.7456960678100586
260830,d,71,14.61359977722168,10.943328142166138,0.735071986913681,10.115072011947632,0.09318414330482483,5.305376052856445,1.5675520300865173,0.24559999629855156,0.8663680031895638,2.6258560232818127,3.670271635055542
260830,d,72,14.62393569946289,10.907423973083496,0.740447998046875,10.073503971099854,0.09347200393676758,5.28220796585083,1.5678400099277496,0.24659199640154839,0.886944018304348,2.580831941217184,3.7165117263793945
260830,d,73,14.698783874511719,10.987711906433105,0.7441919893026352,10.15065598487854,0.09286393225193024,5.317983984947205,1.560768023133278,0.2465279996395111,0.8652160093188286,2.645471952855587,3.7110719680786133
260830,d,74,14.660639762878418,10.961567878723145,0.7426560074090958,10.125855922698975,0.09305594861507416,5.30678403377533,1.5467840135097504,0.24422399699687958,0.8689280152320862,2.6468480080366135,3.6990718841552734
260830,d,75,14.749823570251465,11.041856050491333,0.742432028055191,10.206464052200317,0.09295997023582458,5.3638399839401245,1.5447680056095123,0.24198399484157562,0.9014080241322517,2.675679959356785,3.707967519760132
260830,d,76,14.656512260437012,10.94934368133545,0.7674240171909332,10.089760065078735,0.09215959906578064,5.279136002063751,1.5440959930419922,0.24620800092816353,0.8640320152044296,2.624799992889166,3.7071685791015625
260830,d,77,14.67187213897705,10.950592041015625,0.7335359752178192,10.123039722442627,0.09401634335517883,5.317376017570496,1.5352640002965927,0.27113599702715874,0.8651840165257454,2.6457920037209988,3.721280097961426
260830,d,78,14.708736419677734,10.99238395690918,0.7400000095367432,10.154208183288574,0.0981757640838623,5.342943966388702,1.560703992843628,0.2494719922542572,0.859456017613411,2.6733119636774063,3.7163524627685547
260830,d,79,14.7192964553833,10.961152076721191,0.7390080243349075,10.12556791305542,0.09657613933086395,5.327359974384308,1.576831966638565,0.2565760016441345,0.8610880151391029,2.6328639909625053,3.7581443786621094
260830,d,80,15.687935829162598,11.893056154251099,0.7473919987678528,11.052543878555298,0.093120276927948,6.163008034229279,2.0981760025024414,0.34329599514603615,0.9153600260615349,2.806176010519266,3.794879674911499
260830,d,81,14.80412769317627,11.054784297943115,0.7544319778680801,10.208640098571777,0.09171222150325775,5.394048094749451,1.5938239991664886,0.27670399472117424,0.8781760185956955,2.6453440822660923,3.7493433952331543
260830,d,82,14.790656089782715,11.09600019454956,0.7301120012998581,10.272832155227661,0.09305603802204132,5.433919966220856,1.584095984697342,0.24963199719786644,0.8895680084824562,2.710623975843191,3.6946558952331543
260830,d,83,14.655488014221191,10.946272134780884,0.7624959796667099,10.090719938278198,0.09305621683597565,5.275871992111206,1.5626240074634552,0.24367999285459518,0.8666560128331184,2.6029119789600372,3.7092158794403076
260830,d,84,14.708736419677734,10.997472286224365,0.7379840016365051,10.165664196014404,0.09382408857345581,5.370047926902771,1.6216959953308105,0.2508159950375557,0.8563840091228485,2.6411519274115562,3.711264133453369
260830,d,85,15.007743835449219,11.145471811294556,0.7422400116920471,10.312288045883179,0.09094375371932983,5.506207883358002,1.6310719847679138,0.2502399981021881,0.899552009999752,2.7253438904881477,3.862272024154663
260830,d,86,15.110976219177246,11.270272016525269,0.7750080078840256,10.399136066436768,0.0961279422044754,5.52812796831131,1.629151999950409,0.2516480013728142,0.8839040175080299,2.7634239494800568,3.8407042026519775
260830,d,87,14.814208030700684,11.064320087432861,0.7441920191049576,10.224991798400879,0.09513626992702484,5.417119979858398,1.5805439949035645,0.2544640004634857,0.8809280097484589,2.7011839747428894,3.7498879432678223
260830,d,88,14.747648239135742,11.042783975601196,0.758911982178688,10.190176248550415,0.0936957448720932,5.371551990509033,1.5677440166473389,0.24591999873518944,0.8780799955129623,2.6798079796135426,3.704864263534546
260830,d,89,14.74563217163086,10.970207929611206,0.7605119943618774,10.117024183273315,0.09267175197601318,5.291039943695068,1.5784000158309937,0.24902400001883507,0.8652800098061562,2.5983359180390835,3.7754242420196533
260830,d,90,14.751744270324707,11.069471836090088,0.7399360090494156,10.229375839233398,0.10015998780727386,5.385055959224701,1.5906560122966766,0.25388799980282784,0.8972800076007843,2.643231939524412,3.682272434234619
260830,d,91,14.735615730285645,11.013023853302002,0.7509120255708694,10.168320178985596,0.0937916487455368,5.3501439690589905,1.622848004102707,0.2518719993531704,0.8630080074071884,2.6124159581959248,3.7225918769836426
260830,d,92,14.78927993774414,11.02345609664917,0.7448320090770721,10.175071954727173,0.10355213284492493,5.385152041912079,1.5568319857120514,0.2476479969918728,0.9193279966711998,2.661344062536955,3.7658238410949707
260830,d,93,14.708736419677734,11.00275206565857,0.7435839921236038,10.166015863418579,0.09315221011638641,5.364160001277924,1.5762880146503448,0.2487040013074875,0.8797440081834793,2.659423977136612,3.705984354019165
260830,d,94,14.78758430480957,11.040224075317383,0.7522879838943481,10.193600177764893,0.09433591365814209,5.352384030818939,1.5774400234222412,0.25167999789118767,0.8811520114541054,2.642111998051405,3.7473602294921875
260830,d,95,14.741567611694336,11.002016067504883,0.738207995891571,10.172767877578735,0.09104019403457642,5.346720039844513,1.5378560274839401,0.25257599726319313,0.8741760104894638,2.682112004607916,3.739551544189453
260830,d,96,14.772031784057617,11.033567905426025,0.7431680113077164,10.193919658660889,0.09648023545742035,5.336640000343323,1.5516480207443237,0.2470720000565052,0.8824000209569931,2.6555199585855007,3.738463878631592
260830,d,97,14.911552429199219,11.041215658187866,0.7547840029001236,10.193600177764893,0.09283147752285004,5.3542720675468445,1.5728639662265778,0.27327999845147133,0.8699200078845024,2.638208094984293,3.8703367710113525
260830,d,98,14.969759941101074,11.154431819915771,0.7556159794330597,10.301439762115479,0.09737607836723328,5.480575919151306,1.6563839614391327,0.25353600084781647,0.8857280164957047,2.6849279403686523,3.8153281211853027
260830,d,99,14.812128067016602,11.088511943817139,0.7454400062561035,10.247743844985962,0.09532809257507324,5.414592027664185,1.571263998746872,0.2539840005338192,0.8979839980602264,2.691360030323267,3.723616123199463
260830,d,100,14.852095603942871,11.060863971710205,0.7426879703998566,10.224544048309326,0.09363195300102234,5.387423932552338,1.60207998752594,0.2524480000138283,0.8860480189323425,2.646847926080227,3.791231632232666
260830,d,101,14.784640312194824,11.0623037815094,0.7463679909706116,10.223520040512085,0.09241575002670288,5.398591876029968,1.5749759674072266,0.26447999849915504,0.8806400075554848,2.678495902568102,3.722336530685425
260830,d,102,14.733311653137207,11.035776138305664,0.7449599951505661,10.197920083999634,0.09289605915546417,5.385792016983032,1.5953919887542725,0.25459199771285057,0.8896320164203644,2.646176014095545,3.697535514831543
260830,d,103,14.770976066589355,10.983904123306274,0.7421760112047195,10.147136211395264,0.0945919007062912,5.34659206867218,1.5813440084457397,0.25337599962949753,0.8713920041918755,2.6404800564050674,3.787071943283081
260830,d,104,14.813216209411621,11.047391891479492,0.7726719975471497,10.183552026748657,0.0911678671836853,5.360480010509491,1.618144005537033,0.289599996060133,0.8727040067315102,2.5800320021808147,3.765824317932129
260830,d,105,14.62172794342041,10.944511890411377,0.7441600114107132,10.102432012557983,0.09791986644268036,5.318015992641449,1.570847988128662,0.24793599545955658,0.8816000074148178,2.6176320016384125,3.677216053009033
260830,d,106,14.445247650146484,10.88969612121582,0.7280959784984589,10.07046389579773,0.09113624691963196,5.26662403345108,1.5218880027532578,0.24009599909186363,0.836544007062912,2.668096024543047,3.555551528930664
260830,d,107,14.242815971374512,10.808032274246216,0.7217279970645905,10.00112009048462,0.08518418669700623,5.238399982452393,1.573887974023819,0.2351359985768795,0.8096960037946701,2.619680006057024,3.434783697128296
260830,d,108,14.043392181396484,10.649887800216675,0.7016639858484268,9.859872102737427,0.08835171163082123,5.096607983112335,1.5081919878721237,0.23427199944853783,0.7943999990820885,2.559743996709585,3.3935043811798096
260830,d,109,14.290047645568848,10.766688108444214,0.7033919990062714,9.97811222076416,0.08518388867378235,5.1939199566841125,1.534144014120102,0.23769600316882133,0.8047680109739304,2.617311928421259,3.523359537124634
260830,d,110,14.292863845825195,10.846240043640137,0.7047040164470673,10.052671909332275,0.08886411786079407,5.306143939495087,1.5636480003595352,0.23734400421380997,0.8602880090475082,2.6448639258742332,3.4466238021850586
260830,d,111,14.186816215515137,10.686463832855225,0.6975999772548676,9.901951789855957,0.08691206574440002,5.11926406621933,1.5028480142354965,0.23254400119185448,0.8017920069396496,2.5820800438523293,3.500352382659912
260830,d,112,14.228480339050293,10.786144018173218,0.6986879855394363,10.000447988510132,0.0870080441236496,5.2471999526023865,1.5254720151424408,0.23529599979519844,0.810079999268055,2.6763519383966923,3.442336320877075
260830,d,113,14.509056091308594,10.85913610458374,0.7299840003252029,10.039648056030273,0.08950404822826385,5.249535918235779,1.501888021826744,0.2457279972732067,0.8412160165607929,2.660703882575035,3.6499199867248535
260830,d,114,14.516223907470703,10.910720109939575,0.7340479791164398,10.085408210754395,0.09126392006874084,5.28764796257019,1.5658239722251892,0.24687999486923218,0.8585280030965805,2.6164159923791885,3.605503797531128
260830,d,115,14.31174373626709,10.778432130813599,0.7120640128850937,9.976447820663452,0.0899202972650528,5.199551999568939,1.5351039618253708,0.23983999714255333,0.8309440165758133,2.593664024025202,3.533311605453491
260830,d,116,14.230527877807617,10.777440309524536,0.7137600034475327,9.97542428970337,0.08825601637363434,5.213279962539673,1.5182399898767471,0.24054399877786636,0.8295040056109428,2.6249919682741165,3.453087568283081
260830,d,117,14.131072044372559,10.687264204025269,0.7017280012369156,9.89740800857544,0.08812819421291351,5.135648012161255,1.4921919852495193,0.23971199244260788,0.8120639994740486,2.591680034995079,3.44380784034729
260830,d,118,14.250847816467285,10.77340817451477,0.7049920111894608,9.978912115097046,0.08950404822826385,5.224736034870148,1.5511039942502975,0.23871999979019165,0.8280000016093254,2.606912039220333,3.4774396419525146
260830,d,119,14.09609603881836,10.700416088104248,0.7270719856023788,9.88543963432312,0.08790446817874908,5.131968021392822,1.4959999769926071,0.2361919954419136,0.7971840053796768,2.6025920435786247,3.3956799507141113
260830,d,120,13.954048156738281,10.636352062225342,0.6836800128221512,9.868320226669312,0.08435182273387909,5.13676792383194,1.5045759975910187,0.22995200008153915,0.8029119968414307,2.599327929317951,3.3176960945129395
260830,d,121,13.994112014770508,10.688639640808105,0.7056639939546585,9.89676809310913,0.0862075537443161,5.1673919558525085,1.474847987294197,0.22732800245285034,0.7874560058116913,2.67775996029377,3.3054723739624023
260830,d,122,14.159872055053711,10.719071865081787,0.6944639831781387,9.938207864761353,0.08640001714229584,5.192992031574249,1.5034239888191223,0.23343999683856964,0.8179840072989464,2.638144038617611,3.440800189971924
260830,d,123,14.096192359924316,10.727583885192871,0.6970879882574081,9.94595193862915,0.08454395830631256,5.185920000076294,1.5503040105104446,0.23452799767255783,0.7986239939928055,2.602463997900486,3.3686084747314453
260830,d,124,13.978336334228516,10.659712076187134,0.7031999975442886,9.87065601348877,0.08585606515407562,5.134623944759369,1.5364480018615723,0.23632000386714935,0.7958400025963783,2.566015936434269,3.318624258041382
260830,d,125,13.793408393859863,10.490879774093628,0.668895997107029,9.73695993423462,0.08502384275197983,5.015423953533173,1.4816319942474365,0.2287999987602234,0.7801599949598312,2.5248319655656815,3.3025286197662354
260830,d,126,14.077695846557617,10.613792181015015,0.6782079935073853,9.85196828842163,0.08361589908599854,5.101920008659363,1.5035840272903442,0.23257600143551826,0.7841600105166435,2.5815999694168568,3.4639036655426025
260830,d,127,14.171808242797852,10.754015922546387,0.7168640047311783,9.950560092926025,0.08659182488918304,5.212992012500763,1.5392639935016632,0.23481599614024162,0.8029759973287582,2.6359360255301,3.417792320251465
260830,d,128,14.034912109375,10.67251181602478,0.680864006280899,9.907455921173096,0.08419188857078552,5.17305600643158,1.5116159915924072,0.25999999418854713,0.8000959977507591,2.601344022899866,3.3624002933502197
260830,d,129,13.86291217803955,10.569727659225464,0.6727360039949417,9.81395173072815,0.08303992450237274,5.092319905757904,1.4894400089979172,0.2248000055551529,0.8144000023603439,2.56367988884449,3.293184518814087
260830,d,130,13.959199905395508,10.608735799789429,0.66873599588871,9.85647988319397,0.08351992070674896,5.139807999134064,1.5032960325479507,0.23177599534392357,0.7921919971704483,2.612543974071741,3.350464105606079
260830,d,131,14.174559593200684,10.810304164886475,0.6900159865617752,10.028351783752441,0.091936394572258,5.260832071304321,1.5494080185890198,0.23740799352526665,0.8041600063443184,2.6698560528457165,3.364255428314209
260830,d,132,13.985471725463867,10.623552083969116,0.6827840059995651,9.854111909866333,0.08665616810321808,5.12828803062439,1.4959360212087631,0.236480001360178,0.7955520041286945,2.600320003926754,3.361919641494751
260830,d,133,13.913023948669434,10.620288133621216,0.6740159839391708,9.863136053085327,0.08313609659671783,5.125919997692108,1.5109439939260483,0.23068799823522568,0.7762560062110424,2.608031999319792,3.2927358150482178
260830,d,134,13.878911972045898,10.609823942184448,0.6983359903097153,9.829311847686768,0.0821761041879654,5.123456060886383,1.5015679746866226,0.23014399781823158,0.773887999355793,2.617856089025736,3.26908802986145
260830,d,135,14.127103805541992,10.663455963134766,0.6780800074338913,9.898144006729126,0.08723194897174835,5.163936018943787,1.535840004682541,0.23059199750423431,0.7912320084869862,2.6062720082700253,3.4636478424072266
260830,d,136,14.0830717086792,10.662943840026855,0.6854079961776733,9.891711950302124,0.0858238935470581,5.14163202047348,1.4964799731969833,0.23692799732089043,0.8023359999060631,2.6058880500495434,3.4201278686523438
260830,d,137,13.972479820251465,10.619647979736328,0.6814720034599304,9.853951930999756,0.08422404527664185,5.135904014110565,1.5246399939060211,0.23372799158096313,0.7989120036363602,2.5786240249872208,3.3528318405151367
260830,d,138,13.8854398727417,10.571776151657104,0.674015998840332,9.814240217208862,0.08351993560791016,5.065952003002167,1.489343985915184,0.23001600056886673,0.7790080048143864,2.5675840117037296,3.3136637210845947
260830,d,139,14.155776023864746,10.762495994567871,0.6779519766569138,9.999551773071289,0.08499224483966827,5.220383942127228,1.5130239874124527,0.2301120012998581,0.8140159957110882,2.663231957703829,3.393280029296875
260830,d,140,14.083359718322754,10.708639860153198,0.6944319754838943,9.926495790481567,0.08771209418773651,5.157920062541962,1.5353920012712479,0.2415039949119091,0.7992960065603256,2.581728059798479,3.3747198581695557
260830,d,141,13.99612808227539,10.653823614120483,0.6868800073862076,9.884479999542236,0.08246360719203949,5.162720024585724,1.5419519990682602,0.2388799972832203,0.8151360005140305,2.566752027720213,3.3423044681549072
260830,d,142,13.824000358581543,10.562464237213135,0.6706879884004593,9.806848287582397,0.08492796123027802,5.0986239314079285,1.5023039728403091,0.23401599749922752,0.776223998516798,2.586079962551594,3.261536121368408
260830,d,143,13.925375938415527,10.610687971115112,0.6682879775762558,9.859071969985962,0.08332802355289459,5.144991993904114,1.4972799867391586,0.231455996632576,0.7719040028750896,2.6443520076572895,3.314687967300415
260830,d,144,14.142335891723633,10.749216079711914,0.6971200108528137,9.96556830406189,0.0865277647972107,5.19241601228714,1.5363200157880783,0.24512000009417534,0.8106560036540031,2.600319992750883,3.3931198120117188
260830,d,145,14.064831733703613,10.706975936889648,0.7154239863157272,9.905664205551147,0.08588774502277374,5.157984018325806,1.5096960067749023,0.23609599843621254,0.8016960099339485,2.6104960031807423,3.357855796813965
260830,d,146,13.905920028686523,10.585087776184082,0.7087039947509766,9.793247938156128,0.08313584327697754,5.058368027210236,1.4816320091485977,0.2263680025935173,0.782943993806839,2.5674240216612816,3.3208322525024414
260830,d,147,13.805215835571289,10.555328130722046,0.6737599819898605,9.795583963394165,0.08598418533802032,5.049279987812042,1.5146880000829697,0.22537600249052048,0.770239993929863,2.538975991308689,3.249887704849243
260830,d,148,14.136320114135742,10.717024087905884,0.6774079948663712,9.953279733657837,0.08633635938167572,5.2017600536346436,1.5094719976186752,0.23161599412560463,0.7956479974091053,2.6650240644812584,3.4192960262298584
260830,d,149,14.360575675964355,10.878976106643677,0.7043520212173462,10.087999820709229,0.08662426471710205,5.323520004749298,1.5581759810447693,0.23340800032019615,0.8312959969043732,2.7006400264799595,3.4815995693206787
260830,d,150,14.00499153137207,10.634975910186768,0.6822720021009445,9.867808103561401,0.08489580452442169,5.142591953277588,1.5381440073251724,0.231455996632576,0.7841600105166435,2.588831938803196,3.3700156211853027
260830,d,151,13.871935844421387,10.55734395980835,0.6944959908723831,9.776384115219116,0.08646385371685028,5.057728052139282,1.4979839771986008,0.2333120033144951,0.7757119946181774,2.550720077008009,3.314591884613037
260830,d,152,13.951007843017578,10.612768173217773,0.7024320065975189,9.825472116470337,0.0848640501499176,5.09798401594162,1.5099200159311295,0.23120000585913658,0.7865599952638149,2.570303998887539,3.3382396697998047
260830,d,153,14.143487930297852,10.764319896697998,0.681408017873764,9.969023942947388,0.11388793587684631,5.18095999956131,1.538591980934143,0.23980799689888954,0.7970880009233952,2.605472020804882,3.3791680335998535
260830,d,154,14.052127838134766,10.709887742996216,0.6847359836101532,9.938943862915039,0.08620789647102356,5.2035199999809265,1.4957440048456192,0.2333119995892048,0.8322880119085312,2.6421759836375713,3.34224009513855
260830,d,155,13.989888191223145,10.651104211807251,0.673567995429039,9.894688129425049,0.08284808695316315,5.17657607793808,1.5309760123491287,0.2258240021765232,0.7793599925935268,2.640416070818901,3.3387839794158936
260830,d,156,13.954208374023438,10.615936040878296,0.6668160259723663,9.864095687866211,0.08502432703971863,5.140640020370483,1.5438079982995987,0.23072000220417976,0.7728960067033768,2.593216013163328,3.3382723331451416
260830,d,157,14.142463684082031,10.7640962600708,0.6961919963359833,9.975871801376343,0.09203246235847473,5.204895973205566,1.54585599899292,0.2377599962055683,0.8010240085422993,2.620255969464779,3.3783674240112305
260830,d,158,14.032671928405762,10.69270396232605,0.7332479953765869,9.874175786972046,0.08528017997741699,5.139392018318176,1.5006719827651978,0.23788800090551376,0.80060800537467,2.6002240292727947,3.339967966079712
260830,d,159,13.865887641906738,10.59926438331604,0.6684160083532333,9.846751689910889,0.08409668505191803,5.10889607667923,1.4744319915771484,0.2340479977428913,0.7805439978837967,2.6198720894753933,3.2666232585906982
260830,d,160,13.884415626525879,10.579807996749878,0.6714560240507126,9.82259202003479,0.0857599526643753,5.0900479555130005,1.4851839989423752,0.2333120033144951,0.775775995105505,2.5957759581506252,3.304607629776001
260830,d,161,14.13913631439209,10.679456233978271,0.671999990940094,9.923359870910645,0.08409637212753296,5.167616009712219,1.5037759989500046,0.23283200338482857,0.7999359965324402,2.631072010844946,3.4596800804138184
260830,d,162,14.102527618408203,10.69264006614685,0.6744320094585419,9.933824062347412,0.0843839943408966,5.196544051170349,1.5002879947423935,0.23923199996352196,0.7962240092456341,2.6608000472187996,3.4098875522613525
260830,d,163,13.96735954284668,10.646528005599976,0.6711679995059967,9.890719890594482,0.08464011549949646,5.167136013507843,1.5295679867267609,0.23321599513292313,0.7845760025084019,2.619776029139757,3.320831537246704
260830,d,164,13.831199645996094,10.552927732467651,0.6668480038642883,9.802047967910767,0.08403176069259644,5.0924161076545715,1.5127999931573868,0.2287680059671402,0.7736639939248562,2.5771841146051884,3.2782719135284424
260830,d,165,13.932543754577637,10.539904117584229,0.6666559875011444,9.787936210632324,0.08531191945075989,5.065599977970123,1.5164480060338974,0.22838399931788445,0.7806719951331615,2.54009597748518,3.392639636993408
260830,d,166,14.019583702087402,10.638560056686401,0.6719360053539276,9.882144212722778,0.08447983860969543,5.117664039134979,1.5014080107212067,0.23369599878787994,0.8027840033173561,2.5797760263085365,3.381023645401001
260830,d,167,13.95199966430664,10.662816286087036,0.7013439685106277,9.874527931213379,0.08694438636302948,5.125183999538422,1.4867520034313202,0.22969600185751915,0.7866240032017231,2.622111991047859,3.2891833782196045
260830,d,168,13.785823822021484,10.50326418876648,0.695904016494751,9.723519802093506,0.08384037017822266,5.006560027599335,1.4553599953651428,0.22972800210118294,0.7808320038020611,2.540640026330948,3.282559633255005
260830,d,169,14.179327964782715,10.69203233718872,0.6699199825525284,9.936895847320557,0.08521650731563568,5.204767942428589,1.5247040092945099,0.22809599339962006,0.8172160014510155,2.6347519382834435,3.487295627593994
260830,d,170,14.479104042053223,10.878367900848389,0.7239679843187332,10.065215587615967,0.08918432891368866,5.279840052127838,1.5686080008745193,0.2476160004734993,0.8466880097985268,2.6169280409812927,3.600736141204834
260830,d,171,14.324735641479492,10.824416160583496,0.7127359956502914,10.02188777923584,0.08979238569736481,5.228448033332825,1.5230079889297485,0.23667199537158012,0.8378560096025467,2.6309120394289494,3.500319480895996
260830,d,172,14.181376457214355,10.771456003189087,0.7205119878053665,9.96454381942749,0.08640019595623016,5.2256960272789,1.557791993021965,0.2523199990391731,0.7932800054550171,2.622304029762745,3.4099204540252686
260830,d,173,14.007488250732422,10.634239673614502,0.6825600117444992,9.853568077087402,0.0981115847826004,5.112607955932617,1.507775992155075,0.2319680005311966,0.7865920029580593,2.586271960288286,3.37324857711792
260830,d,174,14.130175590515137,10.71894383430481,0.6986879855394363,9.930527925491333,0.08972792327404022,5.162976026535034,1.5178879797458649,0.23686399683356285,0.804127998650074,2.6040960513055325,3.411231756210327
260830,d,175,14.131199836730957,10.73638391494751,0.6932800263166428,9.95628809928894,0.08681578934192657,5.209151983261108,1.499103993177414,0.23411200195550919,0.8579840064048767,2.6179519817233086,3.3948159217834473
260830,d,176,14.019583702087402,10.703968286514282,0.6912320107221603,9.928223848342896,0.08451242744922638,5.192640006542206,1.5550720393657684,0.23587199673056602,0.7888000048696995,2.612895965576172,3.31561541557312
260830,d,177,13.896703720092773,10.641472101211548,0.6789120137691498,9.876511812210083,0.08604827523231506,5.129247963428497,1.5291839838027954,0.23366399854421616,0.7768000029027462,2.5895999781787395,3.2552316188812256
260830,d,178,14.166015625,10.724063873291016,0.6850560009479523,9.952255964279175,0.08675190806388855,5.19734400510788,1.5462400019168854,0.23292800039052963,0.7930560000240803,2.6251200027763844,3.4419517517089844
260830,d,179,14.115103721618652,10.709536075592041,0.6876159757375717,9.93459177017212,0.08732832968235016,5.192672073841095,1.4917440116405487,0.2313919998705387,0.8038400113582611,2.6656960509717464,3.4055676460266113
260830,d,180,13.995072364807129,10.641567707061768,0.6794240027666092,9.876800060272217,0.08534364402294159,5.138240039348602,1.4927679896354675,0.22937599942088127,0.7934399992227554,2.622656051069498,3.3535046577453613
260830,d,181,13.91919994354248,10.627871990203857,0.6760639995336533,9.865535974502563,0.08627201616764069,5.135967969894409,1.5200639963150024,0.23049600049853325,0.7795839980244637,2.60582397505641,3.291327953338623
260830,d,182,13.91436767578125,10.615616083145142,0.6744640171527863,9.855456113815308,0.08569595217704773,5.127328097820282,1.5175679624080658,0.22512000426650047,0.7867519967257977,2.597888134419918,3.2987515926361084
260830,d,183,14.116640090942383,10.670111894607544,0.6913279891014099,9.892991781234741,0.08579212427139282,5.140064001083374,1.519359976053238,0.23651199787855148,0.8213760107755661,2.5628160163760185,3.446528196334839
260830,d,184,14.089216232299805,10.663616180419922,0.6902079731225967,9.886591911315918,0.08681629598140717,5.149056017398834,1.499455988407135,0.23132799938321114,0.8015359975397587,2.6167360320687294,3.425600051879883
260830,d,185,14.251008033752441,10.826911926269531,0.7152640223503113,10.025504112243652,0.08614379167556763,5.292096018791199,1.587263971567154,0.236991997808218,0.812864001840353,2.654976047575474,3.42409610748291
260830,d,186,14.527359962463379,10.923968076705933,0.720895990729332,10.111167907714844,0.0919041782617569,5.31331193447113,1.5517760217189789,0.25436799600720406,0.8336640074849129,2.6735039092600346,3.6033918857574463
260830,d,187,14.317631721496582,10.830112218856812,0.7200320065021515,10.021599769592285,0.08848044276237488,5.2568319439888,1.550687998533249,0.2521279938519001,0.8236480057239532,2.630367945879698,3.4875195026397705
260830,d,188,14.196736335754395,10.720639705657959,0.7028480023145676,9.927968263626099,0.08982343971729279,5.166944086551666,1.5054399818181992,0.23977600038051605,0.8168320059776306,2.6048960983753204,3.4760966300964355
260830,d,189,14.204928398132324,10.754112005233765,0.7012480050325394,9.967040061950684,0.08582393825054169,5.20633602142334,1.5298240035772324,0.23615999892354012,0.8161280080676079,2.6242240108549595,3.4508163928985596
260830,d,190,14.180255889892578,10.725728273391724,0.7031679898500443,9.937824249267578,0.08473603427410126,5.194368064403534,1.5544959604740143,0.23920000344514847,0.8071999996900558,2.5934721007943153,3.4545276165008545
260830,d,191,14.091008186340332,10.665823936462402,0.6888960301876068,9.890751838684082,0.0861760675907135,5.1446720361709595,1.5159680098295212,0.2351359985768795,0.7960640043020248,2.597504023462534,3.4251842498779297
260830,d,192,14.020607948303223,10.639071941375732,0.6862079799175262,9.867264032363892,0.08559992909431458,5.123199939727783,1.518400028347969,0.2306240014731884,0.7882880084216595,2.5858879014849663,3.3815360069274902
260830,d,193,14.042112350463867,10.65235185623169,0.6817599982023239,9.884991884231567,0.08559997379779816,5.14544004201889,1.5085119754076004,0.2306240014731884,0.7854719944298267,2.620832070708275,3.3897604942321777
260830,d,194,13.975744247436523,10.604543924331665,0.6788160055875778,9.83900761604309,0.0867203027009964,5.100639998912811,1.4788479954004288,0.23052800074219704,0.7884480059146881,2.6028159968554974,3.3712003231048584
260830,d,195,14.078975677490234,10.707135915756226,0.6810240149497986,9.93993592262268,0.08617597818374634,5.187040030956268,1.5242239981889725,0.23369599878787994,0.7981760017573833,2.6309440322220325,3.371839761734009
260830,d,196,13.985695838928223,10.627968072891235,0.6848320066928864,9.856064081192017,0.0870719850063324,5.128224015235901,1.5130239725112915,0.23049600049853325,0.7868480049073696,2.5978560373187065,3.3577277660369873
260830,d,197,14.016511917114258,10.628576040267944,0.6862079948186874,9.855327844619751,0.08704020082950592,5.125823974609375,1.504480004310608,0.2345920018851757,0.7925440073013306,2.594207961112261,3.3879358768463135
260830,d,198,14.065664291381836,10.65558409690857,0.6786559969186783,9.890656232833862,0.08627186715602875,5.153151988983154,1.4964160174131393,0.2314240001142025,0.7900480031967163,2.635263968259096,3.4100801944732666
260830,d,199,14.011679649353027,10.632287979125977,0.6797439903020859,9.865024089813232,0.08751989901065826,5.116383969783783,1.5041919648647308,0.23695999756455421,0.786784004420042,2.588448002934456,3.379391670227051
260831,a,0,5.8224639892578125,4.5567039251327515,0.34806400537490845,4.166911989450455,0.041727930307388306,0,0,0,0,0.0,1.265760064125061
260831,a,1,5.741568088531494,4.500416070222855,0.33977600187063217,4.119552090764046,0.04108797758817673,0,0,0,0,0.0,1.2411520183086395
260831,a,2,5.708799839019775,4.485471963882446,0.33689600974321365,4.111295893788338,0.03728006035089493,0,0,0,0,0.0,1.223327875137329
260831,a,3,5.715968132019043,4.516192078590393,0.364607997238636,4.110336020588875,0.04124806076288223,0,0,0,0,0.0,1.19977605342865
260831,a,4,5.6976637840271,4.504096120595932,0.3572480008006096,4.10623998939991,0.040608130395412445,0,0,0,0,0.0,1.1935676634311676
260831,a,5,5.669888019561768,4.477951914072037,0.3317760080099106,4.111135914921761,0.0350399911403656,0,0,0,0,0.0,1.1919361054897308
260831,a,6,5.681151866912842,4.493984013795853,0.3288320004940033,4.124799907207489,0.04035210609436035,0,0,0,0,0.0,1.1871678531169891
260831,a,7,5.6842241287231445,4.494336038827896,0.3312639966607094,4.123647898435593,0.039424143731594086,0,0,0,0,0.0,1.1898880898952484
260831,a,8,5.710847854614258,4.514815956354141,0.35942400246858597,4.117184117436409,0.03820783644914627,0,0,0,0,0.0,1.1960318982601166
260831,a,9,5.736447811126709,4.53836789727211,0.35740800201892853,4.141823977231979,0.03913591802120209,0,0,0,0,0.0,1.198079913854599
260831,a,10,5.695487976074219,4.506624102592468,0.35360000282526016,4.111327901482582,0.04169619828462601,0,0,0,0,0.0,1.1888638734817505
260831,a,11,5.678719997406006,4.472639948129654,0.32784000784158707,4.107263997197151,0.03753594309091568,0,0,0,0,0.0,1.206080049276352
260831,a,12,5.684927940368652,4.49020791053772,0.33398400247097015,4.115744039416313,0.0404798686504364,0,0,0,0,0.0,1.1947200298309326
260831,a,13,5.676415920257568,4.479999929666519,0.329632006585598,4.113215893507004,0.03715202957391739,0,0,0,0,0.0,1.1964159905910492
260831,a,14,5.685632228851318,4.478975921869278,0.3317760080099106,4.110336020588875,0.036863893270492554,0,0,0,0,0.0,1.2066563069820404
260831,a,15,5.735424041748047,4.5035520195961,0.33900800347328186,4.124576091766357,0.03996792435646057,0,0,0,0,0.0,1.231872022151947
260831,a,16,5.723135948181152,4.5312320291996,0.35388800501823425,4.1387519389390945,0.03859208524227142,0,0,0,0,0.0,1.1919039189815521
260831,a,17,5.709824085235596,4.489088088274002,0.3450560048222542,4.107263997197151,0.03676808625459671,0,0,0,0,0.0,1.2207359969615936
260831,a,18,5.697279930114746,4.511711984872818,0.35737600922584534,4.11340805888176,0.04092791676521301,0,0,0,0,0.0,1.185567945241928
260831,a,19,5.685023784637451,4.485440105199814,0.3307520002126694,4.118528038263321,0.03616006672382355,0,0,0,0,0.0,1.1995836794376373
260831,a,20,5.690368175506592,4.48937600851059,0.33267200738191605,4.118207901716232,0.038496099412441254,0,0,0,0,0.0,1.2009921669960022
260831,a,21,5.679103851318359,4.4822079837322235,0.3341119959950447,4.111328080296516,0.036767907440662384,0,0,0,0,0.0,1.1968958675861359
260831,a,22,5.706751823425293,4.5118400156497955,0.3317760080099106,4.1185280829668045,0.061535924673080444,0,0,0,0,0.0,1.1949118077754974
260831,a,23,5.675392150878906,4.480671942234039,0.3323199972510338,4.110336020588875,0.03801592439413071,0,0,0,0,0.0,1.194720208644867
260831,a,24,5.694464206695557,4.495200008153915,0.33929600566625595,4.116480067372322,0.03942393511533737,0,0,0,0,0.0,1.1992641985416412
260831,a,25,5.683040142059326,4.487231999635696,0.33430399745702744,4.113696053624153,0.03923194855451584,0,0,0,0,0.0,1.1958081424236298
260831,a,26,5.708799839019775,4.49142399430275,0.3376000002026558,4.115103930234909,0.038720063865184784,0,0,0,0,0.0,1.2173758447170258
260831,a,27,5.702784061431885,4.492416054010391,0.339199997484684,4.112384051084518,0.04083200544118881,0,0,0,0,0.0,1.2103680074214935
260831,a,28,5.703680038452148,4.492480039596558,0.33689600974321365,4.116480082273483,0.03910394757986069,0,0,0,0,0.0,1.2111999988555908
260831,a,29,5.708992004394531,4.509312063455582,0.33500799536705017,4.135935977101326,0.038368090987205505,0,0,0,0,0.0,1.1996799409389496
260831,a,30,5.696703910827637,4.486175984144211,0.3338880017399788,4.115456059575081,0.036831922829151154,0,0,0,0,0.0,1.210527926683426
260831,a,31,5.695231914520264,4.500160127878189,0.349215991795063,4.112384036183357,0.03856009989976883,0,0,0,0,0.0,1.1950717866420746
260831,a,32,5.681151866912842,4.484000116586685,0.3331200033426285,4.112384036183357,0.03849607706069946,0,0,0,0,0.0,1.1971517503261566
260831,a,33,5.794816017150879,4.528128057718277,0.3587839975953102,4.128735974431038,0.040608085691928864,0,0,0,0,0.0,1.266687959432602
260831,a,34,5.772287845611572,4.523104041814804,0.35443199425935745,4.127071917057037,0.04160013049840927,0,0,0,0,0.0,1.2491838037967682
260831,a,35,5.759871959686279,4.508511871099472,0.3461120054125786,4.121407940983772,0.040991924703121185,0,0,0,0,0.0,1.2513600885868073
260831,a,36,5.783552169799805,4.52985605597496,0.3566720113158226,4.132127955555916,0.04105608910322189,0,0,0,0,0.0,1.2536961138248444
260831,a,37,5.784575939178467,4.5352961122989655,0.35654399544000626,4.136671990156174,0.04208012670278549,0,0,0,0,0.0,1.2492798268795013
260831,a,38,5.77126407623291,4.530335903167725,0.35839999467134476,4.129791930317879,0.04214397817850113,0,0,0,0,0.0,1.2409281730651855
260831,a,39,5.747712135314941,4.501696020364761,0.3392320051789284,4.120576098561287,0.04188791662454605,0,0,0,0,0.0,1.24601611495018
260831,a,40,5.705728054046631,4.493312031030655,0.33660800755023956,4.117504060268402,0.039199963212013245,0,0,0,0,0.0,1.212416023015976
260831,a,41,5.706528186798096,4.498144060373306,0.3420160040259361,4.116447880864143,0.039680175483226776,0,0,0,0,0.0,1.2083841264247894
260831,a,42,5.707520008087158,4.494336038827896,0.3388800024986267,4.115456059575081,0.03999997675418854,0,0,0,0,0.0,1.213183969259262
260831,a,43,5.698527812957764,4.494336038827896,0.3410239964723587,4.11443205177784,0.038879990577697754,0,0,0,0,0.0,1.2041917741298676
260831,a,44,5.6985602378845215,4.492159992456436,0.337056003510952,4.116480067372322,0.03862392157316208,0,0,0,0,0.0,1.2064002454280853
260831,a,45,5.707776069641113,4.495040029287338,0.3386560007929802,4.118335917592049,0.03804811090230942,0,0,0,0,0.0,1.212736040353775
260831,a,46,5.682176113128662,4.485119968652725,0.33616000413894653,4.109567895531654,0.03939206898212433,0,0,0,0,0.0,1.197056144475937
260831,a,47,5.701632022857666,4.492288023233414,0.33689600974321365,4.115456059575081,0.03993595391511917,0,0,0,0,0.0,1.2093439996242523
260831,a,48,5.69536018371582,4.489247977733612,0.33689599484205246,4.115456074476242,0.036895908415317535,0,0,0,0,0.0,1.2061122059822083
260831,a,49,5.6869120597839355,4.490240007638931,0.3351359963417053,4.115423992276192,0.03968001902103424,0,0,0,0,0.0,1.1966720521450043
260831,a,50,5.679103851318359,4.48649588227272,0.33801599591970444,4.10905596613884,0.03942392021417618,0,0,0,0,0.0,1.192607969045639
260831,a,51,5.692160129547119,4.488351970911026,0.33398399502038956,4.115168064832687,0.039199911057949066,0,0,0,0,0.0,1.2038081586360931
260831,a,52,5.676032066345215,4.481023907661438,0.3339200019836426,4.107264012098312,0.03983989357948303,0,0,0,0,0.0,1.1950081586837769
260831,a,53,5.678080081939697,4.4839679300785065,0.3328000009059906,4.1096000373363495,0.04156789183616638,0,0,0,0,0.0,1.1941121518611908
260831,a,54,5.6893439292907715,4.484991937875748,0.3329920023679733,4.111520051956177,0.040479883551597595,0,0,0,0,0.0,1.2043519914150238
260831,a,55,5.702911853790283,4.492288023233414,0.3347200006246567,4.118720069527626,0.03884795308113098,0,0,0,0,0.0,1.2106238305568695
260831,a,56,5.696512222290039,4.497408002614975,0.3380480036139488,4.1205760687589645,0.038783930242061615,0,0,0,0,0.0,1.199104219675064
260831,a,57,5.692319869995117,4.492415934801102,0.3370879963040352,4.118528053164482,0.03679988533258438,0,0,0,0,0.0,1.1999039351940155
260831,a,58,5.693056106567383,4.494336038827896,0.3341120034456253,4.121600106358528,0.038623929023742676,0,0,0,0,0.0,1.1987200677394867
260831,a,59,5.702655792236328,4.491968005895615,0.3328000009059906,4.122624114155769,0.036543890833854675,0,0,0,0,0.0,1.2106877863407135
260831,a,60,5.686272144317627,4.488191992044449,0.3337920010089874,4.115456059575081,0.038943931460380554,0,0,0,0,0.0,1.198080152273178
260831,a,61,5.68614387512207,4.488959938287735,0.33398399502038956,4.115744084119797,0.039231859147548676,0,0,0,0,0.0,1.1971839368343353
260831,a,62,5.6675519943237305,4.481376081705093,0.33075200766324997,4.112384036183357,0.038240037858486176,0,0,0,0,0.0,1.186175912618637
260831,a,63,5.6750078201293945,4.485119968652725,0.3310079947113991,4.116480067372322,0.03763190656900406,0,0,0,0,0.0,1.1898878514766693
260831,a,64,5.677055835723877,4.484768092632294,0.32972800731658936,4.117504060268402,0.037536025047302246,0,0,0,0,0.0,1.1922877430915833
260831,a,65,5.663680076599121,4.47705602645874,0.3298880085349083,4.108288004994392,0.038880012929439545,0,0,0,0,0.0,1.1866240501403809
260831,a,66,5.66860818862915,4.4802559316158295,0.32870400696992874,4.113600060343742,0.037951864302158356,0,0,0,0,0.0,1.188352257013321
260831,a,67,5.676032066345215,4.48102393746376,0.3317760080099106,4.11443205177784,0.03481587767601013,0,0,0,0,0.0,1.1950081288814545
260831,a,68,5.667840003967285,4.478719919919968,0.32972800731658936,4.1134080439805984,0.035583868622779846,0,0,0,0,0.0,1.1891200840473175
260831,a,69,5.656576156616211,4.4725761115550995,0.32659199833869934,4.110336020588875,0.03564809262752533,0,0,0,0,0.0,1.1840000450611115
260831,a,70,5.673984050750732,4.482047945261002,0.3318080008029938,4.111584022641182,0.03865592181682587,0,0,0,0,0.0,1.1919361054897308
260831,a,71,5.681951999664307,4.482047945261002,0.33164799958467484,4.11443205177784,0.03596789389848709,0,0,0,0,0.0,1.199904054403305
260831,a,72,5.661664009094238,4.475904136896133,0.3277120068669319,4.113183900713921,0.035008229315280914,0,0,0,0,0.0,1.1857598721981049
260831,a,73,5.669888019561768,4.480064004659653,0.3288640007376671,4.113408014178276,0.037791989743709564,0,0,0,0,0.0,1.1898240149021149
260831,a,74,5.660672187805176,4.4769279062747955,0.3256320059299469,4.113408014178276,0.03788788616657257,0,0,0,0,0.0,1.1837442815303802
260831,a,75,5.675104141235352,4.483071953058243,0.33164799958467484,4.1134080439805984,0.03801590949296951,0,0,0,0,0.0,1.1920321881771088
260831,a,76,5.664639949798584,4.477568060159683,0.32838400453329086,4.113408014178276,0.0357760414481163,0,0,0,0,0.0,1.1870718896389008
260831,a,77,5.679872035980225,4.486143976449966,0.3310080021619797,4.11443205177784,0.040703922510147095,0,0,0,0,0.0,1.1937280595302582
260831,a,78,5.663680076599121,4.479167878627777,0.32969599962234497,4.1120960265398026,0.03737585246562958,0,0,0,0,0.0,1.184512197971344
260831,a,79,5.662015914916992,4.475904136896133,0.32867200672626495,4.113183900713921,0.034048229455947876,0,0,0,0,0.0,1.1861117780208588
260831,a,80,5.671584129333496,4.478207916021347,0.33081600069999695,4.108288019895554,0.03910389542579651,0,0,0,0,0.0,1.193376213312149
260831,a,81,5.675680160522461,4.48009592294693,0.3288320004940033,4.118400052189827,0.03286387026309967,0,0,0,0,0.0,1.195584237575531
260831,a,82,5.666624069213867,4.47283211350441,0.3286080062389374,4.108031943440437,0.036192163825035095,0,0,0,0,0.0,1.1937919557094574
260831,a,83,5.669888019561768,4.481215924024582,0.32713600248098373,4.115456074476242,0.03862384706735611,0,0,0,0,0.0,1.1886720955371857
260831,a,84,5.691199779510498,4.494080036878586,0.3399680033326149,4.117600008845329,0.03651202470064163,0,0,0,0,0.0,1.1971197426319122
260831,a,85,5.688416004180908,4.486335963010788,0.3317760080099106,4.115231916308403,0.039328038692474365,0,0,0,0,0.0,1.2020800411701202
260831,a,86,5.7139201164245605,4.503775984048843,0.32972800731658936,4.135935977101326,0.03811199963092804,0,0,0,0,0.0,1.2101441323757172
260831,a,87,5.68012809753418,4.4912640154361725,0.3298880010843277,4.125375926494598,0.0360000878572464,0,0,0,0,0.0,1.1888640820980072
260831,a,88,5.694464206695557,4.486431926488876,0.3330560028553009,4.115456059575081,0.03791986405849457,0,0,0,0,0.0,1.2080322802066803
260831,a,89,5.6985602378845215,4.492287874221802,0.33849599212408066,4.114432021975517,0.03935986012220383,0,0,0,0,0.0,1.2062723636627197
260831,a,90,5.685247898101807,4.476448088884354,0.3288640007376671,4.107263997197151,0.04032009094953537,0,0,0,0,0.0,1.208799809217453
260831,a,91,5.685247898101807,4.484095960855484,0.33292799443006516,4.114432021975517,0.03673594444990158,0,0,0,0,0.0,1.2011519372463226
260831,a,92,5.663871765136719,4.478239923715591,0.3304000049829483,4.111360043287277,0.036479875445365906,0,0,0,0,0.0,1.1856318414211273
260831,a,93,5.657599925994873,4.477056115865707,0.3266559988260269,4.110336035490036,0.04006408154964447,0,0,0,0,0.0,1.1805438101291656
260831,a,94,5.726880073547363,4.485215991735458,0.33055999875068665,4.115744039416313,0.03891195356845856,0,0,0,0,0.0,1.241664081811905
260831,a,95,5.690368175506592,4.483391910791397,0.33481600135564804,4.112384051084518,0.03619185835123062,0,0,0,0,0.0,1.2069762647151947
260831,a,96,5.744639873504639,4.502528101205826,0.32972800731658936,4.112352088093758,0.06044800579547882,0,0,0,0,0.0,1.2421117722988129
260831,a,97,5.66374397277832,4.477152019739151,0.3280639946460724,4.1134080439805984,0.035679981112480164,0,0,0,0,0.0,1.1865919530391693
260831,a,98,5.685247898101807,4.500703901052475,0.32972800731658936,4.131743922829628,0.03923197090625763,0,0,0,0,0.0,1.1845439970493317
260831,a,99,5.681119918823242,4.48921599984169,0.3301439955830574,4.120479986071587,0.03859201818704605,0,0,0,0,0.0,1.1919039189815521
260831,a,100,5.691391944885254,4.50355190038681,0.33075200766324997,4.137984022498131,0.034815870225429535,0,0,0,0,0.0,1.1878400444984436
260831,a,101,5.683040142059326,4.493312031030655,0.32870400696992874,4.127743884921074,0.03686413913965225,0,0,0,0,0.0,1.1897281110286713
260831,a,102,5.692416191101074,4.503552109003067,0.3542400076985359,4.111360043287277,0.037952058017253876,0,0,0,0,0.0,1.1888640820980072
260831,a,103,5.715968132019043,4.523071974515915,0.3639039993286133,4.12089604139328,0.038271933794021606,0,0,0,0,0.0,1.192896157503128
260831,a,104,5.666816234588623,4.482047885656357,0.3277120068669319,4.1164480894804,0.03788778930902481,0,0,0,0,0.0,1.1847683489322662
260831,a,105,5.656576156616211,4.475104004144669,0.3271999955177307,4.109311982989311,0.03859202563762665,0,0,0,0,0.0,1.1814721524715424
260831,a,106,5.678080081939697,4.483295947313309,0.33484799414873123,4.111360028386116,0.037087924778461456,0,0,0,0,0.0,1.1947841346263885
260831,a,107,5.6630401611328125,4.475040107965469,0.32889600098133087,4.109312012791634,0.03683209419250488,0,0,0,0,0.0,1.1880000531673431
260831,a,108,5.669888019561768,4.476863890886307,0.3288320079445839,4.1100481152534485,0.037983767688274384,0,0,0,0,0.0,1.1930241286754608
260831,a,109,5.700607776641846,4.482431948184967,0.33052799850702286,4.112384006381035,0.03951994329690933,0,0,0,0,0.0,1.2181758284568787
260831,a,110,5.690112113952637,4.50371190905571,0.33078400790691376,4.1154560297727585,0.0574718713760376,0,0,0,0,0.0,1.1864002048969269
260831,a,111,5.738495826721191,4.4776319563388824,0.32979200035333633,4.109312012791634,0.038527943193912506,0,0,0,0,0.0,1.260863870382309
260831,a,112,5.689248085021973,4.480447918176651,0.3276800066232681,4.11452804505825,0.038239866495132446,0,0,0,0,0.0,1.2088001668453217
260831,a,113,5.692416191101074,4.502687901258469,0.35020799189805984,4.115264132618904,0.03721577674150467,0,0,0,0,0.0,1.1897282898426056
260831,a,114,5.6750078201293945,4.479103922843933,0.32870400696992874,4.11443205177784,0.0359678640961647,0,0,0,0,0.0,1.1959038972854614
260831,a,115,5.695744037628174,4.504576116800308,0.33190400153398514,4.136959984898567,0.03571213036775589,0,0,0,0,0.0,1.1911679208278656
260831,a,116,5.681151866912842,4.488128036260605,0.3338240012526512,4.118400022387505,0.035904012620449066,0,0,0,0,0.0,1.193023830652237
260831,a,117,5.670559883117676,4.484095960855484,0.33103999495506287,4.114752039313316,0.0383039265871048,0,0,0,0,0.0,1.1864639222621918
260831,a,118,5.680992126464844,4.487167984247208,0.3285760059952736,4.120608076453209,0.03798390179872513,0,0,0,0,0.0,1.193824142217636
260831,a,119,5.717311859130859,4.491200119256973,0.333856001496315,4.119552090764046,0.03779202699661255,0,0,0,0,0.0,1.226111739873886
260831,a,120,5.701632022857666,4.508671909570694,0.3566400036215782,4.117376029491425,0.03465587645769119,0,0,0,0,0.0,1.192960113286972
260831,a,121,5.667840003967285,4.481664091348648,0.33110399544239044,4.112319886684418,0.038240209221839905,0,0,0,0,0.0,1.186175912618637
260831,a,122,5.675807952880859,4.483135908842087,0.3308799937367439,4.114624053239822,0.03763186186552048,0,0,0,0,0.0,1.1926720440387726
260831,a,123,5.676000118255615,4.481696039438248,0.33219200372695923,4.111135914921761,0.03836812078952789,0,0,0,0,0.0,1.1943040788173676
260831,a,124,5.697535991668701,4.478432089090347,0.3304000049829483,4.110336035490036,0.037696048617362976,0,0,0,0,0.0,1.2191039025783539
260831,a,125,5.6596479415893555,4.476928144693375,0.3274880051612854,4.109311982989311,0.040128156542778015,0,0,0,0,0.0,1.1827197968959808
260831,a,126,5.690368175506592,4.506624132394791,0.3298880085349083,4.139007970690727,0.03772815316915512,0,0,0,0,0.0,1.1837440431118011
260831,a,127,5.668863773345947,4.473856121301651,0.32863999903202057,4.10828809440136,0.036928027868270874,0,0,0,0,0.0,1.1950076520442963
260831,a,128,5.678080081939697,4.485119968652725,0.33484800159931183,4.113408014178276,0.03686395287513733,0,0,0,0,0.0,1.192960113286972
260831,a,129,5.676224231719971,4.482623904943466,0.3290880024433136,4.11340805888176,0.040127843618392944,0,0,0,0,0.0,1.1936003267765045
260831,a,130,5.662720203399658,4.475904136896133,0.3291200026869774,4.10963200032711,0.037152133882045746,0,0,0,0,0.0,1.1868160665035248
260831,a,131,5.672959804534912,4.482015937566757,0.32972800731658936,4.11539189517498,0.03689603507518768,0,0,0,0,0.0,1.190943866968155
260831,a,132,5.682943820953369,4.486143976449966,0.3307520002126694,4.118880078196526,0.036511898040771484,0,0,0,0,0.0,1.1967998445034027
260831,a,133,5.662015914916992,4.477696090936661,0.3301120027899742,4.110207989811897,0.037376098334789276,0,0,0,0,0.0,1.1843198239803314
260831,a,134,5.670815944671631,4.480607897043228,0.32972800731658936,4.112384036183357,0.038495853543281555,0,0,0,0,0.0,1.1902080476284027
260831,a,135,5.6717119216918945,4.482047945261002,0.3331199958920479,4.111359998583794,0.037567950785160065,0,0,0,0,0.0,1.189663976430893
260831,a,136,5.661695957183838,4.477599889039993,0.32678400725126266,4.1134080439805984,0.03740783780813217,0,0,0,0,0.0,1.1840960681438446
260831,a,137,5.666816234588623,4.479999929666519,0.329024001955986,4.112384006381035,0.03859192132949829,0,0,0,0,0.0,1.1868163049221039
260831,a,138,5.676671981811523,4.482784003019333,0.3299520015716553,4.112704023718834,0.04012797772884369,0,0,0,0,0.0,1.1938879787921906
260831,a,139,5.672671794891357,4.48102393746376,0.3299200013279915,4.116192027926445,0.03491190820932388,0,0,0,0,0.0,1.191647857427597
260831,a,140,5.6748480796813965,4.48102393746376,0.32838400453329086,4.115168020129204,0.03747191280126572,0,0,0,0,0.0,1.193824142217636
260831,a,141,5.706751823425293,4.482655912637711,0.33052800595760345,4.1144320368766785,0.03769586980342865,0,0,0,0,0.0,1.2240959107875824
260831,a,142,5.686272144317627,4.47695991396904,0.3314880058169365,4.108223885297775,0.037248022854328156,0,0,0,0,0.0,1.209312230348587
260831,a,143,5.661695957183838,4.475903898477554,0.32867199927568436,4.111360028386116,0.03587187081575394,0,0,0,0,0.0,1.1857920587062836
260831,a,144,5.694528102874756,4.501600056886673,0.3540479987859726,4.112031891942024,0.03552016615867615,0,0,0,0,0.0,1.1929280459880829
260831,a,145,5.7109761238098145,4.500735908746719,0.3288000077009201,4.134911969304085,0.03702393174171448,0,0,0,0,0.0,1.210240215063095
260831,a,146,5.726208209991455,4.537343889474869,0.3585919961333275,4.141056030988693,0.03769586235284805,0,0,0,0,0.0,1.1888643205165863
260831,a,147,5.662623882293701,4.476352125406265,0.32598400115966797,4.111360013484955,0.039008110761642456,0,0,0,0,0.0,1.186271756887436
260831,a,148,5.664768218994141,4.479807943105698,0.32633599638938904,4.112480044364929,0.040991902351379395,0,0,0,0,0.0,1.184960275888443
260831,a,149,5.691103935241699,4.505760103464127,0.3523840084671974,4.114560052752495,0.03881604224443436,0,0,0,0,0.0,1.1853438317775726
260831,a,150,5.687295913696289,4.500480115413666,0.3274240046739578,4.108992055058479,0.06406405568122864,0,0,0,0,0.0,1.1868157982826233
260831,a,151,5.682464122772217,4.498432070016861,0.3269760012626648,4.134911969304085,0.03654409945011139,0,0,0,0,0.0,1.1840320527553558
260831,a,152,5.674975872039795,4.481151908636093,0.3307520002126694,4.11340805888176,0.036991849541664124,0,0,0,0,0.0,1.1938239634037018
260831,a,153,5.702655792236328,4.4864000380039215,0.3293440043926239,4.119584038853645,0.03747199475765228,0,0,0,0,0.0,1.2162557542324066
260831,a,154,5.693439960479736,4.4759681224823,0.32972800731658936,4.109280064702034,0.03696005046367645,0,0,0,0,0.0,1.2174718379974365
260831,a,155,5.679103851318359,4.481759935617447,0.33075200766324997,4.114432066679001,0.036575861275196075,0,0,0,0,0.0,1.1973439157009125
260831,a,156,5.687295913696289,4.487167924642563,0.32889600098133087,4.112384006381035,0.045887917280197144,0,0,0,0,0.0,1.2001279890537262
260831,a,157,5.67091178894043,4.486143976449966,0.33395199477672577,4.115456059575081,0.03673592209815979,0,0,0,0,0.0,1.1847678124904633
260831,a,158,5.685247898101807,4.496671915054321,0.32870400696992874,4.129888027906418,0.0380798801779747,0,0,0,0,0.0,1.1885759830474854
260831,a,159,5.676032066345215,4.479999929666519,0.3298880010843277,4.114144012331963,0.03596791625022888,0,0,0,0,0.0,1.1960321366786957
260831,a,160,5.664768218994141,4.4812799990177155,0.32953600585460663,4.116320088505745,0.03542390465736389,0,0,0,0,0.0,1.1834882199764252
260831,a,161,5.695487976074219,4.500480026006699,0.3532799929380417,4.109120070934296,0.03807996213436127,0,0,0,0,0.0,1.1950079500675201
260831,a,162,5.69001579284668,4.501504093408585,0.3277120068669319,4.1376001089811325,0.03619197756052017,0,0,0,0,0.0,1.188511699438095
260831,a,163,5.689216136932373,4.501599937677383,0.35020800679922104,4.11443205177784,0.03695987910032272,0,0,0,0,0.0,1.1876161992549896
260831,a,164,5.707776069641113,4.508736044168472,0.3553919941186905,4.11443205177784,0.03891199827194214,0,0,0,0,0.0,1.199040025472641
260831,a,165,5.690464019775391,4.503552109003067,0.330655999481678,4.137983962893486,0.034912146627902985,0,0,0,0,0.0,1.1869119107723236
260831,a,166,5.68012809753418,4.478943914175034,0.32972799986600876,4.11212794482708,0.03708796948194504,0,0,0,0,0.0,1.2011841833591461
260831,a,167,5.666816234588623,4.477951914072037,0.32972799986600876,4.112384006381035,0.035839907824993134,0,0,0,0,0.0,1.1888643205165863
260831,a,168,5.65664005279541,4.4757440984249115,0.3269120007753372,4.111456021666527,0.037376075983047485,0,0,0,0,0.0,1.1808959543704987
260831,a,169,5.6842241287231445,4.478431910276413,0.32972800731658936,4.109312012791634,0.03939189016819,0,0,0,0,0.0,1.2057922184467316
260831,a,170,5.707935810089111,4.483071953058243,0.32972800731658936,4.115423962473869,0.03791998326778412,0,0,0,0,0.0,1.2248638570308685
260831,a,171,5.69052791595459,4.4772800505161285,0.33177600055933,4.111200049519539,0.034304000437259674,0,0,0,0,0.0,1.2132478654384613
260831,a,172,5.7282562255859375,4.522784024477005,0.3279680013656616,4.139328017830849,0.05548800528049469,0,0,0,0,0.0,1.2054722011089325
260831,a,173,5.688640117645264,4.506624102592468,0.3284800052642822,4.121599987149239,0.05654411017894745,0,0,0,0,0.0,1.1820160150527954
260831,a,174,5.667136192321777,4.479839891195297,0.3307520002126694,4.114432021975517,0.034655869007110596,0,0,0,0,0.0,1.18729630112648
260831,a,175,5.673984050750732,4.479200035333633,0.3319360017776489,4.111295968294144,0.03596806526184082,0,0,0,0,0.0,1.194784015417099
260831,a,176,5.660287857055664,4.476063907146454,0.3295680060982704,4.1104960441589355,0.035999856889247894,0,0,0,0,0.0,1.1842239499092102
260831,a,177,5.671199798583984,4.476992040872574,0.3277759999036789,4.111360028386116,0.03785601258277893,0,0,0,0,0.0,1.1942077577114105
260831,a,178,5.697535991668701,4.508703947067261,0.3553920090198517,4.113408014178276,0.039903923869132996,0,0,0,0,0.0,1.1888320446014404
260831,a,179,5.701632022857666,4.483071953058243,0.32972800731658936,4.116223976016045,0.037119969725608826,0,0,0,0,0.0,1.2185600697994232
260831,a,180,5.683199882507324,4.499616086483002,0.3545280024409294,4.10726398229599,0.037824101746082306,0,0,0,0,0.0,1.1835837960243225
260831,a,181,5.670112133026123,4.484095901250839,0.3303679972887039,4.118528053164482,0.0351998507976532,0,0,0,0,0.0,1.1860162317752838
260831,a,182,5.672287940979004,4.481887936592102,0.3320640027523041,4.112031921744347,0.037792012095451355,0,0,0,0,0.0,1.1904000043869019
260831,a,183,5.658463954925537,4.477248102426529,0.32979200035333633,4.110239937901497,0.03721616417169571,0,0,0,0,0.0,1.1812158524990082
260831,a,184,5.661695957183838,4.479999929666519,0.33104000240564346,4.112064078450203,0.03689584881067276,0,0,0,0,0.0,1.1816960275173187
260831,a,185,5.668863773345947,4.48102393746376,0.33084800094366074,4.111231967806816,0.03894396871328354,0,0,0,0,0.0,1.187839835882187
260831,a,186,5.666816234588623,4.482047945261002,0.3303999975323677,4.114592030644417,0.03705591708421707,0,0,0,0,0.0,1.1847682893276215
260831,a,187,5.7190399169921875,4.506624132394791,0.3288320004940033,4.142079994082451,0.03571213781833649,0,0,0,0,0.0,1.2124157845973969
260831,a,188,5.697535991668701,4.477023899555206,0.32793599367141724,4.112031891942024,0.03705601394176483,0,0,0,0,0.0,1.2205120921134949
260831,a,189,5.692575931549072,4.486144095659256,0.34111999720335007,4.109183952212334,0.035840146243572235,0,0,0,0,0.0,1.2064318358898163
260831,a,190,5.6605119705200195,4.477279990911484,0.32787200063467026,4.111168012022972,0.0382399782538414,0,0,0,0,0.0,1.1832319796085358
260831,a,191,5.657695770263672,4.470847994089127,0.3280639946460724,4.108288004994392,0.034495994448661804,0,0,0,0,0.0,1.1868477761745453
260831,a,192,5.707712173461914,4.506624132394791,0.35420800000429153,4.11443205177784,0.037984080612659454,0,0,0,0,0.0,1.2010880410671234
260831,a,193,5.800928115844727,4.616095930337906,0.32895999401807785,4.250624060630798,0.036511875689029694,0,0,0,0,0.0,1.1848321855068207
260831,a,194,5.663392066955566,4.481887936592102,0.33103999495506287,4.112640053033829,0.03820788860321045,0,0,0,0,0.0,1.1815041303634644
260831,a,195,5.709504127502441,4.502943903207779,0.35366400331258774,4.11443205177784,0.03484784811735153,0,0,0,0,0.0,1.2065602242946625
260831,a,196,5.707104206085205,4.508671909570694,0.32870400696992874,4.141983941197395,0.037983961403369904,0,0,0,0,0.0,1.198432296514511
260831,a,197,5.693439960479736,4.508096009492874,0.3574400097131729,4.112384036183357,0.038271963596343994,0,0,0,0,0.0,1.1853439509868622
260831,a,198,5.669760227203369,4.477791875600815,0.32870400696992874,4.112319901585579,0.03676796704530716,0,0,0,0,0.0,1.1919683516025543
260831,a,199,5.675871849060059,4.479999870061874,0.3298240005970001,4.113408014178276,0.036767855286598206,0,0,0,0,0.0,1.1958719789981842
260831,b,0,6.166528224945068,4.492064028978348,0.3328320011496544,4.1185280829668045,0.040703944861888885,0,0,0,0,0.0,1.6744641959667206
260831,b,1,6.126399993896484,4.481759935617447,0.3293760046362877,4.1134080439805984,0.03897588700056076,0,0,0,0,0.0,1.6446400582790375
260831,b,2,6.138751983642578,4.486016064882278,0.3307520002126694,4.117471888661385,0.03779217600822449,0,0,0,0,0.0,1.6527359187602997
260831,b,3,6.122432231903076,4.479999929666519,0.32947200536727905,4.111456111073494,0.039071813225746155,0,0,0,0,0.0,1.642432302236557
260831,b,4,6.129792213439941,4.49375993013382,0.33772800862789154,4.1184961050748825,0.03753581643104553,0,0,0,0,0.0,1.6360322833061218
260831,b,5,6.1327362060546875,4.4870719611644745,0.3317760080099106,4.115488097071648,0.03980785608291626,0,0,0,0,0.0,1.645664244890213
260831,b,6,6.138944149017334,4.489183932542801,0.33187200129032135,4.118528053164482,0.038783878087997437,0,0,0,0,0.0,1.649760216474533
260831,b,7,6.135807991027832,4.483936011791229,0.33049600571393967,4.1154560297727585,0.0379839763045311,0,0,0,0,0.0,1.6518719792366028
260831,b,8,6.112959861755371,4.482047945261002,0.32972799986600876,4.114975914359093,0.037344031035900116,0,0,0,0,0.0,1.6309119164943695
260831,b,9,6.12659215927124,4.490527987480164,0.3309440016746521,4.118528097867966,0.041055887937545776,0,0,0,0,0.0,1.6360641717910767
260831,b,10,6.13375997543335,4.489984005689621,0.33689599484205246,4.115584090352058,0.0375039204955101,0,0,0,0,0.0,1.6437759697437286
260831,b,11,6.131711959838867,4.484095960855484,0.3298880010843277,4.11443205177784,0.03977590799331665,0,0,0,0,0.0,1.6476159989833832
260831,b,12,6.129280090332031,4.484095960855484,0.3309440016746521,4.114432066679001,0.038719892501831055,0,0,0,0,0.0,1.6451841294765472
260831,b,13,6.137663841247559,4.488255947828293,0.3317760080099106,4.117504075169563,0.03897586464881897,0,0,0,0,0.0,1.6494078934192657
260831,b,14,6.124927997589111,4.486463934183121,0.3318080008029938,4.116480067372322,0.03817586600780487,0,0,0,0,0.0,1.6384640634059906
260831,b,15,6.124544143676758,4.486399978399277,0.3317760080099106,4.116480082273483,0.038143888115882874,0,0,0,0,0.0,1.638144165277481
260831,b,16,6.139743804931641,4.492384105920792,0.33664000779390335,4.1175679713487625,0.03817612677812576,0,0,0,0,0.0,1.647359699010849
260831,b,17,6.129663944244385,4.482976108789444,0.33161600679159164,4.11340805888176,0.03795204311609268,0,0,0,0,0.0,1.6466878354549408
260831,b,18,6.1184000968933105,4.481088072061539,0.33075200766324997,4.112287953495979,0.03804811090230942,0,0,0,0,0.0,1.6373120248317719
260831,b,19,6.13478422164917,4.488191992044449,0.33241599798202515,4.118784084916115,0.0369919091463089,0,0,0,0,0.0,1.646592229604721
260831,b,20,6.13043212890625,4.486143976449966,0.33107200264930725,4.1164481192827225,0.03862385451793671,0,0,0,0,0.0,1.6442881524562836
260831,b,21,6.127615928649902,4.487904101610184,0.331712007522583,4.118336021900177,0.037856072187423706,0,0,0,0,0.0,1.6397118270397186
260831,b,22,6.122496128082275,4.48921599984169,0.3338240012526512,4.114527881145477,0.040864117443561554,0,0,0,0,0.0,1.6332801282405853
260831,b,23,6.129663944244385,4.488191992044449,0.3317760080099106,4.117632046341896,0.03878393769264221,0,0,0,0,0.0,1.641471952199936
260831,b,24,6.1327362060546875,4.487903982400894,0.3311360031366348,4.116736069321632,0.04003190994262695,0,0,0,0,0.0,1.6448322236537933
260831,b,25,6.133600234985352,4.48895999789238,0.3301120027899742,4.118912100791931,0.039935894310474396,0,0,0,0,0.0,1.6446402370929718
260831,b,26,6.12556791305542,4.483807921409607,0.3298560008406639,4.113088086247444,0.04086383432149887,0,0,0,0,0.0,1.641759991645813
260831,b,27,6.132383823394775,4.4865279495716095,0.32972800731658936,4.11875207722187,0.03804786503314972,0,0,0,0,0.0,1.645855873823166
260831,b,28,6.128640174865723,4.48323193192482,0.3328000083565712,4.112607911229134,0.03782401233911514,0,0,0,0,0.0,1.6454082429409027
260831,b,29,6.12556791305542,4.483071953058243,0.3317760080099106,4.113408029079437,0.03788791596889496,0,0,0,0,0.0,1.6424959599971771
260831,b,30,6.129663944244385,4.486015945672989,0.3306880071759224,4.116480067372322,0.038847871124744415,0,0,0,0,0.0,1.6436479985713959
260831,b,31,6.13478422164917,4.488512009382248,0.3338239938020706,4.116576060652733,0.03811195492744446,0,0,0,0,0.0,1.646272212266922
260831,b,32,6.115327835083008,4.4811519384384155,0.3317760080099106,4.1136641055345535,0.035711824893951416,0,0,0,0,0.0,1.6341758966445923
260831,b,33,6.1378560066223145,4.491968125104904,0.3351679965853691,4.118879958987236,0.03792016953229904,0,0,0,0,0.0,1.6458878815174103
260831,b,34,6.13372802734375,4.486784130334854,0.33187200129032135,4.116480067372322,0.03843206167221069,0,0,0,0,0.0,1.6469438970088959
260831,b,35,6.1247358322143555,4.486527889966965,0.3296640068292618,4.116704061627388,0.04015982151031494,0,0,0,0,0.0,1.6382079422473907
260831,b,36,6.1254401206970215,4.484095960855484,0.3317760080099106,4.115424081683159,0.03689587116241455,0,0,0,0,0.0,1.6413441598415375
260831,b,37,6.132800102233887,4.486143976449966,0.3328000009059906,4.115744039416313,0.03759993612766266,0,0,0,0,0.0,1.6466561257839203
260831,b,38,6.116352081298828,4.482143938541412,0.33110400289297104,4.112448006868362,0.03859192878007889,0,0,0,0,0.0,1.6342081427574158
260831,b,39,6.123199939727783,4.48892804980278,0.3338240012526512,4.114560067653656,0.04054398089647293,0,0,0,0,0.0,1.634271889925003
260831,b,40,6.1354241371154785,4.48809614777565,0.33343999832868576,4.116415932774544,0.0382402166724205,0,0,0,0,0.0,1.6473279893398285
260831,b,41,6.122367858886719,4.483584076166153,0.3304000049829483,4.115328028798103,0.03785604238510132,0,0,0,0,0.0,1.6387837827205658
260831,b,42,6.128640174865723,4.486143976449966,0.33161600679159164,4.115519925951958,0.039008043706417084,0,0,0,0,0.0,1.6424961984157562
260831,b,43,6.12556791305542,4.481855928897858,0.3317760080099106,4.111584007740021,0.03849591314792633,0,0,0,0,0.0,1.6437119841575623
260831,b,44,6.133920192718506,4.490335911512375,0.33212800323963165,4.119327947497368,0.038879960775375366,0,0,0,0,0.0,1.643584281206131
260831,b,45,6.1184000968933105,4.485791921615601,0.3330880030989647,4.115456059575081,0.03724785894155502,0,0,0,0,0.0,1.63260817527771
260831,b,46,6.139904022216797,4.484255939722061,0.3306880071759224,4.113439917564392,0.040128014981746674,0,0,0,0,0.0,1.6556480824947357
260831,b,47,6.136064052581787,4.483391910791397,0.3324800059199333,4.113280013203621,0.037631891667842865,0,0,0,0,0.0,1.65267214179039
260831,b,48,6.180863857269287,4.5076800882816315,0.33084800839424133,4.138911888003349,0.03792019188404083,0,0,0,0,0.0,1.6731837689876556
260831,b,49,6.126463890075684,4.483775943517685,0.33187200129032135,4.1134080439805984,0.03849589824676514,0,0,0,0,0.0,1.6426879465579987
260831,b,50,6.1427202224731445,4.493695974349976,0.3328000083565712,4.124672099947929,0.036223866045475006,0,0,0,0,0.0,1.649024248123169
260831,b,51,6.134943962097168,4.488479971885681,0.33104000240564346,4.11916808784008,0.03827188163995743,0,0,0,0,0.0,1.6464639902114868
260831,b,52,6.179872035980225,4.503903925418854,0.35145600140094757,4.114752039313316,0.037695884704589844,0,0,0,0,0.0,1.6759681105613708
260831,b,53,6.132991790771484,4.487551987171173,0.33404800295829773,4.114368095993996,0.0391358882188797,0,0,0,0,0.0,1.6454398036003113
260831,b,54,6.1262078285217285,4.482079893350601,0.3312319964170456,4.111616104841232,0.0392317920923233,0,0,0,0,0.0,1.6441279351711273
260831,b,55,6.1184000968933105,4.487167984247208,0.3317760080099106,4.116032004356384,0.03935997188091278,0,0,0,0,0.0,1.631232112646103
260831,b,56,6.14793586730957,4.487167984247208,0.3335680067539215,4.11443205177784,0.03916792571544647,0,0,0,0,0.0,1.6607678830623627
260831,b,57,6.162559986114502,4.489312022924423,0.3343360051512718,4.117536008358002,0.03744000941514969,0,0,0,0,0.0,1.6732479631900787
260831,b,58,6.167263984680176,4.487167984247208,0.3314560055732727,4.117504075169563,0.03820790350437164,0,0,0,0,0.0,1.6800960004329681
260831,b,59,6.156000137329102,4.51161590218544,0.3584959954023361,4.112640082836151,0.04047982394695282,0,0,0,0,0.0,1.6443842351436615
260831,b,60,6.115263938903809,4.478687912225723,0.33078400790691376,4.112384036183357,0.03551986813545227,0,0,0,0,0.0,1.6365760266780853
260831,b,61,6.154592037200928,4.511648088693619,0.3338240012526512,4.140703931450844,0.03712015599012375,0,0,0,0,0.0,1.642943948507309
260831,b,62,6.140895843505859,4.490111976861954,0.3328000009059906,4.1185280829668045,0.03878389298915863,0,0,0,0,0.0,1.6507838666439056
260831,b,63,6.174560070037842,4.500448048114777,0.3431039974093437,4.117664024233818,0.03968002647161484,0,0,0,0,0.0,1.6741120219230652
260831,b,64,6.137728214263916,4.485151916742325,0.33075200766324997,4.1145278960466385,0.03987201303243637,0,0,0,0,0.0,1.6525762975215912
260831,b,65,6.1378560066223145,4.484735935926437,0.3309120014309883,4.116415902972221,0.03740803152322769,0,0,0,0,0.0,1.653120070695877
260831,b,66,6.139904022216797,4.488191992044449,0.33219199627637863,4.118176087737083,0.037823908030986786,0,0,0,0,0.0,1.651712030172348
260831,b,67,6.151167869567871,4.484000116586685,0.3328000009059906,4.1112000644207,0.04000005125999451,0,0,0,0,0.0,1.667167752981186
260831,b,68,6.131392002105713,4.4845119416713715,0.3331199958920479,4.113599970936775,0.03779197484254837,0,0,0,0,0.0,1.6468800604343414
260831,b,69,6.12659215927124,4.483071953058243,0.3328000009059906,4.112544029951096,0.037727922201156616,0,0,0,0,0.0,1.6435202062129974
260831,b,70,6.1378560066223145,4.485119968652725,0.3317760080099106,4.113536074757576,0.03980788588523865,0,0,0,0,0.0,1.6527360379695892
260831,b,71,6.127711772918701,4.489407956600189,0.33187200129032135,4.1174399852752686,0.040095970034599304,0,0,0,0,0.0,1.638303816318512
260831,b,72,6.139039993286133,4.493472039699554,0.3367680087685585,4.11772795021534,0.03897608071565628,0,0,0,0,0.0,1.6455679535865784
260831,b,73,6.130688190460205,4.493183970451355,0.33404799550771713,4.120640069246292,0.038495905697345734,0,0,0,0,0.0,1.63750422000885
260831,b,74,6.11737585067749,4.482047945261002,0.3326079994440079,4.111775919795036,0.0376640260219574,0,0,0,0,0.0,1.6353279054164886
260831,b,75,6.159359931945801,4.48524796962738,0.33420799672603607,4.112384051084518,0.03865592181682587,0,0,0,0,0.0,1.6741119623184204
260831,b,76,6.132607936859131,4.486143916845322,0.3328000083565712,4.117504045367241,0.03583986312150955,0,0,0,0,0.0,1.6464640200138092
260831,b,77,6.18390417098999,4.533407896757126,0.3563840016722679,4.136960074305534,0.04006382077932358,0,0,0,0,0.0,1.6504962742328644
260831,b,78,6.131648063659668,4.495391994714737,0.3306560069322586,4.127551957964897,0.03718402981758118,0,0,0,0,0.0,1.636256068944931
260831,b,79,6.154240131378174,4.510431945323944,0.331712007522583,4.114432066679001,0.06428787112236023,0,0,0,0,0.0,1.6438081860542297
260831,b,80,6.131680011749268,4.4902399480342865,0.3317760080099106,4.11648003757,0.04198390245437622,0,0,0,0,0.0,1.641440063714981
260831,b,81,6.1184000968933105,4.484863966703415,0.33075200766324997,4.116479888558388,0.03763207048177719,0,0,0,0,0.0,1.6335361301898956
260831,b,82,6.148096084594727,4.484351962804794,0.3328000009059906,4.116768077015877,0.03478388488292694,0,0,0,0,0.0,1.6637441217899323
260831,b,83,6.1479997634887695,4.486976057291031,0.3346560075879097,4.112735942006111,0.03958410769701004,0,0,0,0,0.0,1.6610237061977386
260831,b,84,6.137951850891113,4.49331197142601,0.33820799738168716,4.116608038544655,0.03849593549966812,0,0,0,0,0.0,1.6446398794651031
260831,b,85,6.145984172821045,4.503680109977722,0.3328000009059906,4.134047955274582,0.03683215379714966,0,0,0,0,0.0,1.6423040628433228
260831,b,86,6.150144100189209,4.507648140192032,0.33075200766324997,4.135935992002487,0.04096014052629471,0,0,0,0,0.0,1.6424959599971771
260831,b,87,6.151167869567871,4.48214390873909,0.3317760080099106,4.111616104841232,0.03875179588794708,0,0,0,0,0.0,1.6690239608287811
260831,b,88,6.156288146972656,4.508863925933838,0.3563520088791847,4.114752009510994,0.03775990754365921,0,0,0,0,0.0,1.6474242210388184
260831,b,89,6.129663944244385,4.482367932796478,0.3325760066509247,4.113792061805725,0.03599986433982849,0,0,0,0,0.0,1.6472960114479065
260831,b,90,6.12883186340332,4.486367970705032,0.3311360031366348,4.117856055498123,0.03737591207027435,0,0,0,0,0.0,1.642463892698288
260831,b,91,6.1490559577941895,4.510399967432022,0.3543680012226105,4.119552090764046,0.036479875445365906,0,0,0,0,0.0,1.6386559903621674
260831,b,92,6.124192237854004,4.484095960855484,0.3327680081129074,4.11443205177784,0.03689590096473694,0,0,0,0,0.0,1.64009627699852
260831,b,93,6.150144100189209,4.513503938913345,0.3590399995446205,4.116480052471161,0.037983886897563934,0,0,0,0,0.0,1.6366401612758636
260831,b,94,6.122528076171875,4.484095960855484,0.33398399502038956,4.114112094044685,0.03599987179040909,0,0,0,0,0.0,1.638432115316391
260831,b,95,6.166272163391113,4.497280091047287,0.3328000083565712,4.128096014261246,0.03638406842947006,0,0,0,0,0.0,1.6689920723438263
260831,b,96,6.184671878814697,4.509695917367935,0.3481279984116554,4.121728107333183,0.039839811623096466,0,0,0,0,0.0,1.674975961446762
260831,b,97,6.146944046020508,4.488832086324692,0.33484800159931183,4.116863965988159,0.037120118737220764,0,0,0,0,0.0,1.658111959695816
260831,b,98,6.159359931945801,4.495360046625137,0.33081600069999695,4.124799892306328,0.03974415361881256,0,0,0,0,0.0,1.6639998853206635
260831,b,99,6.149119853973389,4.509120017290115,0.3564160019159317,4.114655926823616,0.03804808855056763,0,0,0,0,0.0,1.6399998366832733
260831,b,100,6.145279884338379,4.4857920706272125,0.3309120014309883,4.11340805888176,0.04147201031446457,0,0,0,0,0.0,1.6594878137111664
260831,b,101,6.13375997543335,4.48921599984169,0.3320000022649765,4.116863951086998,0.040352046489715576,0,0,0,0,0.0,1.6445439755916595
260831,b,102,6.130688190460205,4.481343895196915,0.33190400153398514,4.111360028386116,0.03807986527681351,0,0,0,0,0.0,1.6493442952632904
260831,b,103,6.132863998413086,4.486528098583221,0.33177600055933,4.114656060934067,0.040096037089824677,0,0,0,0,0.0,1.6463358998298645
260831,b,104,6.120768070220947,4.485183984041214,0.3327360078692436,4.115680068731308,0.036767907440662384,0,0,0,0,0.0,1.6355840861797333
260831,b,105,6.170623779296875,4.498432070016861,0.34166400134563446,4.118784084916115,0.037983983755111694,0,0,0,0,0.0,1.672191709280014
260831,b,106,6.181568145751953,4.506464093923569,0.34623999893665314,4.121600076556206,0.03862401843070984,0,0,0,0,0.0,1.6751040518283844
260831,b,107,6.155488014221191,4.499360054731369,0.34304000437259674,4.115967884659767,0.04035216569900513,0,0,0,0,0.0,1.6561279594898224
260831,b,108,6.194176197052002,4.514432042837143,0.34518399834632874,4.128767892718315,0.040480151772499084,0,0,0,0,0.0,1.679744154214859
260831,b,109,6.209536075592041,4.5114239156246185,0.34303999692201614,4.129376068711281,0.039007849991321564,0,0,0,0,0.0,1.6981121599674225
260831,b,110,6.29145622253418,4.533568054437637,0.3604480102658272,4.133952096104622,0.03916794806718826,0,0,0,0,0.0,1.7578881680965424
260831,b,111,6.308159828186035,4.515871971845627,0.3481599986553192,4.128767892718315,0.03894408047199249,0,0,0,0,0.0,1.7922878563404083
260831,b,112,6.204031944274902,4.508511900901794,0.3463039994239807,4.119808077812195,0.042399823665618896,0,0,0,0,0.0,1.695520043373108
260831,b,113,6.199456214904785,4.512735992670059,0.34697600454092026,4.127904057502747,0.037855930626392365,0,0,0,0,0.0,1.686720222234726
260831,b,114,6.147776126861572,4.489119917154312,0.33481599390506744,4.117407962679863,0.036895960569381714,0,0,0,0,0.0,1.6586562097072601
260831,b,115,6.142784118652344,4.491167902946472,0.3337920010089874,4.116735875606537,0.040640026330947876,0,0,0,0,0.0,1.6516162157058716
260831,b,116,6.149439811706543,4.500095993280411,0.33395200222730637,4.126143977046013,0.04000001400709152,0,0,0,0,0.0,1.6493438184261322
260831,b,117,6.144000053405762,4.495744049549103,0.33977600187063217,4.117728099226952,0.03823994845151901,0,0,0,0,0.0,1.648256003856659
260831,b,118,6.144000053405762,4.48921599984169,0.33484800159931183,4.116480067372322,0.03788793087005615,0,0,0,0,0.0,1.6547840535640717
260831,b,119,6.128352165222168,4.485215961933136,0.3317440077662468,4.114528089761734,0.03894386440515518,0,0,0,0,0.0,1.643136203289032
260831,b,120,6.124544143676758,4.480319947004318,0.3317760080099106,4.111520007252693,0.03702393174171448,0,0,0,0,0.0,1.6442241966724396
260831,b,121,6.1367998123168945,4.487136095762253,0.3338239938020706,4.114752069115639,0.03856003284454346,0,0,0,0,0.0,1.6496637165546417
260831,b,122,6.139904022216797,4.491072088479996,0.3328000009059906,4.1208959221839905,0.03737616539001465,0,0,0,0,0.0,1.6488319337368011
260831,b,123,6.154240131378174,4.510719925165176,0.3564160093665123,4.116672053933144,0.03763186186552048,0,0,0,0,0.0,1.6435202062129974
260831,b,124,6.18393611907959,4.515679955482483,0.3593920022249222,4.117504075169563,0.038783878087997437,0,0,0,0,0.0,1.668256163597107
260831,b,125,6.213280200958252,4.504576116800308,0.3522239997982979,4.11340805888176,0.0389440581202507,0,0,0,0,0.0,1.7087040841579437
260831,b,126,6.138944149017334,4.494336038827896,0.32998400181531906,4.125695899128914,0.03865613788366318,0,0,0,0,0.0,1.6446081101894379
260831,b,127,6.143136024475098,4.5048960745334625,0.33398400247097015,4.132127895951271,0.038784176111221313,0,0,0,0,0.0,1.6382399499416351
260831,b,128,6.1624321937561035,4.4884480237960815,0.3338239938020706,4.116480067372322,0.03814396262168884,0,0,0,0,0.0,1.673984169960022
260831,b,129,6.133024215698242,4.484127968549728,0.33180800825357437,4.11545592546463,0.036864034831523895,0,0,0,0,0.0,1.6488962471485138
260831,b,130,6.136832237243652,4.491327941417694,0.33404799550771713,4.119232103228569,0.03804784268140793,0,0,0,0,0.0,1.6455042958259583
260831,b,131,6.1426239013671875,4.493760019540787,0.3320320025086403,4.123648032546043,0.03807998448610306,0,0,0,0,0.0,1.6488638818264008
260831,b,132,6.161344051361084,4.487167984247208,0.33075200766324997,4.1134080439805984,0.04300793260335922,0,0,0,0,0.0,1.6741760671138763
260831,b,133,6.140927791595459,4.487327963113785,0.3319360017776489,4.118271991610527,0.037119969725608826,0,0,0,0,0.0,1.6535998284816742
260831,b,134,6.132991790771484,4.487264066934586,0.33484800159931183,4.1153919249773026,0.03702414035797119,0,0,0,0,0.0,1.6457277238368988
260831,b,135,6.145887851715088,4.508511900901794,0.33075200766324997,4.138111993670464,0.0396478995680809,0,0,0,0,0.0,1.6373759508132935
260831,b,136,6.115327835083008,4.478975921869278,0.3300800025463104,4.110559895634651,0.038336023688316345,0,0,0,0,0.0,1.6363519132137299
260831,b,137,6.163455963134766,4.494175970554352,0.3362559974193573,4.117504060268402,0.04041591286659241,0,0,0,0,0.0,1.6692799925804138
260831,b,138,6.120287895202637,4.487295985221863,0.33504000306129456,4.112704038619995,0.03955194354057312,0,0,0,0,0.0,1.632991909980774
260831,b,139,6.165503978729248,4.523167937994003,0.3677759990096092,4.112799987196922,0.04259195178747177,0,0,0,0,0.0,1.6423360407352448
260831,b,140,6.127615928649902,4.485439956188202,0.33510399609804153,4.113408014178276,0.03692794591188431,0,0,0,0,0.0,1.6421759724617004
260831,b,141,6.192383766174316,4.512864023447037,0.3543039932847023,4.121439889073372,0.037120141088962555,0,0,0,0,0.0,1.6795197427272797
260831,b,142,6.133471965789795,4.488256007432938,0.33209599554538727,4.1175040900707245,0.03865592181682587,0,0,0,0,0.0,1.6452159583568573
260831,b,143,6.141823768615723,4.49494406580925,0.3362240046262741,4.119551941752434,0.03916811943054199,0,0,0,0,0.0,1.6468797028064728
260831,b,144,6.139743804931641,4.4892799854278564,0.33216000348329544,4.116735965013504,0.040384016931056976,0,0,0,0,0.0,1.6504638195037842
260831,b,145,6.120128154754639,4.48102393746376,0.33084800094366074,4.111360028386116,0.03881590813398361,0,0,0,0,0.0,1.6391042172908783
260831,b,146,6.113376140594482,4.481823951005936,0.3287680074572563,4.11443205177784,0.03862389177083969,0,0,0,0,0.0,1.6315521895885468
260831,b,147,6.139647960662842,4.507872015237808,0.33110400289297104,4.1382080763578415,0.0385599359869957,0,0,0,0,0.0,1.6317759454250336
260831,b,148,6.173664093017578,4.535487920045853,0.3803200051188469,4.117311969399452,0.03785594552755356,0,0,0,0,0.0,1.6381761729717255
260831,b,149,6.12556791305542,4.485119968652725,0.33216000348329544,4.114496052265167,0.03846391290426254,0,0,0,0,0.0,1.6404479444026947
260831,b,150,6.124512195587158,4.48540797829628,0.3331199958920479,4.114623978734016,0.03766400367021561,0,0,0,0,0.0,1.6391042172908783
260831,b,151,6.133887767791748,4.4869760274887085,0.33158400654792786,4.116480052471161,0.03891196846961975,0,0,0,0,0.0,1.6469117403030396
260831,b,152,6.150144100189209,4.490016013383865,0.33369600772857666,4.120480015873909,0.0358399897813797,0,0,0,0,0.0,1.6601280868053436
260831,b,153,6.2259202003479,4.533184081315994,0.35020799189805984,4.144128039479256,0.03884804993867874,0,0,0,0,0.0,1.6927361190319061
260831,b,154,6.143904209136963,4.488895982503891,0.3338240012526512,4.11443205177784,0.040639929473400116,0,0,0,0,0.0,1.655008226633072
260831,b,155,6.183072090148926,4.511904001235962,0.3554239943623543,4.117119997739792,0.039360009133815765,0,0,0,0,0.0,1.6711680889129639
260831,b,156,6.171648025512695,4.500095874071121,0.34118399769067764,4.1205760687589645,0.038335807621479034,0,0,0,0,0.0,1.671552151441574
260831,b,157,6.177055835723877,4.490143924951553,0.3328639939427376,4.119552060961723,0.03772787004709244,0,0,0,0,0.0,1.6869119107723236
260831,b,158,6.152192115783691,4.502559989690781,0.3478720039129257,4.116800040006638,0.037887945771217346,0,0,0,0,0.0,1.6496321260929108
260831,b,159,6.172671794891357,4.518911927938461,0.3357120007276535,4.142176017165184,0.04102391004562378,0,0,0,0,0.0,1.6537598669528961
260831,b,160,6.130688190460205,4.485631972551346,0.3338240012526512,4.115839913487434,0.03596805781126022,0,0,0,0,0.0,1.6450562179088593
260831,b,161,6.1378560066223145,4.486143976449966,0.3328000009059906,4.116480067372322,0.03686390817165375,0,0,0,0,0.0,1.651712030172348
260831,b,162,6.154176235198975,4.493471950292587,0.3337920010089874,4.122624054551125,0.03705589473247528,0,0,0,0,0.0,1.6607042849063873
260831,b,163,6.144000053405762,4.495263934135437,0.33075200766324997,4.122336104512215,0.04217582195997238,0,0,0,0,0.0,1.6487361192703247
260831,b,164,6.160543918609619,4.4912640154361725,0.3338240012526512,4.118559971451759,0.03888004273176193,0,0,0,0,0.0,1.6692799031734467
260831,b,165,6.122496128082275,4.484800010919571,0.3304320052266121,4.11340805888176,0.04095994681119919,0,0,0,0,0.0,1.6376961171627045
260831,b,166,6.122496128082275,4.486271947622299,0.33187200129032135,4.117248013615608,0.03715193271636963,0,0,0,0,0.0,1.6362241804599762
260831,b,167,6.168704032897949,4.530240148305893,0.3543040007352829,4.13839989900589,0.037536248564720154,0,0,0,0,0.0,1.6384638845920563
260831,b,168,6.144000053405762,4.490176111459732,0.3328000009059906,4.118528097867966,0.03884801268577576,0,0,0,0,0.0,1.6538239419460297
260831,b,169,6.126399993896484,4.491200000047684,0.33587199449539185,4.117504075169563,0.03782393038272858,0,0,0,0,0.0,1.6351999938488007
260831,b,170,6.142335891723633,4.49087992310524,0.3328640013933182,4.117792084813118,0.04022383689880371,0,0,0,0,0.0,1.651455968618393
260831,b,171,6.184959888458252,4.517887979745865,0.35968000441789627,4.119839981198311,0.038367994129657745,0,0,0,0,0.0,1.667071908712387
260831,b,172,6.1945600509643555,4.5016961097717285,0.3328000009059906,4.1328639686107635,0.036032140254974365,0,0,0,0,0.0,1.692863941192627
260831,b,173,6.147359848022461,4.498240023851395,0.33164800703525543,4.126943945884705,0.03964807093143463,0,0,0,0,0.0,1.6491198241710663
260831,b,174,6.161471843719482,4.504511922597885,0.33664000034332275,4.128767892718315,0.03910402953624725,0,0,0,0,0.0,1.6569599211215973
260831,b,175,6.128511905670166,4.487167984247208,0.3337920010089874,4.116736069321632,0.03663991391658783,0,0,0,0,0.0,1.6413439214229584
260831,b,176,6.17574405670166,4.493312031030655,0.3356480076909065,4.1205760687589645,0.037087954580783844,0,0,0,0,0.0,1.6824320256710052
260831,b,177,6.152383804321289,4.495392143726349,0.33587200194597244,4.121823891997337,0.03769624978303909,0,0,0,0,0.0,1.6569916605949402
260831,b,178,6.177984237670898,4.517791897058487,0.3378560021519661,4.120576098561287,0.05935979634523392,0,0,0,0,0.0,1.6601923406124115
260831,b,179,6.160031795501709,4.502463936805725,0.33792001008987427,4.1254400461912155,0.039103880524635315,0,0,0,0,0.0,1.6575678586959839
260831,b,180,6.149856090545654,4.491488039493561,0.33587199449539185,4.115648001432419,0.03996804356575012,0,0,0,0,0.0,1.6583680510520935
260831,b,181,6.179840087890625,4.498432070016861,0.33715200424194336,4.120640084147453,0.040639981627464294,0,0,0,0,0.0,1.681408017873764
260831,b,182,6.180863857269287,4.5219840705394745,0.33667200058698654,4.120608106255531,0.06470396369695663,0,0,0,0,0.0,1.6588797867298126
260831,b,183,6.152192115783691,4.49740806221962,0.3389440104365349,4.118848040699959,0.03961601108312607,0,0,0,0,0.0,1.6547840535640717
260831,b,184,6.138879776000977,4.492160111665726,0.334976002573967,4.117791905999184,0.03939220309257507,0,0,0,0,0.0,1.6467196643352509
260831,b,185,6.1675519943237305,4.50956791639328,0.33587200194597244,4.135935977101326,0.0377599373459816,0,0,0,0,0.0,1.6579840779304504
260831,b,186,6.1829118728637695,4.496255964040756,0.33481600135564804,4.120671972632408,0.04076799005270004,0,0,0,0,0.0,1.6866559088230133
260831,b,187,6.141952037811279,4.493407994508743,0.33686400204896927,4.117504045367241,0.03903994709253311,0,0,0,0,0.0,1.648544043302536
260831,b,188,6.20579195022583,4.511487990617752,0.35046400874853134,4.117504075169563,0.04351990669965744,0,0,0,0,0.0,1.694303959608078
260831,b,189,6.177760124206543,4.491680026054382,0.3367040082812309,4.114719927310944,0.040256090462207794,0,0,0,0,0.0,1.6860800981521606
260831,b,190,6.189248085021973,4.49251201748848,0.3378239944577217,4.116480067372322,0.03820795565843582,0,0,0,0,0.0,1.696736067533493
260831,b,191,6.195199966430664,4.527104049921036,0.33696001023054123,4.149248078465462,0.040895961225032806,0,0,0,0,0.0,1.6680959165096283
260831,b,192,6.149184226989746,4.498623996973038,0.33792000263929367,4.121823951601982,0.03888004273176193,0,0,0,0,0.0,1.6505602300167084
260831,b,193,6.1532158851623535,4.493312031030655,0.33689600974321365,4.1185280829668045,0.03788793832063675,0,0,0,0,0.0,1.6599038541316986
260831,b,194,6.157472133636475,4.492768079042435,0.3345920071005821,4.118048071861267,0.04012800008058548,0,0,0,0,0.0,1.66470405459404
260831,b,195,6.160416126251221,4.489504009485245,0.33667200058698654,4.113728016614914,0.03910399228334427,0,0,0,0,0.0,1.670912116765976
260831,b,196,6.168704032897949,4.5158399641513824,0.33792000263929367,4.139007985591888,0.03891197592020035,0,0,0,0,0.0,1.6528640687465668
260831,b,197,6.192831993103027,4.508671909570694,0.34563200175762177,4.123648107051849,0.03939180076122284,0,0,0,0,0.0,1.6841600835323334
260831,b,198,6.153024196624756,4.490399986505508,0.3389440029859543,4.113471940159798,0.03798404335975647,0,0,0,0,0.0,1.6626242101192474
260831,b,199,6.198304176330566,4.544512003660202,0.3563520014286041,4.147200062870979,0.04095993936061859,0,0,0,0,0.0,1.6537921726703644
260831,c,0,13.058048248291016,10.517951965332031,0.6616320013999939,9.772703886032104,0.08361607789993286,5.082559943199158,1.5115199834108353,0.22032000124454498,0.7417280040681362,2.6089919544756413,2.5400962829589844
260831,c,1,13.04793643951416,10.510111808776855,0.654336005449295,9.772576093673706,0.08319970965385437,5.044063925743103,1.466048002243042,0.21772799640893936,0.736127994954586,2.6241599321365356,2.5378246307373047
260831,c,2,12.945568084716797,10.436927795410156,0.6551360189914703,9.701311826705933,0.0804799497127533,5.026847958564758,1.4655360132455826,0.21350399777293205,0.7361600026488304,2.6116479448974133,2.5086402893066406
260831,c,3,12.926688194274902,10.434176206588745,0.6532480120658875,9.697408199310303,0.08351999521255493,5.03164803981781,1.4534399956464767,0.21104000136256218,0.7479679994285107,2.6192000433802605,2.4925119876861572
260831,c,4,12.910528182983398,10.376543998718262,0.6544960215687752,9.640959978103638,0.08108799904584885,4.976640045642853,1.447040006518364,0.24012800306081772,0.7400319948792458,2.5494400411844254,2.5339841842651367
260831,c,5,12.932479858398438,10.450783729553223,0.6522559821605682,9.717344284057617,0.08118346333503723,5.0554240345954895,1.51289601624012,0.21164800226688385,0.7456639893352985,2.585216026753187,2.481696128845215
260831,c,6,12.925024032592773,10.41487979888916,0.6519360020756721,9.680992126464844,0.08195167034864426,5.018144011497498,1.4708479940891266,0.21382400020956993,0.7381119951605797,2.5953600220382214,2.5101442337036133
260831,c,7,12.897279739379883,10.38483214378357,0.6737919896841049,9.628063917160034,0.08297623693943024,4.962303936481476,1.4347199946641922,0.211776003241539,0.7410879991948605,2.574719939380884,2.5124475955963135
260831,c,8,12.926848411560059,10.395999908447266,0.6550399959087372,9.65936017036438,0.08159974217414856,4.997855961322784,1.4420800060033798,0.21660800278186798,0.7398080080747604,2.599359944462776,2.530848503112793
260831,c,9,12.957695960998535,10.436543941497803,0.656031996011734,9.699424028396606,0.08108791708946228,5.035231947898865,1.475584015250206,0.21270400285720825,0.7574400007724762,2.5895039290189743,2.5211520195007324
260831,c,10,12.918496131896973,10.437952041625977,0.6530560031533241,9.703327894210815,0.081568144261837,5.036704003810883,1.4692800045013428,0.21171200275421143,0.7536959946155548,2.6020160019397736,2.480544090270996
260831,c,11,12.960672378540039,10.435968160629272,0.6556160002946854,9.699520349502563,0.08083181083202362,5.032095909118652,1.463935986161232,0.20928000286221504,0.7311039976775646,2.6277759224176407,2.5247042179107666
260831,c,12,12.909567832946777,10.431487798690796,0.6499519795179367,9.701216220855713,0.0803195983171463,5.03436803817749,1.4455040097236633,0.2115520015358925,0.7407039999961853,2.636608026921749,2.4780800342559814
260831,c,13,12.883968353271484,10.365760326385498,0.6561279892921448,9.626240253448486,0.08339208364486694,4.946655988693237,1.4450560212135315,0.2096320018172264,0.7344960011541843,2.557471964508295,2.5182080268859863
260831,c,14,12.871968269348145,10.396384000778198,0.6453120186924934,9.668031930923462,0.08304005116224289,5.005024015903473,1.4666560292243958,0.21190400049090385,0.738560002297163,2.5879039838910103,2.4755842685699463
260831,c,15,12.933152198791504,10.434015989303589,0.650272011756897,9.700640201568604,0.08310377597808838,5.014591991901398,1.4662080109119415,0.21059200167655945,0.7349759973585606,2.602815981954336,2.499136209487915
260831,c,16,12.914400100708008,10.418528079986572,0.6513280048966408,9.68508791923523,0.082112155854702,5.02131199836731,1.4560640007257462,0.21427200362086296,0.7319360002875328,2.6190399937331676,2.4958720207214355
260831,c,17,12.958880424499512,10.438975811004639,0.6544320061802864,9.702368259429932,0.08217554539442062,5.038304030895233,1.4871679991483688,0.21238400414586067,0.7362879998981953,2.6024640277028084,2.519904613494873
260831,c,18,12.881631851196289,10.385408163070679,0.6533120051026344,9.652127981185913,0.0799681767821312,4.991999983787537,1.4814080148935318,0.21331200003623962,0.7406400069594383,2.556639961898327,2.4962236881256104
260831,c,19,12.904159545898438,10.389855861663818,0.6520319804549217,9.659168004989624,0.07865587621927261,4.970400035381317,1.4437440186738968,0.21491199731826782,0.7342079989612103,2.5775360204279423,2.514303684234619
260831,c,20,12.935168266296387,10.441567659378052,0.6848960295319557,9.674559831619263,0.08211179822683334,5.007871985435486,1.466719999909401,0.21296000480651855,0.7424960024654865,2.58569597825408,2.493600606918335
260831,c,21,13.001567840576172,10.509727716445923,0.6750720143318176,9.722944021224976,0.11171168088912964,5.055424094200134,1.4872639924287796,0.21024000644683838,0.7636159919202328,2.5943041034042835,2.491840124130249
260831,c,22,12.905119895935059,10.389888048171997,0.6475200206041336,9.658559799194336,0.08380822837352753,4.980383992195129,1.4346879869699478,0.2179200015962124,0.7355519980192184,2.5922240056097507,2.5152318477630615
260831,c,23,12.979392051696777,10.478559732437134,0.6488639861345291,9.746976137161255,0.08271960914134979,5.063872039318085,1.4664959907531738,0.21065599843859673,0.7382720001041889,2.6484480500221252,2.5008323192596436
260831,c,24,13.018112182617188,10.480703830718994,0.647551991045475,9.750656127929688,0.08249571174383163,5.07151997089386,1.506176009774208,0.21993600204586983,0.7382400035858154,2.6071679554879665,2.5374083518981934
260831,c,25,12.955743789672852,10.463296175003052,0.6490240171551704,9.733504056930542,0.08076810091733932,5.04665595293045,1.4542399942874908,0.21187200397253036,0.7399679981172085,2.6405759565532207,2.4924476146698
260831,c,26,12.929023742675781,10.412000179290771,0.6498879939317703,9.677119731903076,0.08499245345592499,5.0012800097465515,1.459647998213768,0.21776000410318375,0.7563520036637783,2.5675200037658215,2.5170235633850098
260831,c,27,12.94438362121582,10.44761610031128,0.6532799750566483,9.712704181671143,0.08163194358348846,5.040351986885071,1.4676159918308258,0.2139200046658516,0.7693440020084381,2.5894719883799553,2.496767520904541
260831,c,28,12.921855926513672,10.416800260543823,0.6494080051779747,9.685120105743408,0.08227214962244034,5.012415945529938,1.462432011961937,0.2146880030632019,0.7452479898929596,2.5900479406118393,2.5050556659698486
260831,c,29,12.947296142578125,10.458719968795776,0.65327999740839,9.72492790222168,0.08051206916570663,5.0559680461883545,1.5032000094652176,0.21350400149822235,0.7435199990868568,2.5957440361380577,2.4885761737823486
260831,c,30,12.97100830078125,10.449695825576782,0.6533119902014732,9.713600158691406,0.08278367668390274,5.02758401632309,1.4654080122709274,0.2125440053641796,0.7437760047614574,2.605855993926525,2.5213124752044678
260831,c,31,12.941311836242676,10.429375886917114,0.6806399971246719,9.66646409034729,0.08227179944515228,4.99888002872467,1.446688026189804,0.2120639979839325,0.7418560013175011,2.5982720032334328,2.5119359493255615
260831,c,32,12.96076774597168,10.44211196899414,0.6540799960494041,9.696287870407104,0.09174410253763199,5.020895957946777,1.4271680265665054,0.20928000286221504,0.7718400023877621,2.612607926130295,2.518655776977539
260831,c,33,13.039615631103516,10.526431798934937,0.6501439884305,9.794272184371948,0.08201562613248825,5.120703995227814,1.4699839800596237,0.21907200291752815,0.7721599899232388,2.659488022327423,2.513183832168579
260831,c,34,12.94758415222168,10.456671953201294,0.6541439965367317,9.719808101654053,0.08271985501050949,5.047872066497803,1.5019200146198273,0.2144000045955181,0.7346560098230839,2.5968960374593735,2.4909121990203857
260831,c,35,12.97100830078125,10.437024116516113,0.6585600152611732,9.694783926010132,0.0836801752448082,5.022560000419617,1.4790080040693283,0.21171200275421143,0.7349439933896065,2.5968960002064705,2.5339841842651367
260831,c,36,12.95462417602539,10.449599742889404,0.6531839817762375,9.712448120117188,0.08396764099597931,5.036960005760193,1.4730240106582642,0.21676800400018692,0.7398400045931339,2.607327986508608,2.5050244331359863
260831,c,37,12.947168350219727,10.426719903945923,0.6553920060396194,9.686976194381714,0.08435170352458954,5.0140480399131775,1.4807359874248505,0.21273600310087204,0.7663999944925308,2.554176054894924,2.5204484462738037
260831,c,38,12.91750431060791,10.41327977180481,0.6553599908947945,9.677056074142456,0.08086370676755905,5.005344033241272,1.430911973118782,0.2184000015258789,0.7504000067710876,2.6056320518255234,2.5042245388031006
260831,c,39,12.931072235107422,10.418847799301147,0.6508160084486008,9.681920051574707,0.08611173927783966,4.991711914539337,1.4725119918584824,0.2151999995112419,0.7386879958212376,2.5653119273483753,2.5122244358062744
260831,c,40,12.963839530944824,10.44710397720337,0.6502400189638138,9.715104103088379,0.08175985515117645,5.038911938667297,1.4991360008716583,0.2170880027115345,0.7483200058341026,2.574367929250002,2.516735553741455
260831,c,41,13.145407676696777,10.523552179336548,0.6661440059542656,9.776224136352539,0.0811840370297432,5.064895927906036,1.4826879799365997,0.22553599998354912,0.7700160034000874,2.5866559445858,2.6218554973602295
260831,c,42,13.075776100158691,10.503455877304077,0.6690239906311035,9.75052809715271,0.08390378952026367,5.053312063217163,1.4741760045289993,0.22265600040555,0.7590400017797947,2.597440056502819,2.5723202228546143
260831,c,43,13.157376289367676,10.59228777885437,0.6923840045928955,9.817855834960938,0.08204793930053711,5.127647936344147,1.5056320130825043,0.21990400180220604,0.7879040017724037,2.6142079196870327,2.5650885105133057
260831,c,44,13.05622386932373,10.492063760757446,0.6763840019702911,9.730208158493042,0.08547160029411316,5.031711995601654,1.4695999771356583,0.2160320058465004,0.7617600001394749,2.5843200124800205,2.564160108566284
260831,c,45,13.01740837097168,10.4585280418396,0.6709440052509308,9.704896211624146,0.08268782496452332,5.021184027194977,1.4848960191011429,0.21340800449252129,0.7597439996898174,2.563136003911495,2.55888032913208
260831,c,46,13.064191818237305,10.501343727111816,0.6880640089511871,9.73088026046753,0.08239945769309998,5.043552041053772,1.4586239904165268,0.21510400250554085,0.7537280060350895,2.616096042096615,2.5628480911254883
260831,c,47,12.9967041015625,10.434815883636475,0.6868480145931244,9.666304111480713,0.08166375756263733,4.999967992305756,1.469856008887291,0.2141759991645813,0.7436800077557564,2.572255976498127,2.5618882179260254
260831,c,48,14.077024459838867,11.153088092803955,0.6760959774255753,10.389663696289062,0.08732841908931732,5.570624053478241,1.5849920213222504,0.2532160021364689,0.9120320044457912,2.8203840255737305,2.923936367034912
260831,c,49,13.467904090881348,10.786175966262817,0.7018239945173264,9.991711854934692,0.09264011681079865,5.237184047698975,1.5336640179157257,0.23932800441980362,0.818048007786274,2.6461440175771713,2.6817281246185303
260831,c,50,13.230112075805664,10.567872285842896,0.6828479915857315,9.799360036849976,0.08566425740718842,5.099776029586792,1.4717759937047958,0.22816000506281853,0.7804480083286762,2.6193920224905014,2.6622397899627686
260831,c,51,13.454208374023438,10.713600158691406,0.7028159946203232,9.925248146057129,0.08553601801395416,5.188800036907196,1.5107199847698212,0.22569600492715836,0.8129600062966347,2.639424040913582,2.7406082153320312
260831,c,52,13.27888011932373,10.605279922485352,0.6988479793071747,9.819039821624756,0.08739212155342102,5.109343945980072,1.4902720004320145,0.22368000075221062,0.8067840114235878,2.588607933372259,2.673600196838379
260831,c,53,13.208319664001465,10.542976140975952,0.6861439943313599,9.77292799949646,0.08390414714813232,5.044416010379791,1.4799679964780807,0.21926399692893028,0.7665920034050941,2.578592013567686,2.6653435230255127
260831,c,54,13.197312355041504,10.551071882247925,0.6833279877901077,9.782911777496338,0.08483211696147919,5.078912019729614,1.4804159998893738,0.22019200399518013,0.7829120010137558,2.5953920148313046,2.646240472793579
260831,c,55,13.232255935668945,10.574079751968384,0.6932480037212372,9.796480178833008,0.0843515694141388,5.093504011631012,1.471648022532463,0.21910399943590164,0.7875199988484383,2.615231990814209,2.6581761837005615
260831,c,56,13.214624404907227,10.607680082321167,0.6799360066652298,9.842591762542725,0.08515231311321259,5.065280020236969,1.464735984802246,0.23414400219917297,0.7755519933998585,2.5908480398356915,2.6069443225860596
260831,c,57,13.188863754272461,10.594175815582275,0.6913919895887375,9.819039821624756,0.08374400436878204,5.059967994689941,1.494688019156456,0.21644800528883934,0.770687997341156,2.57814397290349,2.5946879386901855
260831,c,58,13.005472183227539,10.46297574043274,0.6719360202550888,9.710815906524658,0.08022381365299225,4.9912959933280945,1.479968011379242,0.2149439975619316,0.7542080022394657,2.542175982147455,2.5424964427948
260831,c,59,13.029376029968262,10.472544431686401,0.7052160203456879,9.685823917388916,0.08150449395179749,4.997119963169098,1.443104013800621,0.2152319997549057,0.7507839985191822,2.587999951094389,2.5568315982818604
260831,c,60,13.016063690185547,10.48313593864441,0.668832004070282,9.730752229690552,0.08355170488357544,5.039263963699341,1.449280008673668,0.22009600326418877,0.7525440007448196,2.6173439510166645,2.5329277515411377
260831,c,61,12.97116756439209,10.434271812438965,0.6624960005283356,9.689471960067749,0.08230385184288025,5.007583975791931,1.4563519954681396,0.2202880010008812,0.7575040049850941,2.5734399743378162,2.536895751953125
260831,c,62,13.071359634399414,10.508448123931885,0.6637440025806427,9.76192021369934,0.08278390765190125,5.05129599571228,1.49891197681427,0.22031999751925468,0.7380799986422062,2.5939840227365494,2.5629115104675293
260831,c,63,12.936415672302246,10.424479961395264,0.6680960133671761,9.672800302505493,0.08358364552259445,4.986527979373932,1.4520640075206757,0.21769599989056587,0.7424959987401962,2.574271973222494,2.5119357109069824
260831,c,64,13.101951599121094,10.481792211532593,0.6707200184464455,9.729152202606201,0.08191999047994614,5.035840034484863,1.4420479834079742,0.21606400609016418,0.7543680034577847,2.62336004152894,2.620159387588501
260831,c,65,13.011072158813477,10.496864080429077,0.6645439863204956,9.74838399887085,0.08393609523773193,5.072672128677368,1.4654399901628494,0.21875200048089027,0.7785600051283836,2.609920132905245,2.5142080783843994
260831,c,66,13.005599975585938,10.467904090881348,0.6556799933314323,9.728832244873047,0.08339185267686844,5.043583989143372,1.4766719788312912,0.22444799914956093,0.7473280057311058,2.5951360054314137,2.53769588470459
260831,c,67,12.949503898620605,10.464991807937622,0.6889279782772064,9.694047927856445,0.08201590180397034,5.005248069763184,1.4468480050563812,0.2128320038318634,0.7399039939045906,2.6056640669703484,2.4845120906829834
260831,c,68,13.16966438293457,10.595840215682983,0.6958720088005066,9.816511869430542,0.08345633745193481,5.090016067028046,1.5115200132131577,0.21702400594949722,0.7496319971978664,2.6118400506675243,2.573824167251587
260831,c,69,13.036543846130371,10.508735656738281,0.6592640057206154,9.769503831863403,0.07996781915426254,5.0740479826927185,1.464256003499031,0.2723520025610924,0.7515200041234493,2.5859199725091457,2.52780818939209
260831,c,70,12.970208168029785,10.469279766082764,0.6520000174641609,9.735296249389648,0.08198349922895432,5.048415958881378,1.5038719773292542,0.21536000072956085,0.7379520013928413,2.591231979429722,2.5009284019470215
260831,c,71,12.980256080627441,10.458944082260132,0.6524159908294678,9.723648071289062,0.08288002014160156,5.028671979904175,1.4685119986534119,0.21561600267887115,0.7416959963738918,2.602847982198,2.5213119983673096
260831,c,72,12.94438362121582,10.433375835418701,0.6525119990110397,9.698943853378296,0.08191998302936554,5.02153605222702,1.4819200187921524,0.21807999908924103,0.7417919971048832,2.5797440372407436,2.511007785797119
260831,c,73,12.949503898620605,10.435327768325806,0.6536959782242775,9.696032047271729,0.08559974282979965,5.023391962051392,1.4537599831819534,0.2149440012872219,0.7690559960901737,2.5856319814920425,2.5141761302948
260831,c,74,12.997599601745605,10.502463817596436,0.660767987370491,9.75814414024353,0.08355168998241425,5.0702720284461975,1.52012799680233,0.22201600298285484,0.7503039985895157,2.577824030071497,2.49513578414917
260831,c,75,12.976960182189941,10.471424102783203,0.6546240076422691,9.735071897506714,0.08172819763422012,5.06006395816803,1.4911360144615173,0.22182400152087212,0.7454079985618591,2.601695943623781,2.5055360794067383
260831,c,76,12.956671714782715,10.452095746994019,0.6575359851121902,9.713951826095581,0.08060793578624725,5.037440061569214,1.450207993388176,0.21248000115156174,0.7439679950475693,2.630784071981907,2.5045759677886963
260831,c,77,12.986368179321289,10.506112098693848,0.685920000076294,9.73308801651001,0.08710408210754395,5.02374392747879,1.4583040177822113,0.2126080021262169,0.7722239978611469,2.580607909709215,2.4802560806274414
260831,c,78,12.965727806091309,10.427456140518188,0.650816023349762,9.695040225982666,0.0815998911857605,5.019967973232269,1.432096004486084,0.2114880047738552,0.7441600039601326,2.6322239600121975,2.53827166557312
260831,c,79,12.94438362121582,10.447935819625854,0.6492479965090752,9.717407941818237,0.08127988129854202,5.038080036640167,1.4985279887914658,0.2216320000588894,0.7415359951555729,2.576384052634239,2.496447801589966
260831,c,80,13.031583786010742,10.486560106277466,0.6546879932284355,9.748672008514404,0.08320010453462601,5.076159954071045,1.5243839770555496,0.218432005494833,0.7395199947059155,2.593823976814747,2.5450236797332764
260831,c,81,12.99788761138916,10.502591848373413,0.6579200178384781,9.760447978973389,0.08422385156154633,5.074303984642029,1.4971840381622314,0.2197120040655136,0.7469760030508041,2.6104319393634796,2.495295763015747
260831,c,82,12.976351737976074,10.454143762588501,0.6589759811758995,9.71343994140625,0.08172784000635147,5.039807975292206,1.4691519886255264,0.21379199996590614,0.7419520020484924,2.614911984652281,2.5222079753875732
260831,c,83,12.898303985595703,10.403872013092041,0.6584319919347763,9.663519859313965,0.08192016184329987,4.995487987995148,1.4613119959831238,0.2138880081474781,0.7488640025258064,2.5714239813387394,2.494431972503662
260831,c,84,12.959744453430176,10.442975759506226,0.6548800095915794,9.706432342529297,0.08166340738534927,5.039167940616608,1.4924159944057465,0.21491200104355812,0.7431039996445179,2.588735945522785,2.51676869392395
260831,c,85,12.947456359863281,10.434272289276123,0.6529279872775078,9.69923186302185,0.08211243897676468,5.009791970252991,1.4671679884195328,0.21651200205087662,0.7458560019731522,2.580255977809429,2.513184070587158
260831,c,86,12.929408073425293,10.423232078552246,0.6758720055222511,9.664191722869873,0.08316835016012192,4.983008086681366,1.4450240284204483,0.21452799811959267,0.7616960033774376,2.5617600567638874,2.506175994873047
260831,c,87,12.92585563659668,10.41545581817627,0.6553600057959557,9.678784132003784,0.0813116803765297,4.977152049541473,1.4631679952144623,0.2151999995112419,0.7391359992325306,2.5596480555832386,2.51039981842041
260831,c,88,12.942303657531738,10.422047853469849,0.6499200016260147,9.691391944885254,0.08073590695858002,5.018559992313385,1.4629440009593964,0.21436800062656403,0.7388799972832203,2.6023679934442043,2.5202558040618896
260831,c,89,13.006624221801758,10.45081615447998,0.6593599915504456,9.708384037017822,0.08307212591171265,5.029439985752106,1.4735359996557236,0.249184001237154,0.7689279913902283,2.537791993469,2.5558080673217773
260831,c,90,12.98739242553711,10.497184038162231,0.6552640050649643,9.756352186203003,0.08556784689426422,5.06902402639389,1.5377280116081238,0.21305600181221962,0.7373120002448559,2.580928012728691,2.490208387374878
260831,c,91,12.91756820678711,10.388544082641602,0.6553600057959557,9.64799976348877,0.08518431335687637,4.973024010658264,1.446720004081726,0.21369599923491478,0.7401599958539009,2.5724480114877224,2.529024124145508
260831,c,92,12.971839904785156,10.468607902526855,0.6592000052332878,9.727199792861938,0.08220810443162918,5.046175956726074,1.4608960002660751,0.21590400114655495,0.743648000061512,2.625727955251932,2.503232002258301
260831,c,93,13.006719589233398,10.496096134185791,0.6792000159621239,9.736160278320312,0.08073583990335464,5.033984005451202,1.4799679964780807,0.21462400257587433,0.7444479949772358,2.5949440114200115,2.5106234550476074
260831,c,94,12.997407913208008,10.50864028930664,0.6568639874458313,9.745567798614502,0.10620850324630737,5.070688009262085,1.4818560183048248,0.21340800449252129,0.7771520018577576,2.5982719846069813,2.488767623901367
260831,c,95,12.96895980834961,10.45792007446289,0.6748160049319267,9.69913625717163,0.08396781235933304,5.014112055301666,1.4492159932851791,0.2128640040755272,0.7435199990868568,2.608512058854103,2.5110397338867188
260831,c,96,12.961471557617188,10.473023891448975,0.654496006667614,9.736000061035156,0.08252782374620438,5.039744079113007,1.4458560049533844,0.22195200249552727,0.7449919953942299,2.626944076269865,2.488447666168213
260831,c,97,12.984319686889648,10.498720169067383,0.6785279884934425,9.732736349105835,0.08745583146810532,5.030016005039215,1.468736007809639,0.21987199783325195,0.7515840008854866,2.5898239985108376,2.4855995178222656
260831,c,98,12.977151870727539,10.450975894927979,0.6590400040149689,9.710560083389282,0.08137580752372742,5.03299206495285,1.447743996977806,0.21318400278687477,0.7676159925758839,2.6044480726122856,2.5261759757995605
260831,c,99,13.009247779846191,10.490816116333008,0.6635519936680794,9.745151996612549,0.08211212605237961,5.074271976947784,1.435359999537468,0.21542399376630783,0.7752960026264191,2.6481919810175896,2.5184316635131836
260831,c,100,13.023232460021973,10.484544277191162,0.663424015045166,9.740415811538696,0.0807044506072998,5.05651193857193,1.5085119903087616,0.22092800214886665,0.7506880052387714,2.5763839408755302,2.5386881828308105
260831,c,101,13.045791625976562,10.535455703735352,0.6558080092072487,9.797792196273804,0.08185549825429916,5.106943905353546,1.476928025484085,0.2385599985718727,0.7692479975521564,2.622207883745432,2.510335922241211
260831,c,102,12.95257568359375,10.40668773651123,0.6564479917287827,9.667295932769775,0.08294381201267242,4.99126398563385,1.446816012263298,0.2138880006968975,0.7393599934875965,2.591199979186058,2.5458879470825195
260831,c,103,12.955648422241211,10.433472156524658,0.6536959931254387,9.695807695388794,0.08396846801042557,5.02019202709198,1.4778880029916763,0.2170879952609539,0.7426239922642708,2.582592036575079,2.5221762657165527
260831,c,104,13.012991905212402,10.483487844467163,0.6585280224680901,9.740383863449097,0.08457595854997635,5.047999978065491,1.5200959742069244,0.21484800428152084,0.7481920011341572,2.5648639984428883,2.5295040607452393
260831,c,105,12.991328239440918,10.494080066680908,0.6563840061426163,9.753952026367188,0.08374403417110443,5.046208024024963,1.4749759882688522,0.220768004655838,0.7540800049901009,2.5963840261101723,2.4972481727600098
260831,c,106,13.023232460021973,10.5141761302948,0.6911999732255936,9.740063905715942,0.08291225135326385,5.027360022068024,1.4470719993114471,0.21190400049090385,0.7519360035657883,2.6164480186998844,2.509056329727173
260831,c,107,13.05190372467041,10.481375932693481,0.6577280089259148,9.740287780761719,0.08336014300584793,5.060992002487183,1.4462080001831055,0.2125440016388893,0.7677759900689125,2.6344640105962753,2.5705277919769287
260831,c,108,12.98198413848877,10.455199718475342,0.655519999563694,9.714463949203491,0.08521576970815659,5.036096036434174,1.455008015036583,0.21596800163388252,0.7431039996445179,2.62201602011919,2.5267844200134277
260831,c,109,12.947648048400879,10.436287879943848,0.656703993678093,9.693344116210938,0.0862397700548172,5.0114240646362305,1.4746240079402924,0.21379199996590614,0.7428160011768341,2.580192055553198,2.5113601684570312
260831,c,110,12.917728424072266,10.428384065628052,0.6543679758906364,9.69318413734436,0.08083195239305496,5.0002880692481995,1.4422400146722794,0.2162879966199398,0.753855999559164,2.5879040583968163,2.489344358444214
260831,c,111,12.93222427368164,10.429440021514893,0.6531200110912323,9.694463968276978,0.08185604214668274,5.0240960121154785,1.4551360309123993,0.21590400114655495,0.7437119968235493,2.609343983232975,2.502784252166748
260831,c,112,12.942336082458496,10.450111865997314,0.6496959999203682,9.718400001525879,0.08201586455106735,5.0586559772491455,1.4729280322790146,0.21382400393486023,0.7448959946632385,2.627007946372032,2.4922242164611816
260831,c,113,12.95792007446289,10.43932819366455,0.6544320061802864,9.703167915344238,0.08172827214002609,5.032447993755341,1.4758720248937607,0.21500800177454948,0.7397119961678982,2.6018559709191322,2.51859188079834
260831,c,114,12.944191932678223,10.425183773040771,0.653472013771534,9.689216136932373,0.08249562233686447,5.0152639746665955,1.4846400022506714,0.211776003241539,0.7463359907269478,2.5725119784474373,2.519008159637451
260831,c,115,12.950464248657227,10.435455799102783,0.6517119854688644,9.70143985748291,0.0823039561510086,5.009215950965881,1.4687359929084778,0.21465600281953812,0.7438079975545406,2.582015957683325,2.5150084495544434
260831,c,116,12.947456359863281,10.449664115905762,0.6770560070872307,9.69049620628357,0.0821119025349617,5.017632067203522,1.4538879990577698,0.21209599822759628,0.7706240005791187,2.581024069339037,2.4977922439575195
260831,c,117,12.9617919921875,10.410719871520996,0.6737600117921829,9.655232191085815,0.08172766864299774,4.968447923660278,1.4432320147752762,0.21209600567817688,0.7454719990491867,2.5676479041576385,2.551072120666504
260831,c,118,13.038592338562012,10.479167699813843,0.656672015786171,9.738176107406616,0.0843195766210556,5.04774397611618,1.487647995352745,0.22150400280952454,0.7507520020008087,2.587839975953102,2.559424638748169
260831,c,119,13.051936149597168,10.508447885513306,0.6753919720649719,9.751264333724976,0.08179157972335815,5.0491520166397095,1.4784960001707077,0.22115200385451317,0.7597760036587715,2.589728008955717,2.5434882640838623
260831,c,120,13.084671974182129,10.539776086807251,0.6672960072755814,9.788480043411255,0.08400003612041473,5.089248061180115,1.473279982805252,0.21772800013422966,0.7609920054674149,2.637248072773218,2.544895887374878
260831,c,121,13.027168273925781,10.511072158813477,0.6543359979987144,9.77187204360962,0.08486411720514297,5.086111962795258,1.4951680153608322,0.21811200305819511,0.7494399920105934,2.623391952365637,2.5160961151123047
260831,c,122,12.99232006072998,10.473183870315552,0.6604799926280975,9.729312419891357,0.0833914577960968,5.046976029872894,1.4690879732370377,0.22137600556015968,0.7487999983131886,2.6077120527625084,2.5191361904144287
260831,c,123,12.881919860839844,10.40835189819336,0.6571200042963028,9.671103715896606,0.08012817800045013,5.004128038883209,1.476256012916565,0.21299200132489204,0.7416319958865643,2.573248028755188,2.4735679626464844
260831,c,124,12.921055793762207,10.419104099273682,0.6582719907164574,9.677567720413208,0.08326438814401627,4.984064042568207,1.4542079865932465,0.21395200118422508,0.736287996172905,2.5796160586178303,2.5019516944885254
260831,c,125,12.896896362304688,10.410688161849976,0.6707840114831924,9.659007787704468,0.08089636266231537,4.9870399832725525,1.4647039771080017,0.21635200455784798,0.7319039925932884,2.5740800090134144,2.486208200454712
260831,c,126,13.023455619812012,10.539103746414185,0.6828800141811371,9.773600101470947,0.08262363076210022,5.070079982280731,1.4911359995603561,0.213408000767231,0.7687999941408634,2.5967359878122807,2.484351873397827
260831,c,127,12.995231628417969,10.469375848770142,0.6586559936404228,9.729183912277222,0.0815359428524971,5.056000053882599,1.4564799964427948,0.2134079933166504,0.7905599996447563,2.5955520644783974,2.525855779647827
260831,c,128,13.033151626586914,10.527551889419556,0.6512639969587326,9.798367977142334,0.07791991531848907,5.130624055862427,1.5530559718608856,0.22358400747179985,0.7508480027318001,2.603136073797941,2.5055997371673584
260831,c,129,12.956864356994629,10.43068790435791,0.6504959985613823,9.698431730270386,0.08176017552614212,5.010687947273254,1.4858880043029785,0.21590399742126465,0.7416000068187714,2.56729593873024,2.5261764526367188
260831,c,130,12.930784225463867,10.433791875839233,0.6522880122065544,9.696639776229858,0.08486408740282059,5.0125439167022705,1.4526399970054626,0.21411200240254402,0.7349759936332703,2.6108159236609936,2.496992349624634
260831,c,131,13.124896049499512,10.599968194961548,0.6477759927511215,9.870336294174194,0.081855908036232,5.1251519322395325,1.5045120269060135,0.23359999805688858,0.7303039953112602,2.65673591196537,2.524927854537964
260831,c,132,12.922143936157227,10.443648099899292,0.6548160165548325,9.7084801197052,0.08035196363925934,5.04095995426178,1.473440021276474,0.2404479943215847,0.751071996986866,2.575999941676855,2.4784958362579346
260831,c,133,12.95462417602539,10.442496061325073,0.6530559733510017,9.70742392539978,0.08201616257429123,5.032639980316162,1.5046400129795074,0.2118079997599125,0.7456959970295429,2.5704959705471992,2.5121281147003174
260831,c,134,12.88419246673584,10.411871910095215,0.6502720043063164,9.677600145339966,0.08399976044893265,4.9747520089149475,1.4670399874448776,0.21536000072956085,0.7412480004131794,2.5511040203273296,2.472320556640625
260831,c,135,12.960607528686523,10.447776079177856,0.675775982439518,9.691648006439209,0.08035209029912949,4.993184030056,1.4737920016050339,0.21187200024724007,0.7447999976575375,2.5627200305461884,2.512831449508667
260831,c,136,12.9967041015625,10.504192113876343,0.652831993997097,9.769375801086426,0.08198431879281998,5.060703992843628,1.441343992948532,0.215232003480196,0.7604800015687943,2.6436479948461056,2.4925119876861572
260831,c,137,13.002047538757324,10.459007740020752,0.6507520005106926,9.72649598121643,0.08175975829362869,5.040863931179047,1.4646719843149185,0.21164799854159355,0.7679999992251396,2.596543949097395,2.5430397987365723
260831,c,138,13.008895874023438,10.493216276168823,0.6518720015883446,9.75923204421997,0.08211223036050797,5.074176013469696,1.5530240088701248,0.21382400020956993,0.7379519939422607,2.5693760104477406,2.5156795978546143
260831,c,139,12.940287590026855,10.438239812850952,0.6618240028619766,9.695712089538574,0.0807037204504013,4.994143962860107,1.4373119920492172,0.2189760021865368,0.7399040013551712,2.597951967269182,2.5020477771759033
260831,c,140,12.949503898620605,10.426592111587524,0.660384014248848,9.684991598129272,0.08121649920940399,4.989567995071411,1.4626239985227585,0.21129600331187248,0.7457599863409996,2.5698880068957806,2.522911787033081
260831,c,141,12.939359664916992,10.450783967971802,0.6535040214657784,9.713919878005981,0.08336006850004196,5.053312003612518,1.4591040015220642,0.21804800257086754,0.7757119983434677,2.600448001176119,2.4885756969451904
260831,c,142,12.974847793579102,10.446463823318481,0.6543359979987144,9.710592031478882,0.08153579384088516,5.041216015815735,1.4676480144262314,0.21420800313353539,0.7512639947235584,2.6080960035324097,2.52838397026062
260831,c,143,12.944160461425781,10.442047595977783,0.6551359817385674,9.704767942428589,0.08214367181062698,5.036224007606506,1.477983996272087,0.21702400594949722,0.7440959960222244,2.5971200093626976,2.502112865447998
260831,c,144,12.905759811401367,10.388479948043823,0.6563839837908745,9.652896165847778,0.07919979840517044,4.991584002971649,1.4574400037527084,0.21379199996590614,0.7375680021941662,2.5827839970588684,2.517279863357544
260831,c,145,12.940959930419922,10.442592144012451,0.678784005343914,9.682944059371948,0.0808640792965889,5.013855993747711,1.468191996216774,0.21855999901890755,0.769664004445076,2.5574399940669537,2.4983677864074707
260831,c,146,13.00870418548584,10.489696025848389,0.6510399952530861,9.734015941619873,0.10464008897542953,5.062624037265778,1.4536639899015427,0.21888000145554543,0.7458240054547787,2.644256040453911,2.519008159637451
260831,c,147,12.973055839538574,10.458336114883423,0.6483839973807335,9.732032060623169,0.07792005687952042,5.037184059619904,1.4594879895448685,0.2181439995765686,0.7440319992601871,2.6155200712382793,2.5147197246551514
260831,c,148,12.976032257080078,10.472448110580444,0.6503359973430634,9.740895986557007,0.08121612668037415,5.050591945648193,1.4480320066213608,0.2210880033671856,0.7479039989411831,2.633567936718464,2.503584146499634
260831,c,149,12.954719543457031,10.442623615264893,0.6494079902768135,9.71235203742981,0.0808635875582695,5.029151976108551,1.487744003534317,0.22102399542927742,0.73760000243783,2.5827839747071266,2.5120959281921387
260831,c,150,12.942432403564453,10.445183992385864,0.6456639990210533,9.718400001525879,0.08111999183893204,5.0152000188827515,1.4300480037927628,0.23385600000619888,0.739520002156496,2.6117760129272938,2.497248411178589
260831,c,151,13.135007858276367,10.584991931915283,0.6485119983553886,9.85590410232544,0.08057583123445511,5.092864036560059,1.4919680058956146,0.21558400243520737,0.738720003515482,2.6465920247137547,2.550015926361084
260831,c,152,12.988448143005371,10.492863893508911,0.6531200110912323,9.759039878845215,0.08070400357246399,5.081088006496429,1.4533759951591492,0.2133440002799034,0.7778879962861538,2.636480014771223,2.49558424949646
260831,c,153,12.97107219696045,10.457792282104492,0.6488639861345291,9.725919723510742,0.08300857245922089,5.039936065673828,1.4725439995527267,0.21420800685882568,0.7476480007171631,2.6055360585451126,2.513279914855957
260831,c,154,12.929920196533203,10.43779182434082,0.6432959958910942,9.713632106781006,0.08086372166872025,5.014784038066864,1.4545920193195343,0.22115200012922287,0.7438079975545406,2.595232021063566,2.492128372192383
260831,c,155,12.990816116333008,10.480639934539795,0.6904000043869019,9.708255767822266,0.08198416233062744,5.005408048629761,1.4670719802379608,0.21846400201320648,0.7444799989461899,2.5753920674324036,2.510176181793213
260831,c,156,12.921855926513672,10.429919719696045,0.6625920087099075,9.685759782791138,0.0815679281949997,5.010912001132965,1.4573439806699753,0.21849600225687027,0.7438399977982044,2.591232020407915,2.491936206817627
260831,c,157,12.967231750488281,10.4650239944458,0.6584319993853569,9.723711967468262,0.08288002759218216,5.042463958263397,1.4828480184078217,0.21420800313353539,0.7785919941961765,2.5668159425258636,2.5022077560424805
260831,c,158,13.011967658996582,10.470304250717163,0.652991995215416,9.73849606513977,0.07881619036197662,5.064895987510681,1.4861119836568832,0.24243200197815895,0.7426559962332249,2.593696005642414,2.541663408279419
260831,c,159,12.922016143798828,10.437088012695312,0.6526720151305199,9.703295946121216,0.08112005144357681,5.0120959877967834,1.466719999909401,0.21481600403785706,0.7374399937689304,2.593119990080595,2.4849281311035156
260831,c,160,12.960736274719238,10.425567865371704,0.6521280035376549,9.692192077636719,0.08124778419733047,5.0066879987716675,1.4621760249137878,0.21171200275421143,0.7426240108907223,2.590175960212946,2.535168409347534
260831,c,161,12.950655937194824,10.446624040603638,0.6498240083456039,9.716831922531128,0.07996810972690582,5.049216032028198,1.4482879936695099,0.2139200009405613,0.7498560026288033,2.637152034789324,2.5040318965911865
260831,c,162,12.982272148132324,10.453215837478638,0.6517440006136894,9.720863819122314,0.08060801774263382,5.0298879742622375,1.4697280079126358,0.21423999965190887,0.7368319965898991,2.609087970107794,2.5290563106536865
260831,c,163,12.935392379760742,10.438847780227661,0.655935987830162,9.701472043991089,0.08143974840641022,5.028607964515686,1.4690240025520325,0.21590400487184525,0.7423680052161217,2.6013119518756866,2.496544599533081
260831,c,164,12.920831680297852,10.392767906188965,0.6492480114102364,9.662336111068726,0.0811837837100029,4.978751957416534,1.4629760086536407,0.22278400510549545,0.7406079992651939,2.5523839443922043,2.5280637741088867
260831,c,165,12.977888107299805,10.468416213989258,0.6848960071802139,9.699680089950562,0.08384011685848236,5.01555198431015,1.4658240228891373,0.21238400042057037,0.7385280057787895,2.598815955221653,2.509471893310547
260831,c,166,13.003775596618652,10.506751775741577,0.6718080043792725,9.747456073760986,0.08748769760131836,5.044287979602814,1.4717759937047958,0.2163200005888939,0.7630720026791096,2.5931199826300144,2.497023820877075
260831,c,167,12.9617919921875,10.445568084716797,0.6533119902014732,9.711008071899414,0.08124802261590958,5.03081601858139,1.4727360159158707,0.21132800728082657,0.79305599629879,2.553695999085903,2.516223907470703
260831,c,168,12.974080085754395,10.484895944595337,0.652223989367485,9.751551866531372,0.0811200886964798,5.069600045681,1.4533439874649048,0.23916799575090408,0.7481280006468296,2.6289600618183613,2.4891841411590576
260831,c,169,13.009920120239258,10.485920190811157,0.6550399959087372,9.748800039291382,0.08208015561103821,5.036640048027039,1.497472032904625,0.21590400114655495,0.749855998903513,2.5734080150723457,2.5239999294281006
260831,c,170,12.971039772033691,10.475264072418213,0.6574080064892769,9.732032060623169,0.08582400530576706,5.038879990577698,1.449632003903389,0.21001600101590157,0.7414719946682453,2.637759990990162,2.4957756996154785
260831,c,171,12.977151870727539,10.450111865997314,0.652287982404232,9.715424299240112,0.08239958435297012,5.0157440304756165,1.4507199823856354,0.21830399706959724,0.7401279993355274,2.6065920516848564,2.5270400047302246
260831,c,172,12.932831764221191,10.417472124099731,0.6560000032186508,9.679840087890625,0.08163203299045563,4.996223986148834,1.4397120028734207,0.21545600146055222,0.7375999987125397,2.6034559831023216,2.51535964012146
260831,c,173,12.984095573425293,10.457760095596313,0.6587200164794922,9.715775966644287,0.08326411247253418,5.038207948207855,1.480672001838684,0.2231680005788803,0.7344319969415665,2.5999359488487244,2.5263354778289795
260831,c,174,12.961119651794434,10.476320266723633,0.6592960059642792,9.731232166290283,0.08579209446907043,5.035615921020508,1.4781120121479034,0.21241599693894386,0.7478400021791458,2.5972479097545147,2.484799385070801
260831,c,175,12.945568084716797,10.437439918518066,0.6787520200014114,9.67849612236023,0.08019177615642548,5.001599967479706,1.4592320173978806,0.21513599902391434,0.7493120059370995,2.5779199451208115,2.5081281661987305
260831,c,176,12.942015647888184,10.40780782699585,0.6591359823942184,9.66758394241333,0.08108790218830109,4.982175946235657,1.4606399983167648,0.21350400149822235,0.7378240004181862,2.5702079460024834,2.534207820892334
260831,c,177,13.000703811645508,10.46233582496643,0.6585279852151871,9.720992088317871,0.0828157514333725,5.02950394153595,1.4622719883918762,0.21382400020956993,0.7595839984714985,2.593823954463005,2.538367986679077
260831,c,178,13.016063690185547,10.476479768753052,0.6541759744286537,9.737215757369995,0.08508803695440292,5.060544013977051,1.4572479873895645,0.21750400215387344,0.746848002076149,2.638944022357464,2.539583921432495
260831,c,179,12.946271896362305,10.445343732833862,0.6497600004076958,9.715712070465088,0.07987166196107864,5.032320022583008,1.4989759624004364,0.21315200254321098,0.7432640008628368,2.5769280567765236,2.5009281635284424
260831,c,180,12.984416007995605,10.446911811828613,0.6544319987297058,9.711424112319946,0.08105570077896118,5.0229440331459045,1.4754560142755508,0.22204799950122833,0.7377599999308586,2.5876800194382668,2.537504196166992
260831,c,181,12.993151664733887,10.464896202087402,0.6521919816732407,9.732352018356323,0.08035220205783844,5.044352054595947,1.4767680317163467,0.21292800083756447,0.7405759952962399,2.614080026745796,2.5282554626464844
260831,c,182,12.999679565429688,10.467040061950684,0.6570239961147308,9.725951910018921,0.08406415581703186,5.034976005554199,1.48614402115345,0.2176000028848648,0.7534399889409542,2.57779199257493,2.532639503479004
260831,c,183,12.982272148132324,10.45356798171997,0.6556479930877686,9.717504024505615,0.08041596412658691,5.023391962051392,1.4952960014343262,0.2170879989862442,0.7390720024704933,2.571935959160328,2.5287041664123535
260831,c,184,12.99187183380127,10.431391954421997,0.6564479991793633,9.694143772125244,0.08080018311738968,5.012543976306915,1.4547520130872726,0.21184000372886658,0.7484479993581772,2.597503960132599,2.5604798793792725
260831,c,185,12.967935562133789,10.473632097244263,0.6810240000486374,9.710848093032837,0.08176000416278839,5.028735995292664,1.4765759706497192,0.21529600024223328,0.744352001696825,2.592512022703886,2.4943034648895264
260831,c,186,13.010175704956055,10.517504215240479,0.6776320040225983,9.75603199005127,0.08384022116661072,5.03328001499176,1.464383989572525,0.21513599902391434,0.7392320036888123,2.6145280227065086,2.492671489715576
260831,c,187,13.002079963684082,10.47766375541687,0.6608000248670578,9.733184099197388,0.08367963135242462,5.062943994998932,1.4604799896478653,0.21718400344252586,0.7610879987478256,2.624192003160715,2.524416208267212
260831,c,188,13.04800033569336,10.517760038375854,0.655583992600441,9.779647827148438,0.08252821862697601,5.094239950180054,1.5784000009298325,0.2151999995112419,0.7413439936935902,2.559295956045389,2.530240297317505
260831,c,189,12.956671714782715,10.436864137649536,0.6544639989733696,9.699071884155273,0.0833282545208931,5.022335946559906,1.4728959947824478,0.2117440029978752,0.7505280040204525,2.5871679447591305,2.5198075771331787
260831,c,190,12.929311752319336,10.443679809570312,0.6521600037813187,9.711199760437012,0.08032004535198212,5.036351978778839,1.4587199836969376,0.22067200392484665,0.7454400025308132,2.6115199886262417,2.4856319427490234
260831,c,191,12.950528144836426,10.416096210479736,0.6542079746723175,9.68009614944458,0.08179208636283875,4.987392067909241,1.4560319930315018,0.21907199919223785,0.7387840002775192,2.573504075407982,2.5344319343566895
260831,c,192,12.891807556152344,10.391552209854126,0.649760015308857,9.661472082138062,0.08032011240720749,4.996320009231567,1.4448320120573044,0.21398399770259857,0.7409600019454956,2.596543997526169,2.5002553462982178
260831,c,193,12.932095527648926,10.397791624069214,0.6541759893298149,9.662655591964722,0.08096004277467728,4.991360008716583,1.4871040135622025,0.2223680019378662,0.7378240004181862,2.5440639927983284,2.534303903579712
260831,c,194,12.892160415649414,10.397343635559082,0.6493119969964027,9.660320281982422,0.08771135658025742,4.987935960292816,1.4759040027856827,0.21516799926757812,0.7379839941859245,2.558879964053631,2.494816780090332
260831,c,195,13.037568092346191,10.466399908065796,0.6503039970993996,9.733504056930542,0.08259185403585434,5.0209919810295105,1.4725119918584824,0.2130880020558834,0.7488000020384789,2.586591985076666,2.5711681842803955
260831,c,196,13.188096046447754,10.568383693695068,0.6705920025706291,9.811871767044067,0.08591992408037186,5.10182398557663,1.4916799813508987,0.22406399995088577,0.7664320021867752,2.61964800208807,2.6197123527526855
260831,c,197,13.378560066223145,10.714975833892822,0.7217279970645905,9.910112142562866,0.0831356942653656,5.201696038246155,1.5413440316915512,0.220768004655838,0.786336001008749,2.6532480008900166,2.6635842323303223
260831,c,198,13.215744018554688,10.598432064056396,0.6768639981746674,9.837984085083008,0.08358398079872131,5.123519957065582,1.4783360064029694,0.21990400180220604,0.7924480028450489,2.632831946015358,2.617311954498291
260831,c,199,13.290399551391602,10.656767845153809,0.6969919875264168,9.87500786781311,0.08476798981428146,5.166815996170044,1.484255999326706,0.22307199984788895,0.7698240019381046,2.6896639950573444,2.633631706237793
260831,d,0,14.028512001037598,10.676736116409302,0.7628160119056702,9.830656051635742,0.0832640528678894,5.133535981178284,1.492959976196289,0.22547199949622154,0.7786880023777485,2.6364160031080246,3.351775884628296
260831,d,1,13.9236478805542,10.587039947509766,0.6869760155677795,9.818016052246094,0.08204787969589233,5.122431993484497,1.5020480006933212,0.22150400280952454,0.7850880064070225,2.613791983574629,3.3366079330444336
260831,d,2,13.975456237792969,10.632832288742065,0.7328000068664551,9.819200277328491,0.08083200454711914,5.125407934188843,1.4890560060739517,0.22515200451016426,0.7696960009634495,2.6415039226412773,3.3426239490509033
260831,d,3,14.125056266784668,10.663584232330322,0.7022720128297806,9.876607894897461,0.08470432460308075,5.141824007034302,1.4819839894771576,0.2274559997022152,0.7981440015137196,2.6342400163412094,3.4614720344543457
260831,d,4,14.171135902404785,10.737311601638794,0.7292160242795944,9.92252779006958,0.08556778728961945,5.125696063041687,1.476608008146286,0.22492799535393715,0.7962560057640076,2.6279040537774563,3.433824300765991
260831,d,5,13.953023910522461,10.656575918197632,0.7180159986019135,9.855039834976196,0.0835200846195221,5.118463933467865,1.4607360064983368,0.2229439988732338,0.7855360023677349,2.6492479257285595,3.296447992324829
260831,d,6,13.915360450744629,10.576672077178955,0.7037439942359924,9.79209589958191,0.08083218336105347,5.097855925559998,1.4713920056819916,0.21676800400018692,0.7922559939324856,2.6174399219453335,3.338688373565674
260831,d,7,14.102592468261719,10.617119789123535,0.6927360147237778,9.842495918273926,0.0818878561258316,5.1341440081596375,1.4767999947071075,0.2295679971575737,0.7937600091099739,2.6340160071849823,3.4854726791381836
260831,d,8,14.069087982177734,10.64300799369812,0.7078399956226349,9.852416038513184,0.08275195956230164,5.146208047866821,1.4575999975204468,0.23120000213384628,0.7856320030987263,2.671776045113802,3.4260799884796143
260831,d,9,14.297280311584473,10.771551847457886,0.7088319957256317,9.965471744537354,0.09724810719490051,5.213279962539673,1.495519995689392,0.23161600157618523,0.8117439970374107,2.674399968236685,3.525728464126587
260831,d,10,13.980671882629395,10.61683201789856,0.6911040246486664,9.842400074005127,0.08332791924476624,5.125951945781708,1.4889279901981354,0.22729599475860596,0.7887999936938286,2.620927967131138,3.363839864730835
260831,d,11,14.030847549438477,10.632287740707397,0.6969919800758362,9.848991870880127,0.08630388975143433,5.131168007850647,1.4582400023937225,0.22457600384950638,0.7992640063166618,2.6490879952907562,3.398559808731079
260831,d,12,14.139391899108887,10.670080184936523,0.710656002163887,9.87340784072876,0.08601634204387665,5.145568013191223,1.4847680032253265,0.23270400613546371,0.8043840080499649,2.623711995780468,3.4693117141723633
260831,d,13,14.028703689575195,10.637696027755737,0.7298240065574646,9.814528226852417,0.09334379434585571,5.10400003194809,1.4686079919338226,0.2280000001192093,0.7824640013277531,2.6249280385673046,3.391007661819458
260831,d,14,14.035967826843262,10.652063846588135,0.7383039891719818,9.832416296005249,0.08134356141090393,5.095679938793182,1.4586239904165268,0.2255680002272129,0.768607996404171,2.6428799517452717,3.383903980255127
260831,d,15,14.002176284790039,10.645663738250732,0.7072000056505203,9.857663869857788,0.08079986274242401,5.096224009990692,1.485024020075798,0.2224319986999035,0.790752001106739,2.5980159901082516,3.3565125465393066
260831,d,16,14.463968276977539,10.899264097213745,0.7193600237369537,10.094592094421387,0.08531197905540466,5.294752061367035,1.5279040038585663,0.2346239946782589,0.8424960151314735,2.689728047698736,3.564704179763794
260831,d,17,14.369791984558105,10.887968063354492,0.7349120080471039,10.068992137908936,0.08406391739845276,5.349280059337616,1.5719680339097977,0.23481600359082222,0.8305279910564423,2.711968030780554,3.4818239212036133
260831,d,18,13.9683837890625,10.605152130126953,0.6913280040025711,9.829184293746948,0.08463983237743378,5.087200045585632,1.4880639910697937,0.22633600234985352,0.8010560013353825,2.5717440508306026,3.363231658935547
260831,d,19,13.969632148742676,10.682528018951416,0.6922240108251572,9.907423973083496,0.08288003504276276,5.173312067985535,1.4865600317716599,0.22527999803423882,0.8271680027246475,2.6343040354549885,3.2871041297912598
260831,d,20,14.111871719360352,10.615520000457764,0.6993920058012009,9.831647872924805,0.08448012173175812,5.129759967327118,1.4837120026350021,0.22835199907422066,0.788512010127306,2.629183955490589,3.496351718902588
260831,d,21,14.403583526611328,10.85267186164856,0.7285120040178299,10.036223888397217,0.08793596923351288,5.279871940612793,1.5133119970560074,0.24092800170183182,0.8250880092382431,2.7005439326167107,3.5509116649627686
260831,d,22,14.134048461914062,10.704351902008057,0.7075839787721634,9.912383794784546,0.08438412845134735,5.1447999477386475,1.4628799855709076,0.24796799942851067,0.7810560017824173,2.652895960956812,3.429696559906006
260831,d,23,13.927231788635254,10.558559894561768,0.6901440024375916,9.78816032409668,0.08025556802749634,5.0874239802360535,1.4667200148105621,0.2208320014178753,0.7855039983987808,2.614367965608835,3.3686718940734863
260831,d,24,14.015487670898438,10.634016036987305,0.7158080041408539,9.835519790649414,0.08268824219703674,5.128416001796722,1.491007998585701,0.22118400409817696,0.7790079973638058,2.6372160017490387,3.381471633911133
260831,d,25,14.184415817260742,10.704160213470459,0.7023679912090302,9.91971206665039,0.08208015561103821,5.193375945091248,1.4819520115852356,0.2345919981598854,0.8050240017473698,2.671807933598757,3.480255603790283
260831,d,26,14.120767593383789,10.717824220657349,0.709632009267807,9.925343990325928,0.08284822106361389,5.189728021621704,1.4898239970207214,0.22646400704979897,0.7908479943871498,2.682592023164034,3.4029433727264404
260831,d,27,14.002176284790039,10.645119905471802,0.6820800006389618,9.879616022109985,0.08342388272285461,5.178879976272583,1.494719997048378,0.24915199354290962,0.7972480058670044,2.637759979814291,3.3570563793182373
260831,d,28,14.034239768981934,10.643840074539185,0.6755520105361938,9.88700795173645,0.08128011226654053,5.159743964672089,1.4464640021324158,0.22403199970722198,0.7990399971604347,2.690207965672016,3.390399694442749
260831,d,29,14.362527847290039,10.871327877044678,0.7196159958839417,10.06332802772522,0.08838385343551636,5.254655957221985,1.5372480005025864,0.2383040003478527,0.8506880104541779,2.628415945917368,3.4911999702453613
260831,d,30,14.212960243225098,10.747200012207031,0.7119680047035217,9.951744079589844,0.08348792791366577,5.215071976184845,1.559679999947548,0.26182400435209274,0.801024004817009,2.5925439670681953,3.4657602310180664
260831,d,31,14.04319953918457,10.685440301895142,0.7228479832410812,9.878656148910522,0.0839361697435379,5.169760048389435,1.4981440156698227,0.22288000211119652,0.8075520060956478,2.641184024512768,3.3577592372894287
260831,d,32,13.892607688903809,10.580416202545166,0.7140159755945206,9.78323221206665,0.08316801488399506,5.072672009468079,1.4793599992990494,0.22147199884057045,0.7734720036387444,2.5983680076897144,3.3121914863586426
260831,d,33,14.27353572845459,10.763839960098267,0.7223040163516998,9.958591938018799,0.08294400572776794,5.193440079689026,1.5092159807682037,0.22899199649691582,0.7928320020437241,2.6624001003801823,3.5096957683563232
260831,d,34,14.102496147155762,10.641183853149414,0.7007040232419968,9.857695817947388,0.0827840119600296,5.117087960243225,1.4623679965734482,0.22518400102853775,0.7944320030510426,2.6351039595901966,3.4613122940063477
260831,d,35,13.977952003479004,10.624895811080933,0.7004159986972809,9.840352058410645,0.0841277539730072,5.1345279812812805,1.4755519926548004,0.2271999940276146,0.8176000043749809,2.6141759902238846,3.3530561923980713
260831,d,36,13.904895782470703,10.611712217330933,0.6996480226516724,9.830655813217163,0.08140838146209717,5.133215963840485,1.472320020198822,0.21968000382184982,0.7944640032947063,2.6467519365251064,3.2931835651397705
260831,d,37,14.118911743164062,10.722303867340088,0.7178879976272583,9.918591976165771,0.0858238935470581,5.187232077121735,1.507200002670288,0.22342399880290031,0.7890880033373833,2.667520072311163,3.3966078758239746
260831,d,38,14.149632453918457,10.729407787322998,0.6986880004405975,9.940223932266235,0.09049585461616516,5.21318393945694,1.5196479856967926,0.22595200315117836,0.7872319966554642,2.6803519539535046,3.420224666595459
260831,d,39,14.124032020568848,10.748416185379028,0.7174719870090485,9.947743892669678,0.08320030570030212,5.221791982650757,1.4880319982767105,0.2221119999885559,0.8600320033729076,2.651615981012583,3.3756158351898193
260831,d,40,13.911423683166504,10.592864036560059,0.6971199810504913,9.814624071121216,0.08111998438835144,5.112959980964661,1.5185599774122238,0.2258240021765232,0.795391995459795,2.5731840059161186,3.3185596466064453
260831,d,41,13.955360412597656,10.585951805114746,0.6797439903020859,9.825088024139404,0.08111979067325592,5.122367978096008,1.4622719883918762,0.22332799807190895,0.7983680032193661,2.638399988412857,3.36940860748291
260831,d,42,14.049471855163574,10.661888360977173,0.6993919909000397,9.877600193023682,0.08489617705345154,5.132448077201843,1.4789120107889175,0.22672000527381897,0.8176320008933544,2.6091840602457523,3.3875834941864014
260831,d,43,14.096480369567871,10.691424131393433,0.7023039907217026,9.900896310806274,0.08822382986545563,5.159359991550446,1.4820799976587296,0.22620800137519836,0.7823679968714714,2.6687039956450462,3.4050562381744385
260831,d,44,13.900704383850098,10.591903924942017,0.6982719898223877,9.810464143753052,0.08316779136657715,5.107423901557922,1.4796160161495209,0.23075200244784355,0.7873600013554096,2.6096958816051483,3.308800458908081
260831,d,45,13.938688278198242,10.645472288131714,0.6943040043115616,9.869375944137573,0.08179233968257904,5.152383983135223,1.4794879853725433,0.23395200446248055,0.7998079992830753,2.639135994017124,3.2932159900665283
260831,d,46,14.103551864624023,10.672032117843628,0.7014079838991165,9.878975868225098,0.09164826571941376,5.159775972366333,1.4778240025043488,0.2502719983458519,0.7936320044100285,2.638047967106104,3.4315197467803955
260831,d,47,14.054047584533691,10.679295778274536,0.6977599859237671,9.898559808731079,0.08297598361968994,5.18588799238205,1.5511999726295471,0.22972800210118294,0.7821439988911152,2.6228160187602043,3.3747518062591553
260831,d,48,13.922431945800781,10.56499195098877,0.6913279891014099,9.789855718612671,0.08380824327468872,5.05676794052124,1.4786880314350128,0.21913599967956543,0.7832639925181866,2.5756799168884754,3.3574399948120117
260831,d,49,13.932255744934082,10.64243197441101,0.6793600022792816,9.881248235702515,0.08182373642921448,5.189792096614838,1.5291199833154678,0.2260800041258335,0.7728959992527962,2.66169610992074,3.2898237705230713
260831,d,50,14.120960235595703,10.643647909164429,0.712896004319191,9.84665584564209,0.08409605920314789,5.13484799861908,1.489536002278328,0.23126399889588356,0.7968639954924583,2.6171840019524097,3.4773123264312744
260831,d,51,14.046463966369629,10.631168127059937,0.6972159892320633,9.845823764801025,0.08812837302684784,5.1333120465278625,1.5185279995203018,0.23225600272417068,0.7821119986474514,2.6004160456359386,3.4152958393096924
260831,d,52,13.959168434143066,10.596863746643066,0.7046400159597397,9.8090238571167,0.0831998735666275,5.106239974498749,1.4440640062093735,0.22659199312329292,0.8058240003883839,2.6297599747776985,3.3623046875
260831,d,53,13.90777587890625,10.560256242752075,0.6900160163640976,9.785567998886108,0.0846722275018692,5.094239950180054,1.4777919799089432,0.22300800308585167,0.76528000831604,2.628159958869219,3.347519636154175
260831,d,54,13.865983963012695,10.519488096237183,0.6871040016412735,9.749856233596802,0.08252786099910736,5.0560959577560425,1.5090879946947098,0.2205440029501915,0.7666559964418411,2.5598079636693,3.3464958667755127
260831,d,55,14.009183883666992,10.640383958816528,0.7071999907493591,9.84768009185791,0.08550387620925903,5.1382399797439575,1.5108160227537155,0.2247999981045723,0.7942080087959766,2.608415950089693,3.368799924850464
260831,d,56,13.996031761169434,10.624000072479248,0.6960320025682449,9.84659218788147,0.08137588202953339,5.138687968254089,1.4925120174884796,0.22412799671292305,0.815679993480444,2.6063679605722427,3.3720316886901855
260831,d,57,13.834879875183105,10.540736198425293,0.7264959961175919,9.731872081756592,0.08236812055110931,5.036799967288971,1.4479359984397888,0.22624000534415245,0.7775680013000965,2.585055962204933,3.2941436767578125
260831,d,58,13.827103614807129,10.4891836643219,0.6865279972553253,9.723519802093506,0.07913586497306824,5.026848018169403,1.4729599952697754,0.22147199884057045,0.7685439921915531,2.563872031867504,3.3379199504852295
260831,d,59,14.198783874511719,10.743808031082153,0.6947200000286102,9.964735984802246,0.084352046251297,5.2513920068740845,1.5311039835214615,0.2298240028321743,0.8573119975626469,2.633152022957802,3.4549758434295654
260831,d,60,14.049280166625977,10.646431922912598,0.6941440254449844,9.868320226669312,0.0839676707983017,5.128608047962189,1.4892159849405289,0.22812799736857414,0.8177280016243458,2.59353606402874,3.402848243713379
260831,d,61,13.971712112426758,10.638655662536621,0.7238720059394836,9.832639932632446,0.08214372396469116,5.114592015743256,1.4708160012960434,0.2213439978659153,0.7831680066883564,2.6392640098929405,3.3330564498901367
260831,d,62,13.851648330688477,10.584255933761597,0.7138559818267822,9.791199922561646,0.07920002937316895,5.091967880725861,1.4800319820642471,0.22252799943089485,0.7705279961228371,2.6188799031078815,3.26739239692688
260831,d,63,14.121983528137207,10.622848272323608,0.6871360093355179,9.852959871292114,0.08275239169597626,5.14054399728775,1.4616960138082504,0.25785599648952484,0.7866240032017231,2.634367983788252,3.4991352558135986
260831,d,64,14.218239784240723,10.73423981666565,0.7180800288915634,9.929344177246094,0.08681561052799225,5.199839949607849,1.493216022849083,0.25334399938583374,0.8068480044603348,2.6464319229125977,3.4839999675750732
260831,d,65,14.134207725524902,10.695679903030396,0.7076799869537354,9.90345573425293,0.08454418182373047,5.18313604593277,1.5004479885101318,0.23417599871754646,0.8249280005693436,2.623584058135748,3.438527822494507
260831,d,66,14.277631759643555,10.72649598121643,0.6933760195970535,9.949215650558472,0.08390431106090546,5.204800128936768,1.5189120173454285,0.22860800474882126,0.8200000002980232,2.6372801065444946,3.551135778427124
260831,d,67,14.319616317749023,10.820575714111328,0.7530239969491959,9.979935884475708,0.08761583268642426,5.23225599527359,1.509440004825592,0.26448000222444534,0.8347520157694817,2.623583972454071,3.4990406036376953
260831,d,68,14.126432418823242,10.693343877792358,0.7081279903650284,9.900320053100586,0.08489583432674408,5.1674880385398865,1.503391981124878,0.2359039969742298,0.8077120035886765,2.6204800568521023,3.433088541030884
260831,d,69,14.186528205871582,10.735999822616577,0.704800009727478,9.943264245986938,0.08793556690216064,5.220543920993805,1.5300800204277039,0.22761600092053413,0.8096960037946701,2.653151895850897,3.450528383255005
260831,d,70,14.100480079650879,10.662912130355835,0.7328640073537827,9.844639778137207,0.08540834486484528,5.10345596075058,1.4796800166368484,0.227936003357172,0.7900480031967163,2.605791937559843,3.437567949295044
260831,d,71,14.020992279052734,10.578239917755127,0.711231991648674,9.782495975494385,0.08451195061206818,5.076767981052399,1.4809919893741608,0.22518400475382805,0.7854080088436604,2.5851839780807495,3.4427523612976074
260831,d,72,14.074848175048828,10.680352210998535,0.7033919990062714,9.890560388565063,0.08639982342720032,5.180736005306244,1.4699199944734573,0.2290240004658699,0.788479994982481,2.6933120153844357,3.394495964050293
260831,d,73,14.015487670898438,10.592864036560059,0.6885440051555634,9.818591833114624,0.08572819828987122,5.112127900123596,1.4952319860458374,0.22096000239253044,0.7845120020210743,2.611423909664154,3.422623634338379
260831,d,74,14.046208381652832,10.660640001296997,0.6903680115938187,9.885695695877075,0.08457629382610321,5.172096014022827,1.5168960243463516,0.2531840056180954,0.7733759991824627,2.6286399848759174,3.385568380355835
260831,d,75,14.091263771057129,10.740863800048828,0.6884799748659134,9.968544244766235,0.08383958041667938,5.206367909908295,1.4766719937324524,0.22435199841856956,0.8155519999563694,2.6897919178009033,3.350399971008301
260831,d,76,13.990943908691406,10.604544162750244,0.6914880275726318,9.830432176589966,0.08262395858764648,5.064224004745483,1.4582719951868057,0.2223679982125759,0.777792003005743,2.6057920083403587,3.386399745941162
260831,d,77,14.019583702087402,10.646624088287354,0.6880639940500259,9.875231981277466,0.08332811295986176,5.152032017707825,1.44998399913311,0.22115200385451317,0.7767360061407089,2.7041600085794926,3.372959613800049
260831,d,78,14.07919979095459,10.655327796936035,0.7462400048971176,9.824959993362427,0.08412779867649078,5.111552000045776,1.4984639883041382,0.22470400482416153,0.7855999991297722,2.6027840077877045,3.4238719940185547
260831,d,79,14.099295616149902,10.694368124008179,0.6890880167484283,9.920928239822388,0.08435186743736267,5.178655982017517,1.552704006433487,0.22576000541448593,0.781311996281147,2.618879973888397,3.4049274921417236
260831,d,80,14.196736335754395,10.698848247528076,0.6949120163917542,9.921855926513672,0.08208030462265015,5.1059200167655945,1.5133759826421738,0.22857600077986717,0.7850240021944046,2.578944031149149,3.4978880882263184
260831,d,81,14.244864463806152,10.81446385383606,0.7024639993906021,10.02614426612854,0.08585558831691742,5.256928086280823,1.5088319778442383,0.229823999106884,0.8075840100646019,2.7106880992650986,3.4304006099700928
260831,d,82,14.032928466796875,10.638303995132446,0.710656002163887,9.844288110733032,0.08335988223552704,5.1171199679374695,1.4816000163555145,0.22809600085020065,0.794719997793436,2.6127039529383183,3.3946244716644287
260831,d,83,14.009344100952148,10.634239912033081,0.6934400200843811,9.855456113815308,0.08534377813339233,5.140160024166107,1.5127680152654648,0.23350400105118752,0.7916160002350807,2.602272007614374,3.3751041889190674
260831,d,84,14.081024169921875,10.678240060806274,0.6943040192127228,9.897215843200684,0.08672019839286804,5.1684160232543945,1.5067199766635895,0.2287359982728958,0.7782079987227917,2.6547520495951176,3.4027841091156006
260831,d,85,14.007295608520508,10.638336181640625,0.715936005115509,9.83840012550354,0.08400005102157593,5.118879973888397,1.4953600019216537,0.22492799535393715,0.7681599967181683,2.630431979894638,3.368959426879883
260831,d,86,14.133279800415039,10.760543823242188,0.7178879976272583,9.948352098464966,0.09430372714996338,5.230560004711151,1.5191679894924164,0.22700800001621246,0.7811840027570724,2.70320001244545,3.3727359771728516
260831,d,87,14.050304412841797,10.651647806167603,0.6858559995889664,9.88432002067566,0.08147178590297699,5.172704041004181,1.4928320050239563,0.22288000211119652,0.7816319987177849,2.675360035151243,3.3986566066741943
260831,d,88,13.818880081176758,10.493792057037354,0.6739200055599213,9.737119913101196,0.08275213837623596,5.045664072036743,1.4660480171442032,0.22137600183486938,0.7651519924402237,2.593088060617447,3.3250880241394043
260831,d,89,13.911968231201172,10.618207931518555,0.7071999907493591,9.830143928527832,0.08086401224136353,5.128416061401367,1.5145280063152313,0.21993600204586983,0.7681600041687489,2.625792048871517,3.293760299682617
260831,d,90,14.293984413146973,10.793471813201904,0.6685759872198105,10.038527965545654,0.08636786043643951,5.335296034812927,1.5543360114097595,0.267231997102499,0.8152320012450218,2.698496025055647,3.5005125999450684
260831,d,91,16.200607299804688,11.847327947616577,0.8348159939050674,10.90508770942688,0.10742424428462982,5.930976092815399,1.6930560171604156,0.3022719994187355,1.0470080077648163,2.8886400684714317,4.35327935218811
260831,d,92,16.379104614257812,12.086848020553589,0.9074879884719849,11.065984010696411,0.11337602138519287,6.07340794801712,1.7594560086727142,0.2999360039830208,1.1024320051074028,2.9115839302539825,4.292256593704224
260831,d,93,15.059967994689941,11.200447797775269,0.7851520031690598,10.319072246551514,0.09622354805469513,5.475391983985901,1.5905280113220215,0.2569599971175194,0.9053760096430779,2.722527965903282,3.859520196914673
260831,d,94,14.654463768005371,10.931423902511597,0.7505920082330704,10.089152097702026,0.09167979657649994,5.288703918457031,1.5281920284032822,0.2495039999485016,0.8742720037698746,2.636735886335373,3.7230398654937744
260831,d,95,14.476287841796875,10.846463918685913,0.7456639856100082,10.010751962661743,0.09004797041416168,5.233792006969452,1.5197759717702866,0.2417599968612194,0.8389760106801987,2.6332800276577473,3.629823923110962
260831,d,96,14.384063720703125,10.781503915786743,0.7260800153017044,9.965760231018066,0.08966366946697235,5.206400036811829,1.4886080026626587,0.23497600108385086,0.841791994869709,2.64102403819561,3.602559804916382
260831,d,97,14.358816146850586,10.788352012634277,0.716959998011589,9.981503963470459,0.08988805115222931,5.230976045131683,1.5188160091638565,0.23391999676823616,0.8167680092155933,2.6614720299839973,3.5704641342163086
260831,d,98,14.288895606994629,10.763360023498535,0.7207679748535156,9.957504034042358,0.08508801460266113,5.198784053325653,1.5267520248889923,0.23126399889588356,0.8205120041966438,2.6202560253441334,3.5255355834960938
260831,d,99,14.21401596069336,10.694656133651733,0.7203840017318726,9.889887809753418,0.08438432216644287,5.161727964878082,1.5123519897460938,0.2314239963889122,0.8042559958994389,2.6136959828436375,3.519359827041626
260831,d,100,14.16204833984375,10.684319972991943,0.6998080015182495,9.899744272232056,0.08476769924163818,5.162815988063812,1.4810559898614883,0.23123199865221977,0.8045760132372379,2.645951986312866,3.4777283668518066
260831,d,101,14.456543922424316,10.88047981262207,0.7168000042438507,10.074944257736206,0.08873555064201355,5.336608111858368,1.527168020606041,0.22704000398516655,0.8492160066962242,2.733184080570936,3.576064109802246
260831,d,102,14.576640129089355,10.853951930999756,0.7000319957733154,10.065152168273926,0.08876776695251465,5.298496067523956,1.4848960191011429,0.24623999744653702,0.859264001250267,2.7080960497260094,3.7226881980895996
260831,d,103,14.837408065795898,11.17084813117981,0.7630719840526581,10.312608242034912,0.09516790509223938,5.4971840381622314,1.6647039949893951,0.2526720017194748,0.8860480040311813,2.69376003742218,3.666559934616089
260831,d,104,14.63811206817627,10.997215747833252,0.7534400075674057,10.153824090957642,0.08995164930820465,5.35206401348114,1.58406400680542,0.2703679986298084,0.8513280153274536,2.646303992718458,3.6408963203430176
260831,d,105,14.485504150390625,10.826655864715576,0.7413760125637054,9.997215986251831,0.08806386590003967,5.2145920395851135,1.5048000067472458,0.23519999906420708,0.836608000099659,2.6379840336740017,3.658848285675049
260831,d,106,14.72003173828125,11.115808010101318,0.7419839948415756,10.286144256591797,0.08767975866794586,5.437599956989288,1.551808014512062,0.23456000164151192,0.8992640152573586,2.751967925578356,3.6042237281799316
260831,d,107,14.819328308105469,11.001535654067993,0.7782399952411652,10.128895998001099,0.09439966082572937,5.32860803604126,1.5238400101661682,0.2656959928572178,0.9079680219292641,2.6311040110886097,3.8177926540374756
260831,d,108,14.699520111083984,10.982560157775879,0.7611840069293976,10.128032207489014,0.09334394335746765,5.311039924621582,1.5640320181846619,0.24566400423645973,0.8710720166563988,2.6302718855440617,3.7169599533081055
260831,d,109,14.643232345581055,10.966047763824463,0.7536640167236328,10.120287895202637,0.09209585189819336,5.33785605430603,1.516447976231575,0.2646719962358475,0.8751999959349632,2.6815360859036446,3.677184581756592
260831,d,110,14.525471687316895,10.853631973266602,0.7561279982328415,10.010015964508057,0.08748801052570343,5.210751950740814,1.5351039618253708,0.23280000314116478,0.8375360146164894,2.6053119711577892,3.671839714050293
260831,d,111,14.368767738342285,10.822207689285278,0.7380479872226715,9.996096134185791,0.0880635678768158,5.215968012809753,1.4919999986886978,0.23308799788355827,0.8515200093388557,2.6393600068986416,3.546560049057007
260831,d,112,14.91318416595459,11.060960292816162,0.7981440126895905,10.163520097732544,0.09929618239402771,5.3594560623168945,1.573663979768753,0.24473599717020988,0.8881279975175858,2.652928087860346,3.8522238731384277
260831,d,113,14.691583633422852,10.940255880355835,0.7918079942464828,10.055519819259644,0.09292806684970856,5.284319996833801,1.5242239981889725,0.24227200075984,0.8507840111851692,2.6670399866998196,3.7513277530670166
260831,d,114,14.484479904174805,10.850368022918701,0.7560000121593475,10.003167867660522,0.09120014309883118,5.225503981113434,1.4993600249290466,0.23472000285983086,0.8550399988889694,2.636383954435587,3.6341118812561035
260831,d,115,14.535679817199707,10.893695831298828,0.7448000013828278,10.059680223464966,0.08921560645103455,5.299488067626953,1.5137919932603836,0.23839999735355377,0.8480960056185722,2.6992000713944435,3.641983985900879
260831,d,116,14.474143981933594,10.815391778945923,0.7368319928646088,9.991104125976562,0.08745566010475159,5.235903978347778,1.4998080134391785,0.2353919968008995,0.8250240013003349,2.6756799668073654,3.658752202987671
260831,d,117,14.989119529724121,11.248768091201782,0.7727679908275604,10.378175973892212,0.09782412648200989,5.537279903888702,1.65379199385643,0.24675199761986732,0.904896005988121,2.731839906424284,3.740351438522339
260831,d,118,14.682111740112305,10.925280332565308,0.784511998295784,10.051615953445435,0.08915238082408905,5.250688016414642,1.5166400074958801,0.2412160001695156,0.8587520122528076,2.634079996496439,3.756831407546997
260831,d,119,14.464608192443848,10.858495950698853,0.7335679829120636,10.007359981536865,0.1175679862499237,5.2391040325164795,1.5079359859228134,0.2412160001695156,0.8532480224967003,2.63670402392745,3.606112241744995
260831,d,120,14.446975708007812,10.853919982910156,0.7340800017118454,10.030751943588257,0.08908803761005402,5.2397119998931885,1.509503960609436,0.24147199839353561,0.8448320180177689,2.643904022872448,3.5930557250976562
260831,d,121,14.727328300476074,10.91161584854126,0.7272639870643616,10.096415996551514,0.08793586492538452,5.3394240736961365,1.5288639962673187,0.2415359988808632,0.8934719935059547,2.675552085042,3.8157124519348145
260831,d,122,14.767104148864746,11.06988787651062,0.7619839757680893,10.212127923965454,0.09577597677707672,5.41129606962204,1.621311992406845,0.2527040019631386,0.8805120065808296,2.6567680686712265,3.697216272354126
260831,d,123,14.670592308044434,10.942879915237427,0.7365120053291321,10.116127967834473,0.09023994207382202,5.331935882568359,1.5304000079631805,0.24156799912452698,0.8772160187363625,2.6827518567442894,3.727712392807007
260831,d,124,14.516096115112305,10.850111961364746,0.7772159725427628,9.984192132949829,0.08870385587215424,5.232544004917145,1.5532159805297852,0.23961599543690681,0.825920008122921,2.613792020827532,3.6659841537475586
260831,d,125,14.353471755981445,10.78601598739624,0.7366400212049484,9.96073603630066,0.08863992989063263,5.215551972389221,1.509536013007164,0.2359360009431839,0.8255680054426193,2.644511952996254,3.567455768585205
260831,d,126,14.816032409667969,11.017215728759766,0.7423999905586243,10.181152105331421,0.09366363286972046,5.334528028964996,1.582464024424553,0.24092799797654152,0.8855680078268051,2.625567998737097,3.798816680908203
260831,d,127,14.562463760375977,10.879999876022339,0.7509120106697083,10.039872169494629,0.08921569585800171,5.268768072128296,1.5356480181217194,0.24160000309348106,0.8493439927697182,2.6421760581433773,3.6824638843536377
260831,d,128,14.507007598876953,10.895424127578735,0.7670079916715622,10.02953577041626,0.09888036549091339,5.286751985549927,1.5354560315608978,0.26239999756217003,0.8414400145411491,2.6474559418857098,3.6115834712982178
260831,d,129,14.543968200683594,10.914560317993164,0.7326400130987167,10.09334397315979,0.08857633173465729,5.272831976413727,1.5251199901103973,0.2301120012998581,0.8432640135288239,2.6743359714746475,3.6294078826904297
260831,d,130,14.353471755981445,10.72809624671936,0.734592005610466,9.905407905578613,0.08809633553028107,5.169023931026459,1.4805759936571121,0.2354239970445633,0.8241280019283295,2.628895938396454,3.625375509262085
260831,d,131,15.015968322753906,11.249728202819824,0.7790399938821793,10.37606406211853,0.09462414681911469,5.568000137805939,1.5739520192146301,0.25193599611520767,0.9217280000448227,2.8203841224312782,3.766240119934082
260831,d,132,14.664928436279297,10.92739200592041,0.7404160052537918,10.09116816520691,0.09580783545970917,5.326911985874176,1.4923519790172577,0.24793599918484688,0.8527040034532547,2.7339200042188168,3.7375364303588867
260831,d,133,14.441472053527832,10.849471807479858,0.7370560020208359,10.021759986877441,0.09065581858158112,5.259296000003815,1.5016000121831894,0.2619200013577938,0.8474880084395409,2.6482879780232906,3.5920002460479736
260831,d,134,14.430272102355957,10.82806396484375,0.738304004073143,9.998335838317871,0.0914241224527359,5.248415946960449,1.556736022233963,0.2447039969265461,0.8320000097155571,2.614975918084383,3.602208137512207
260831,d,135,14.540608406066895,10.790656089782715,0.7465599924325943,9.955584049224854,0.08851204812526703,5.209824025630951,1.5125439763069153,0.23020799830555916,0.8327360153198242,2.6343360356986523,3.7499523162841797
260831,d,136,14.8602876663208,11.145471811294556,0.7611199766397476,10.28880000114441,0.09555183351039886,5.47267210483551,1.5979520082473755,0.24582399800419807,0.9121280089020729,2.716768089681864,3.714815855026245
260831,d,137,14.574591636657715,10.930912256240845,0.7480639815330505,10.092447757720947,0.09040051698684692,5.289535939693451,1.530591994524002,0.24355199560523033,0.8478080108761787,2.66758393868804,3.64367938041687
260831,d,138,14.40937614440918,10.801663875579834,0.736287996172905,9.975615978240967,0.08975990116596222,5.232127904891968,1.4951040148735046,0.2401599995791912,0.8360960111021996,2.6607678793370724,3.6077122688293457
260831,d,139,14.409919738769531,10.892320156097412,0.7390719950199127,10.060224294662476,0.0930238664150238,5.298720002174377,1.5025920122861862,0.23641600087285042,0.8460160195827484,2.7136959694325924,3.517599582672119
260831,d,140,14.645312309265137,10.880352020263672,0.7448959946632385,10.045503854751587,0.08995217084884644,5.283392012119293,1.545567974448204,0.23715199902653694,0.8606400117278099,2.6400320269167423,3.764960289001465
260831,d,141,14.596063613891602,10.928064107894897,0.7526399940252304,10.081696033477783,0.09372808039188385,5.315872013568878,1.5213759988546371,0.24902400001883507,0.8874240145087242,2.6580480001866817,3.667999505996704
260831,d,142,14.538751602172852,10.919935941696167,0.7500799894332886,10.081215858459473,0.08864009380340576,5.284895956516266,1.5004159957170486,0.23475199937820435,0.8769920170307159,2.672735944390297,3.6188156604766846
260831,d,143,14.461664199829102,10.755871772766113,0.7239039987325668,9.938624143600464,0.09334363043308258,5.196352064609528,1.4802239835262299,0.2327679991722107,0.8177599981427193,2.6656000837683678,3.7057924270629883
260831,d,144,14.294976234436035,10.736703872680664,0.7645440101623535,9.883647680282593,0.08851218223571777,5.134368002414703,1.485631987452507,0.2260800004005432,0.8211520090699196,2.6015040054917336,3.558272361755371
260831,d,145,14.836735725402832,11.004063844680786,0.7608319818973541,10.148672103881836,0.09455975890159607,5.344224035739899,1.5299520194530487,0.2682880014181137,0.8942400142550468,2.6517440006136894,3.832671880722046
260831,d,146,14.606592178344727,10.873088121414185,0.7507840245962143,10.028127670288086,0.09417642652988434,5.2735360860824585,1.5278080105781555,0.2385599948465824,0.8601920008659363,2.6469760797917843,3.733504056930542
260831,d,147,14.53763198852539,10.90831995010376,0.7506240010261536,10.068896055221558,0.08879989385604858,5.305343925952911,1.55840003490448,0.24143999442458153,0.8548800125718117,2.650623884052038,3.629312038421631
260831,d,148,14.577024459838867,10.937376022338867,0.7710079997777939,10.077023983001709,0.08934403955936432,5.288064062595367,1.5709120035171509,0.2356799952685833,0.8373760133981705,2.644096050411463,3.6396484375
260831,d,149,14.574591636657715,10.831103801727295,0.7596799731254578,9.982688188552856,0.08873564004898071,5.217887997627258,1.534751996397972,0.23097600042819977,0.8147200047969818,2.6374399960041046,3.74348783493042
260831,d,150,15.005696296691895,11.24726390838623,0.7697920054197311,10.377504110336304,0.09996779263019562,5.539200007915497,1.6506879925727844,0.25228800252079964,0.9178879857063293,2.7183360271155834,3.758432388305664
260831,d,151,14.750752449035645,11.005599975585938,0.786687970161438,10.12614369392395,0.09276831150054932,5.3377920389175415,1.5455360114574432,0.24768000096082687,0.8697600215673447,2.6748160049319267,3.745152473449707
260831,d,152,14.546943664550781,10.887903928756714,0.7529280185699463,10.045407772064209,0.0895681381225586,5.278688013553619,1.5630720108747482,0.24726399779319763,0.8608960062265396,2.607455998659134,3.6590397357940674
260831,d,153,14.58892822265625,10.966623783111572,0.7474879920482635,10.129536151885986,0.08959963917732239,5.353920042514801,1.5312959849834442,0.2401919960975647,0.9003840014338493,2.682048059999943,3.6223044395446777
260831,d,154,14.841631889343262,10.99459171295166,0.7383680194616318,10.167327880859375,0.08889581263065338,5.382975935935974,1.5443520098924637,0.23446400091052055,0.8565120100975037,2.747647915035486,3.8470401763916016
260831,d,155,14.819328308105469,11.110559940338135,0.7648319900035858,10.248191833496094,0.0975361168384552,5.440991997718811,1.5763200372457504,0.2531839981675148,0.9022400006651878,2.709247961640358,3.708768367767334
260831,d,156,14.685248374938965,10.960896015167236,0.7539840191602707,10.11414384841919,0.09276814758777618,5.326688051223755,1.5234239548444748,0.2399039939045906,0.8922880217432976,2.671072080731392,3.7243523597717285
260831,d,157,14.57868766784668,10.898624181747437,0.739327996969223,10.068639993667603,0.09065619111061096,5.335487961769104,1.531424030661583,0.2650560028851032,0.8606720045208931,2.6783359237015247,3.680063486099243
260831,d,158,14.332832336425781,10.765312194824219,0.7298559993505478,9.947968006134033,0.08748818933963776,5.198144018650055,1.5137600004673004,0.23052800446748734,0.8394240066409111,2.614432007074356,3.5675201416015625
260831,d,159,14.828543663024902,11.047935962677002,0.758911982178688,10.188031911849976,0.10099206864833832,5.388863980770111,1.5714559853076935,0.2439359948039055,0.8696320131421089,2.703839987516403,3.7806077003479004
260831,d,160,14.65011215209961,10.948800086975098,0.7802560031414032,10.076800107955933,0.09174397587776184,5.287616014480591,1.5728639513254166,0.24678399413824081,0.8591360002756119,2.6088320687413216,3.7013120651245117
260831,d,161,14.5415678024292,10.911999940872192,0.7456320077180862,10.076576232910156,0.08979170024394989,5.270016014575958,1.5066560208797455,0.24399999901652336,0.8547199964523315,2.664639998227358,3.629567861557007
260831,d,162,14.484479904174805,10.822272062301636,0.7620799839496613,9.972864151000977,0.08732792735099792,5.159264028072357,1.471104010939598,0.23385599628090858,0.8406720086932182,2.6136320121586323,3.662207841873169
260831,d,163,14.437439918518066,10.778208255767822,0.7279359847307205,9.963935852050781,0.0863364189863205,5.19705593585968,1.5269120037555695,0.2327359989285469,0.8226880133152008,2.614719919860363,3.659231662750244
260831,d,164,15.044608116149902,11.281184196472168,0.7701759934425354,10.414079904556274,0.09692829847335815,5.5659520626068115,1.6579839885234833,0.25443199649453163,0.9185280054807663,2.7350080721080303,3.7634239196777344
260831,d,165,14.625696182250977,10.888928174972534,0.747840017080307,10.049855709075928,0.09123244881629944,5.258784055709839,1.4919680058956146,0.23891199752688408,0.8438720032572746,2.6840320490300655,3.7367680072784424
260831,d,166,14.454784393310547,10.863327980041504,0.7431680113077164,10.027071952819824,0.09308801591396332,5.235679984092712,1.5193600207567215,0.23654399439692497,0.8584320098161697,2.621343959122896,3.591456413269043
260831,d,167,14.49062442779541,10.861919641494751,0.7444159984588623,10.029247999191284,0.08825564384460449,5.273599982261658,1.5554240196943283,0.23363199830055237,0.8633280098438263,2.6212159544229507,3.628704786300659
260831,d,168,14.59712028503418,10.786240100860596,0.7649279981851578,9.9344322681427,0.08687983453273773,5.155455946922302,1.472320020198822,0.24156799912452698,0.8443199992179871,2.597247928380966,3.810880184173584
260831,d,169,14.98748779296875,11.240608215332031,0.8018239736557007,10.341535806655884,0.09724843502044678,5.535136103630066,1.6078400015830994,0.26287999749183655,0.9127680137753487,2.7516480907797813,3.7468795776367188
260831,d,170,14.616576194763184,10.934303760528564,0.7702080011367798,10.071744203567505,0.09235155582427979,5.2787200808525085,1.5165439993143082,0.24111999571323395,0.8624640107154846,2.658592075109482,3.682272434234619
260831,d,171,14.616288185119629,10.934272050857544,0.7354560047388077,10.109087944030762,0.08972810208797455,5.3175360560417175,1.5282559841871262,0.2343359999358654,0.8350400030612946,2.7199040688574314,3.682016134262085
260831,d,172,14.459839820861816,10.89900803565979,0.7732160240411758,10.034143924713135,0.09164808690547943,5.277120113372803,1.528703972697258,0.23846400156617165,0.8442240059375763,2.665728133171797,3.5608317852020264
260831,d,173,14.487520217895508,10.91587209701538,0.7435839921236038,10.067840099334717,0.10444800555706024,5.310175955295563,1.5058239996433258,0.2313919998705387,0.9234880059957504,2.649471949785948,3.571648120880127
260831,d,174,14.493696212768555,10.898272037506104,0.7248960137367249,10.085088014602661,0.08828800916671753,5.310655951499939,1.5281600058078766,0.23120000213384628,0.8240960016846657,2.7271999418735504,3.595424175262451
260831,d,175,14.254079818725586,10.772480010986328,0.7179840207099915,9.968672037124634,0.08582395315170288,5.227007985115051,1.4738560020923615,0.2287680022418499,0.8618880063295364,2.6624959744513035,3.481599807739258
260831,d,176,14.098431587219238,10.633023977279663,0.7070400267839432,9.840831756591797,0.08515219390392303,5.127264082431793,1.5356799960136414,0.22601599991321564,0.7887360006570816,2.5768320858478546,3.465407609939575
260831,d,177,14.310400009155273,10.80086374282837,0.7324160039424896,9.981343746185303,0.08710399270057678,5.221855998039246,1.5004799962043762,0.23919999599456787,0.7928640022873878,2.6893120035529137,3.5095362663269043
260831,d,178,14.147392272949219,10.752864122390747,0.7308479845523834,9.91427230834961,0.10774382948875427,5.190016031265259,1.4623359888792038,0.25113600119948387,0.8129280023276806,2.6636160388588905,3.3945281505584717
260831,d,179,14.006143569946289,10.632960081100464,0.7076479941606522,9.840127944946289,0.08518414199352264,5.136672019958496,1.509312003850937,0.22787200286984444,0.7838719971477985,2.6156160160899162,3.373183488845825
260831,d,180,13.911392211914062,10.537983894348145,0.6959680020809174,9.757920026779175,0.08409586548805237,5.04476797580719,1.4663360118865967,0.22176000475883484,0.7824320010840893,2.574239958077669,3.373408317565918
260831,d,181,13.955007553100586,10.574944019317627,0.6919039934873581,9.801279783248901,0.08176024258136749,5.096096038818359,1.4843840152025223,0.22377600148320198,0.7719679996371269,2.615968022495508,3.380063533782959
260831,d,182,13.908991813659668,10.56444787979126,0.7103679925203323,9.771775960922241,0.08230392634868622,5.070079982280731,1.464704006910324,0.22329600155353546,0.7715520076453686,2.610527966171503,3.344543933868408
260831,d,183,13.835424423217773,10.508320093154907,0.7045120000839233,9.721951961517334,0.0818561315536499,5.021344006061554,1.4532160013914108,0.22675199806690216,0.775359995663166,2.566016010940075,3.327104330062866
260831,d,184,13.941023826599121,10.576671838760376,0.6917119920253754,9.800863981246948,0.08409586548805237,5.091264009475708,1.4610559940338135,0.22576000168919563,0.779584001749754,2.624864012002945,3.364351987838745
260831,d,185,13.906880378723145,10.545184135437012,0.6848639994859695,9.77452802658081,0.08579210937023163,5.037440001964569,1.4446400105953217,0.2208000011742115,0.7662400044500828,2.605759985744953,3.361696243286133
260831,d,186,13.892607688903809,10.532864093780518,0.6749760210514069,9.77020788192749,0.08768019080162048,5.064351916313171,1.4694079607725143,0.22867200151085854,0.7760320007801056,2.590239953249693,3.359743595123291
260831,d,187,13.98681640625,10.619903802871704,0.7128320038318634,9.823487758636475,0.08358404040336609,5.0980159640312195,1.4778560101985931,0.22176000475883484,0.7780800051987171,2.6203199438750744,3.366912603378296
260831,d,188,13.965184211730957,10.59008002281189,0.6872000098228455,9.818239688873291,0.08464032411575317,5.100287973880768,1.4716159850358963,0.2274559997022152,0.7755199931561947,2.6256959959864616,3.3751041889190674
260831,d,189,13.950976371765137,10.587424039840698,0.6827519834041595,9.820063829421997,0.08460822701454163,5.1117119789123535,1.5198399871587753,0.2247680015861988,0.7703360058367252,2.596767984330654,3.3635523319244385
260831,d,190,13.957504272460938,10.605184078216553,0.6822719871997833,9.838848114013672,0.08406397700309753,5.108576059341431,1.4691839963197708,0.22259199991822243,0.7694399952888489,2.6473600678145885,3.3523201942443848
260831,d,191,13.874591827392578,10.522400140762329,0.6841279864311218,9.749759912490845,0.08851224184036255,5.043904066085815,1.435008019208908,0.22780800610780716,0.7697279937565327,2.6113600470125675,3.352191686630249
260831,d,192,13.894399642944336,10.574592113494873,0.6780800074338913,9.809983730316162,0.08652837574481964,5.100928008556366,1.5299519896507263,0.2210560031235218,0.7678079977631569,2.582112018018961,3.319807529449463
260831,d,193,13.878560066223145,10.571968078613281,0.6816000044345856,9.805631875991821,0.08473619818687439,5.0883519649505615,1.4850240051746368,0.22544000297784805,0.7767359912395477,2.601151965558529,3.3065919876098633
260831,d,194,13.888480186462402,10.568895816802979,0.6802240163087845,9.800671815872192,0.08799998462200165,5.095071971416473,1.5001920014619827,0.22614400833845139,0.7768960036337376,2.5918399579823017,3.319584369659424
260831,d,195,13.923328399658203,10.569792032241821,0.6756799966096878,9.805951833724976,0.0881602019071579,5.054687917232513,1.4760319888591766,0.22547200322151184,0.7722559943795204,2.5809279307723045,3.353536367416382
260831,d,196,13.78816032409668,10.487776041030884,0.6740479916334152,9.730112075805664,0.0836159735918045,5.036480009555817,1.4549760073423386,0.22643200680613518,0.7669760026037693,2.5880959928035736,3.300384283065796
260831,d,197,13.86729621887207,10.505216121673584,0.6776639819145203,9.745471954345703,0.0820801854133606,5.03846400976181,1.45516799390316,0.22272000089287758,0.765696007758379,2.5948800072073936,3.3620800971984863
260831,d,198,13.855744361877441,10.508064031600952,0.6770239919424057,9.745567798614502,0.0854722410440445,5.051840007305145,1.47680002450943,0.2240000031888485,0.7722239978611469,2.57881598174572,3.3476803302764893
260831,d,199,13.928319931030273,10.542847871780396,0.7193599939346313,9.739264011383057,0.08422386646270752,5.045215964317322,1.444000020623207,0.22470400109887123,0.7957120016217232,2.5807999409735203,3.385472059249878
